Word,Frequency,Rank
the,3326,1
to,2782,2
and,2782,3
of,2568,4
a,1591,5
in,1382,6
was,1336,7
her,1202,8
had,1186,9
she,1143,10
i,1117,11
it,1036,12
he,961,13
be,950,14
not,934,15
that,875,16
as,808,17
for,706,18
but,662,19
his,659,20
with,653,21
you,627,22
have,589,23
at,533,24
all,528,25
been,496,26
him,467,27
could,451,28
anne,445,29
very,433,30
they,432,31
were,425,32
by,416,33
which,415,34
is,398,35
on,396,36
so,358,37
no,356,38
would,355,39
captain,303,40
from,295,41
their,293,42
mrs,291,43
there,286,44
or,274,45
more,273,46
them,270,47
mr,255,48
elliot,254,49
this,250,50
an,245,51
than,243,52
one,230,53
when,228,54
must,228,55
my,222,56
being,220,57
only,218,58
lady,214,59
such,211,60
do,210,61
much,205,62
if,201,63
any,199,64
what,195,65
wentworth,191,66
who,190,67
should,188,68
me,188,69
little,176,70
said,173,71
good,169,72
might,166,73
own,163,74
did,162,75
herself,158,76
will,158,77
now,158,78
we,154,79
never,154,80
charles,153,81
time,151,82
sir,149,83
think,149,84
are,146,85
well,145,86
other,139,87
nothing,138,88
some,136,89
again,132,90
great,129,91
know,127,92
too,127,93
miss,125,94
am,125,95
how,125,96
your,124,97
walter,123,98
man,123,99
most,123,100
see,123,101
soon,122,102
mary,121,103
russell,118,104
though,117,105
before,116,106
quite,112,107
first,111,108
musgrove,111,109
two,110,110
always,110,111
without,108,112
can,107,113
every,101,114
bath,101,115
has,100,116
louisa,99,117
into,98,118
about,97,119
after,96,120
made,96,121
out,95,122
long,94,123
father,94,124
himself,94,125
seemed,93,126
say,93,127
having,92,128
thought,90,129
house,89,130
however,89,131
make,88,132
last,88,133
up,88,134
better,87,135
go,87,136
may,87,137
many,85,138
young,84,139
place,84,140
same,83,141
found,83,142
elizabeth,81,143
home,81,144
like,80,145
over,80,146
felt,80,147
away,78,148
ever,78,149
way,78,150
give,78,151
friend,77,152
family,77,153
uppercross,77,154
come,75,155
feelings,75,156
done,74,157
sure,73,158
still,73,159
kellynch,73,160
those,72,161
sister,72,162
upon,72,163
its,72,164
enough,71,165
even,71,166
then,70,167
while,69,168
off,69,169
back,68,170
came,68,171
lyme,67,172
room,67,173
just,66,174
day,66,175
henrietta,66,176
benwick,66,177
another,65,178
heard,65,179
going,65,180
present,64,181
happy,64,182
something,64,183
our,64,184
mind,64,185
indeed,63,186
here,63,187
harville,63,188
few,62,189
down,61,190
party,61,191
knew,61,192
admiral,61,193
smith,61,194
acquaintance,61,195
half,60,196
moment,60,197
almost,60,198
rather,60,199
morning,59,200
woman,59,201
seen,58,202
wish,58,203
years,58,204
yet,58,205
shall,57,206
clay,57,207
once,56,208
look,56,209
dear,56,210
perhaps,56,211
between,55,212
poor,55,213
oh,54,214
together,54,215
others,54,216
evening,54,217
hope,53,218
ought,52,219
till,52,220
these,52,221
gone,51,222
where,51,223
saw,51,224
anne's,50,225
life,49,226
anything,49,227
take,49,228
character,49,229
certainly,48,230
known,48,231
left,48,232
believe,48,233
us,48,234
side,47,235
yes,47,236
cried,47,237
old,46,238
short,46,239
near,45,240
deal,45,241
croft,45,242
since,45,243
possible,45,244
leave,44,245
feel,44,246
under,43,247
perfectly,43,248
manner,43,249
interest,43,250
each,43,251
everything,43,252
really,43,253
looked,42,254
least,42,255
does,42,256
next,42,257
course,42,258
right,42,259
whole,42,260
best,42,261
cannot,42,262
part,42,263
musgroves,41,264
heart,41,265
sort,41,266
name,41,267
thing,41,268
spirits,41,269
love,41,270
idea,40,271
passed,40,272
wife,40,273
both,40,274
hardly,40,275
among,39,276
nor,39,277
hear,39,278
people,38,279
agreeable,38,280
pleasure,38,281
three,38,282
visit,37,283
account,37,284
hayter,37,285
themselves,37,286
company,37,287
seeing,37,288
get,36,289
feeling,36,290
either,36,291
whom,35,292
walk,35,293
elliot's,35,294
afterwards,35,295
head,35,296
received,34,297
through,34,298
general,34,299
world,34,300
children,34,301
change,34,302
country,34,303
given,33,304
glad,33,305
coming,33,306
consequence,33,307
letter,33,308
brought,33,309
tell,33,310
eyes,33,311
wanted,33,312
determined,33,313
manners,33,314
began,33,315
mother,32,316
happiness,32,317
object,32,318
talked,32,319
end,32,320
word,32,321
whether,32,322
towards,32,323
spoke,31,324
myself,31,325
state,31,326
men,31,327
set,31,328
far,31,329
want,31,330
answer,31,331
put,31,332
replied,31,333
obliged,30,334
looking,30,335
less,30,336
russell's,30,337
conversation,30,338
friends,30,339
able,30,340
wallis,30,341
fine,30,342
full,30,343
often,30,344
went,30,345
husband,30,346
hour,30,347
called,30,348
immediately,29,349
person,29,350
gave,29,351
understand,29,352
talk,29,353
fortune,29,354
camden,29,355
point,29,356
hours,29,357
strong,29,358
pretty,28,359
wished,28,360
therefore,28,361
bad,28,362
return,28,363
hall,28,364
doing,28,365
walked,28,366
thinking,28,367
use,28,368
brother,28,369
former,28,370
situation,27,371
wentworth's,27,372
subject,27,373
attention,27,374
else,27,375
shepherd,27,376
year,27,377
gentleman,27,378
sensible,27,379
against,27,380
returned,27,381
acquainted,27,382
met,27,383
let,27,384
marriage,27,385
because,26,386
street,26,387
asked,26,388
marry,26,389
different,26,390
beginning,26,391
early,26,392
dalrymple,26,393
speak,26,394
considered,26,395
longer,26,396
told,26,397
ladies,26,398
minutes,26,399
taken,26,400
cousin,26,401
doubt,26,402
carriage,25,403
forward,25,404
new,25,405
case,25,406
stay,25,407
neither,25,408
assure,25,409
week,25,410
nature,25,411
business,25,412
regard,25,413
attachment,25,414
circumstances,25,415
days,24,416
worse,24,417
degree,24,418
things,24,419
opinion,24,420
saying,24,421
taste,24,422
married,24,423
true,24,424
meet,24,425
past,24,426
worth,24,427
appearance,24,428
eye,24,429
suppose,24,430
engagement,24,431
chapter,24,432
crofts,24,433
likely,24,434
added,24,435
making,23,436
find,23,437
words,23,438
night,23,439
father's,23,440
satisfied,23,441
colonel,23,442
taking,23,443
child,23,444
high,23,445
hand,23,446
talking,23,447
beyond,23,448
sight,23,449
mean,23,450
surprise,23,451
decided,22,452
face,22,453
knowledge,22,454
advantage,22,455
living,22,456
frederick,22,457
equal,22,458
settled,22,459
real,22,460
question,22,461
women,22,462
within,22,463
excellent,22,464
cottage,22,465
usual,22,466
bear,21,467
reason,21,468
ill,21,469
care,21,470
door,21,471
ready,21,472
meeting,21,473
got,21,474
alone,21,475
whose,21,476
walking,21,477
believed,21,478
comfort,21,479
means,21,480
speaking,21,481
turned,21,482
particularly,21,483
matter,21,484
help,21,485
natural,21,486
pain,20,487
spoken,20,488
health,20,489
concert,20,490
match,20,491
call,20,492
rest,20,493
kind,20,494
pleased,20,495
need,20,496
sorry,20,497
hands,20,498
influence,20,499
understanding,20,500
none,20,501
why,20,502
understood,20,503
already,20,504
appeared,20,505
conduct,19,506
wonder,19,507
used,19,508
nobody,19,509
giving,19,510
handsome,19,511
style,19,512
musgrove's,19,513
open,19,514
large,19,515
voice,19,516
supposed,19,517
air,19,518
value,19,519
took,19,520
delighted,19,521
engaged,19,522
lived,19,523
notice,19,524
cousins,19,525
sometimes,19,526
anybody,19,527
probably,18,528
small,18,529
sea,18,530
tone,18,531
also,18,532
walter's,18,533
circumstance,18,534
suffering,18,535
generally,18,536
expected,18,537
terms,18,538
finding,18,539
hoped,18,540
lost,18,541
serious,18,542
daughter,18,543
imagine,18,544
harvilles,18,545
everybody,17,546
respect,17,547
completely,17,548
proper,17,549
view,17,550
observed,17,551
entirely,17,552
kept,17,553
waiting,17,554
second,17,555
months,17,556
turn,17,557
anxious,17,558
warm,17,559
disposed,17,560
favour,17,561
mary's,17,562
to-morrow,17,563
sisters,17,564
sense,17,565
curiosity,17,566
dinner,17,567
reached,16,568
pride,16,569
description,16,570
loved,16,571
meant,16,572
perfect,16,573
listened,16,574
hearing,16,575
times,16,576
window,16,577
particular,16,578
vain,16,579
son,16,580
farther,16,581
history,16,582
caught,16,583
ago,16,584
seem,16,585
late,16,586
money,16,587
extremely,16,588
drew,16,589
nurse,16,590
staying,15,591
highly,15,592
low,15,593
meaning,15,594
distress,15,595
impossible,15,596
period,15,597
table,15,598
proof,15,599
answered,15,600
knowing,15,601
remain,15,602
round,15,603
exactly,15,604
agreed,15,605
smallest,15,606
common,15,607
quiet,15,608
aware,15,609
fellow,15,610
claims,15,611
nearly,15,612
trying,15,613
attending,15,614
seat,15,615
liked,15,616
followed,15,617
instead,15,618
fact,15,619
buildings,15,620
town,15,621
remember,15,622
behind,15,623
kindness,15,624
allowed,15,625
countenance,15,626
continued,15,627
profession,15,628
afraid,15,629
four,15,630
persuaded,14,631
friendship,14,632
london,14,633
yesterday,14,634
ashamed,14,635
sit,14,636
consciousness,14,637
girls,14,638
introduced,14,639
looks,14,640
live,14,641
getting,14,642
trouble,14,643
struck,14,644
evil,14,645
difference,14,646
youth,14,647
sent,14,648
property,14,649
agitation,14,650
yourself,14,651
necessary,14,652
honour,14,653
truth,14,654
comfortable,14,655
instantly,14,656
glance,14,657
justice,14,658
turning,14,659
sat,14,660
besides,14,661
fully,14,662
cobb,14,663
future,14,664
keep,14,665
neighbourhood,14,666
clear,13,667
smile,13,668
especially,13,669
tried,13,670
pleasant,13,671
extraordinary,13,672
appear,13,673
strength,13,674
society,13,675
navy,13,676
share,13,677
mentioned,13,678
pity,13,679
severe,13,680
bring,13,681
power,13,682
invitation,13,683
regret,13,684
improved,13,685
due,13,686
duty,13,687
moments,13,688
dare,13,689
became,13,690
hint,13,691
itself,13,692
greater,13,693
forget,13,694
easy,13,695
dine,13,696
read,13,697
listen,13,698
yours,13,699
rooms,13,700
calling,13,701
personal,13,702
become,13,703
opportunity,13,704
croft's,13,705
inn,13,706
play,13,707
sake,13,708
breakfast,13,709
fair,13,710
tenant,13,711
danger,13,712
altogether,13,713
fixed,13,714
along,13,715
interesting,13,716
enjoyment,13,717
cold,12,718
smiling,12,719
occasion,12,720
wait,12,721
eldest,12,722
placed,12,723
remained,12,724
recollect,12,725
stood,12,726
directly,12,727
board,12,728
putting,12,729
promised,12,730
pass,12,731
six,12,732
plan,12,733
letters,12,734
around,12,735
surprised,12,736
desirable,12,737
ten,12,738
admitted,12,739
begun,12,740
miles,12,741
difficulties,12,742
mention,12,743
thank,12,744
occupied,12,745
spirit,12,746
exceedingly,12,747
harville's,12,748
temper,12,749
altered,12,750
wishing,12,751
heir,12,752
certain,12,753
growing,12,754
louisa's,12,755
consider,12,756
leaving,12,757
occurred,11,758
moment's,11,759
lodgings,11,760
winthrop,11,761
effect,11,762
observe,11,763
seems,11,764
mere,11,765
opinions,11,766
boy,11,767
death,11,768
instant,11,769
anxiety,11,770
rank,11,771
carteret,11,772
gentlemen,11,773
differently,11,774
written,11,775
fond,11,776
intercourse,11,777
hers,11,778
eager,11,779
chance,11,780
domestic,11,781
sitting,11,782
truly,11,783
rich,11,784
required,11,785
warmth,11,786
spend,11,787
shut,11,788
resolution,11,789
returning,11,790
bringing,11,791
scarcely,11,792
charles's,11,793
inclination,11,794
wishes,11,795
dignity,11,796
spring,11,797
nice,11,798
useful,11,799
hints,11,800
considering,11,801
happened,11,802
sick,11,803
age,11,804
depend,11,805
sound,11,806
direction,11,807
confidence,11,808
silence,11,809
silent,11,810
spite,11,811
elegant,11,812
declare,11,813
ma'am,11,814
satisfaction,11,815
girl,10,816
ended,10,817
fit,10,818
excepting,10,819
mine,10,820
superiority,10,821
wanting,10,822
invited,10,823
fancied,10,824
winter,10,825
peace,10,826
eight,10,827
horses,10,828
produced,10,829
suffer,10,830
joined,10,831
creature,10,832
gratitude,10,833
connexion,10,834
continually,10,835
reply,10,836
importance,10,837
service,10,838
promise,10,839
sooner,10,840
affected,10,841
begin,10,842
ask,10,843
merely,10,844
several,10,845
weeks,10,846
servant,10,847
ideas,10,848
evident,10,849
smiled,10,850
astonishment,10,851
admiration,10,852
autumn,10,853
baronet,10,854
join,10,855
sister's,10,856
birth,10,857
opened,10,858
summer,10,859
forced,10,860
properly,10,861
painful,10,862
rights,10,863
pleasing,10,864
charm,10,865
beauty,10,866
wrong,10,867
order,10,868
report,10,869
happen,10,870
lately,10,871
constant,10,872
credit,10,873
daughters,10,874
expect,10,875
confess,10,876
reach,10,877
misery,10,878
nay,10,879
suspense,10,880
school,10,881
books,10,882
tenderness,10,883
vanity,10,884
indifference,10,885
avoid,10,886
dr,10,887
sentiments,10,888
evidently,10,889
indulgence,10,890
dress,9,891
recommend,9,892
complete,9,893
blessing,9,894
venture,9,895
capable,9,896
fell,9,897
fall,9,898
attentions,9,899
tired,9,900
safe,9,901
praise,9,902
hopes,9,903
allow,9,904
pause,9,905
recollection,9,906
intimate,9,907
contrary,9,908
stopped,9,909
highest,9,910
persons,9,911
suffered,9,912
intimacy,9,913
companion,9,914
amusement,9,915
absence,9,916
comprehend,9,917
news,9,918
card,9,919
anywhere,9,920
claim,9,921
divided,9,922
solicitude,9,923
convinced,9,924
drawing-room,9,925
try,9,926
sounds,9,927
equally,9,928
listening,9,929
cheerful,9,930
thus,9,931
village,9,932
hill,9,933
interval,9,934
follow,9,935
suit,9,936
soul,9,937
indifferent,9,938
weather,9,939
warmly,9,940
arrived,9,941
proved,9,942
escape,9,943
except,9,944
possibility,9,945
removal,9,946
attend,9,947
clay's,9,948
desire,9,949
humour,9,950
thoughts,9,951
mother's,9,952
dreadful,9,953
widow,9,954
november,9,955
sensations,9,956
superior,9,957
ah,9,958
enquiries,9,959
quit,9,960
motive,9,961
affection,9,962
excite,9,963
welcome,9,964
nerves,9,965
closed,9,966
rain,9,967
pray,9,968
necessity,9,969
forgotten,9,970
send,9,971
compliments,9,972
five,9,973
arrival,9,974
god,9,975
admit,9,976
visited,9,977
distance,9,978
move,9,979
inferior,9,980
quietly,9,981
actually,9,982
shirley,9,983
subjects,9,984
imagined,9,985
lord,9,986
otherwise,9,987
dangerous,9,988
mistaken,9,989
features,9,990
afford,9,991
views,9,992
following,9,993
work,9,994
secret,9,995
families,8,996
acknowledge,8,997
deserved,8,998
cheeks,8,999
civility,8,1000
aunt,8,1001
thousand,8,1002
fallen,8,1003
whatever,8,1004
laconia,8,1005
receive,8,1006
book,8,1007
reading,8,1008
proud,8,1009
theirs,8,1010
exertion,8,1011
hold,8,1012
distinguished,8,1013
dark,8,1014
judgement,8,1015
scheme,8,1016
furniture,8,1017
ease,8,1018
steps,8,1019
reflection,8,1020
shewn,8,1021
henrietta's,8,1022
exclaimed,8,1023
gratification,8,1024
changed,8,1025
pay,8,1026
spot,8,1027
conviction,8,1028
acknowledged,8,1029
confusion,8,1030
astonished,8,1031
purpose,8,1032
earlier,8,1033
marrying,8,1034
tolerable,8,1035
observing,8,1036
fail,8,1037
setting,8,1038
act,8,1039
roused,8,1040
loss,8,1041
matters,8,1042
emotion,8,1043
consequently,8,1044
number,8,1045
impression,8,1046
affairs,8,1047
deep,8,1048
interrupted,8,1049
quick,8,1050
pardon,8,1051
picture,8,1052
minute,8,1053
circle,8,1054
convey,8,1055
writing,8,1056
enjoy,8,1057
gradually,8,1058
observation,8,1059
increased,8,1060
standing,8,1061
form,8,1062
previously,8,1063
ceased,8,1064
burst,8,1065
names,8,1066
admiral's,8,1067
event,8,1068
habit,8,1069
woman's,8,1070
recovering,8,1071
arm,8,1072
persuade,8,1073
month,8,1074
immediate,8,1075
story,8,1076
notions,8,1077
beg,8,1078
judge,8,1079
shewed,8,1080
entered,8,1081
lives,8,1082
spent,8,1083
arms,8,1084
ay,8,1085
monkford,8,1086
bless,8,1087
public,8,1088
line,8,1089
favourite,8,1090
greatest,8,1091
principle,7,1092
elizabeth's,7,1093
felicity,7,1094
whenever,7,1095
admire,7,1096
principal,7,1097
parties,7,1098
excessively,7,1099
recovered,7,1100
courage,7,1101
note,7,1102
settle,7,1103
excuse,7,1104
mamma,7,1105
habits,7,1106
led,7,1107
secure,7,1108
choice,7,1109
younger,7,1110
amiable,7,1111
fancy,7,1112
decision,7,1113
prevent,7,1114
ill-used,7,1115
close,7,1116
bloom,7,1117
eagerly,7,1118
remaining,7,1119
luck,7,1120
chair,7,1121
difficulty,7,1122
connexions,7,1123
to-day,7,1124
expression,7,1125
rooke,7,1126
suddenly,7,1127
hard,7,1128
comes,7,1129
visits,7,1130
clever,7,1131
neighbours,7,1132
infinitely,7,1133
sofa,7,1134
seriously,7,1135
ourselves,7,1136
moved,7,1137
gentle,7,1138
says,7,1139
agree,7,1140
watch,7,1141
support,7,1142
war,7,1143
light,7,1144
friendly,7,1145
conscious,7,1146
sufficient,7,1147
apparent,7,1148
laura,7,1149
expressed,7,1150
one's,7,1151
parted,7,1152
momentary,7,1153
body,7,1154
died,7,1155
quarter,7,1156
laughing,7,1157
decidedly,7,1158
sailors,7,1159
opposition,7,1160
struggle,7,1161
intention,7,1162
indies,7,1163
glow,7,1164
music,7,1165
illness,7,1166
smiles,7,1167
entering,7,1168
steady,7,1169
seven,7,1170
authority,7,1171
unable,7,1172
horror,7,1173
curate,7,1174
important,7,1175
considerable,7,1176
plain,7,1177
repeated,7,1178
companions,7,1179
man's,7,1180
plymouth,7,1181
speech,7,1182
safely,7,1183
during,7,1184
disposition,7,1185
dancing,7,1186
intended,7,1187
collected,7,1188
westgate,7,1189
held,7,1190
accident,7,1191
proposed,7,1192
delightful,7,1193
boys,7,1194
thrown,7,1195
carried,7,1196
passing,7,1197
honours,7,1198
elegance,7,1199
sigh,7,1200
sought,7,1201
excited,7,1202
knows,7,1203
sudden,7,1204
rational,7,1205
concerned,7,1206
refused,7,1207
catch,7,1208
learnt,7,1209
improvement,7,1210
lose,7,1211
pursuits,6,1212
lines,6,1213
attentive,6,1214
nineteen,6,1215
sending,6,1216
wise,6,1217
kindly,6,1218
save,6,1219
wretched,6,1220
amused,6,1221
agony,6,1222
cure,6,1223
smith's,6,1224
language,6,1225
material,6,1226
worst,6,1227
cordiality,6,1228
above,6,1229
introduction,6,1230
station,6,1231
quitting,6,1232
add,6,1233
fortitude,6,1234
easily,6,1235
risk,6,1236
accordingly,6,1237
quitted,6,1238
feared,6,1239
decent,6,1240
good-will,6,1241
interference,6,1242
west,6,1243
greatly,6,1244
occasionally,6,1245
ship,6,1246
independence,6,1247
papa,6,1248
sophy,6,1249
accept,6,1250
private,6,1251
respects,6,1252
points,6,1253
recommendation,6,1254
accommodations,6,1255
daily,6,1256
streets,6,1257
obliging,6,1258
possession,6,1259
drawn,6,1260
comparison,6,1261
cause,6,1262
supposing,6,1263
sad,6,1264
scenes,6,1265
beautiful,6,1266
paid,6,1267
human,6,1268
sentiment,6,1269
estate,6,1270
mistress,6,1271
command,6,1272
servants,6,1273
pretend,6,1274
dead,6,1275
events,6,1276
recollected,6,1277
suited,6,1278
happily,6,1279
asp,6,1280
guess,6,1281
caution,6,1282
suspect,6,1283
cool,6,1284
various,6,1285
belonged,6,1286
lively,6,1287
freckles,6,1288
education,6,1289
offer,6,1290
that's,6,1291
effects,6,1292
grounds,6,1293
consent,6,1294
precisely,6,1295
north,6,1296
declared,6,1297
forty,6,1298
moreover,6,1299
delay,6,1300
conscience,6,1301
assistance,6,1302
single,6,1303
telling,6,1304
earnest,6,1305
essential,6,1306
hopeless,6,1307
receiving,6,1308
taunton,6,1309
precious,6,1310
youngest,6,1311
twice,6,1312
regular,6,1313
happiest,6,1314
hurried,6,1315
christmas,6,1316
inconvenient,6,1317
distant,6,1318
recover,6,1319
politeness,6,1320
grant,6,1321
rendered,6,1322
houses,6,1323
memory,6,1324
delight,6,1325
elliots,6,1326
communication,6,1327
broken,6,1328
borne,6,1329
naturally,6,1330
deeply,6,1331
convince,6,1332
induced,6,1333
persuasion,6,1334
naval,6,1335
space,6,1336
draw,6,1337
failed,6,1338
cut,6,1339
particulars,6,1340
explanation,6,1341
foot,6,1342
higher,6,1343
england,6,1344
distressed,6,1345
exquisite,6,1346
grace,6,1347
thirteen,6,1348
presented,6,1349
friend's,6,1350
impressions,6,1351
ways,6,1352
totally,6,1353
disappointed,6,1354
readily,6,1355
proceeded,6,1356
intelligence,6,1357
learn,6,1358
thoroughly,6,1359
hurry,6,1360
consideration,6,1361
absurd,6,1362
attended,6,1363
unfeeling,6,1364
remembrance,6,1365
folly,6,1366
latter,6,1367
relief,6,1368
enter,6,1369
careless,6,1370
conveyed,6,1371
supply,6,1372
self,6,1373
arrangements,6,1374
recovery,6,1375
mourning,6,1376
opposite,6,1377
corner,6,1378
information,6,1379
rise,6,1380
distinguish,6,1381
thirty,6,1382
probable,6,1383
lucky,6,1384
proceed,6,1385
mutual,6,1386
james,6,1387
apparently,6,1388
write,6,1389
ventured,6,1390
sweet,6,1391
succeeded,6,1392
run,6,1393
cheerfulness,6,1394
impatient,6,1395
wild,6,1396
arranged,6,1397
alarm,6,1398
makes,6,1399
composure,6,1400
trial,5,1401
concern,5,1402
mortification,5,1403
box,5,1404
civil,5,1405
worthy,5,1406
influenced,5,1407
approach,5,1408
applied,5,1409
addition,5,1410
apology,5,1411
gentleness,5,1412
preparing,5,1413
propriety,5,1414
noise,5,1415
spending,5,1416
couple,5,1417
free,5,1418
calm,5,1419
liking,5,1420
scruple,5,1421
well-looking,5,1422
alas,5,1423
presently,5,1424
relationship,5,1425
fool,5,1426
waited,5,1427
chose,5,1428
tuesday,5,1429
slight,5,1430
lodge,5,1431
zeal,5,1432
animation,5,1433
milsom,5,1434
twenty,5,1435
odd,5,1436
concerns,5,1437
fortnight,5,1438
sees,5,1439
sensation,5,1440
complaisance,5,1441
attached,5,1442
officer,5,1443
rid,5,1444
strict,5,1445
poetry,5,1446
lessened,5,1447
reconciliation,5,1448
powers,5,1449
occupation,5,1450
involved,5,1451
reference,5,1452
wife's,5,1453
relation,5,1454
active,5,1455
liberty,5,1456
finally,5,1457
enquiry,5,1458
conclusion,5,1459
spread,5,1460
usefulness,5,1461
hundred,5,1462
rate,5,1463
continuing,5,1464
offered,5,1465
white,5,1466
stronger,5,1467
uttered,5,1468
cleared,5,1469
success,5,1470
attraction,5,1471
relations,5,1472
office,5,1473
alliance,5,1474
shocked,5,1475
accounts,5,1476
thinks,5,1477
bed,5,1478
mile,5,1479
selfishness,5,1480
sailor,5,1481
pounds,5,1482
travelled,5,1483
fifty,5,1484
scene,5,1485
wants,5,1486
respectability,5,1487
places,5,1488
strangers,5,1489
benefit,5,1490
experience,5,1491
attempt,5,1492
certainty,5,1493
lovely,5,1494
happier,5,1495
please,5,1496
carry,5,1497
composed,5,1498
hayters,5,1499
ground,5,1500
prevented,5,1501
willing,5,1502
difficult,5,1503
bow,5,1504
paper,5,1505
careful,5,1506
dick,5,1507
esq,5,1508
connection,5,1509
stand,5,1510
income,5,1511
drove,5,1512
unwell,5,1513
employed,5,1514
included,5,1515
somebody,5,1516
entrance,5,1517
deserted,5,1518
belonging,5,1519
described,5,1520
restored,5,1521
related,5,1522
heads,5,1523
uncertain,5,1524
contempt,5,1525
dared,5,1526
wound,5,1527
result,5,1528
raised,5,1529
neglect,5,1530
heaven,5,1531
hereafter,5,1532
twelve,5,1533
stir,5,1534
born,5,1535
black,5,1536
valued,5,1537
gay,5,1538
compared,5,1539
played,5,1540
injury,5,1541
fate,5,1542
startled,5,1543
assist,5,1544
master,5,1545
grieved,5,1546
objection,5,1547
marlborough,5,1548
cared,5,1549
gallantry,5,1550
assisted,5,1551
respectable,5,1552
honourable,5,1553
intervals,5,1554
earnestly,5,1555
appointment,5,1556
journey,5,1557
assured,5,1558
running,5,1559
morrow,5,1560
increase,5,1561
constancy,5,1562
mistake,5,1563
prosperity,5,1564
maintaining,5,1565
reasonable,5,1566
supplied,5,1567
joy,5,1568
compassion,5,1569
becoming,5,1570
preferred,5,1571
offering,5,1572
curacy,5,1573
express,5,1574
hearts,5,1575
renewed,5,1576
absolutely,5,1577
worldly,5,1578
dined,5,1579
formerly,5,1580
wherever,5,1581
acting,5,1582
suggest,5,1583
drive,5,1584
angry,5,1585
resident,5,1586
jealous,5,1587
peculiar,5,1588
don't,5,1589
later,5,1590
tender,5,1591
tenants,5,1592
gratified,5,1593
advantages,5,1594
leading,5,1595
residence,5,1596
advice,5,1597
abroad,5,1598
footing,5,1599
unjust,5,1600
gentleman's,5,1601
lower,5,1602
submitted,5,1603
belief,5,1604
arrangement,5,1605
valuable,5,1606
jealousy,5,1607
evils,5,1608
inclined,5,1609
bright,5,1610
lessening,5,1611
explain,5,1612
admired,5,1613
surgeon,5,1614
decide,5,1615
attempts,5,1616
strongest,5,1617
somewhere,5,1618
blame,5,1619
chaise,5,1620
occur,5,1621
rejoiced,5,1622
cruel,5,1623
connected,5,1624
pen,5,1625
italian,5,1626
convenience,5,1627
eagerness,5,1628
merits,5,1629
ruin,5,1630
undoubtedly,5,1631
tells,4,1632
goodness,4,1633
overcome,4,1634
openness,4,1635
water,4,1636
hospitable,4,1637
september,4,1638
application,4,1639
third,4,1640
changes,4,1641
improve,4,1642
comparatively,4,1643
leaning,4,1644
marked,4,1645
frightful,4,1646
modest,4,1647
wallis's,4,1648
civilities,4,1649
expectation,4,1650
knock,4,1651
invitations,4,1652
wind,4,1653
grown,4,1654
hate,4,1655
polite,4,1656
kindest,4,1657
propose,4,1658
secured,4,1659
pavement,4,1660
unhappy,4,1661
staid,4,1662
distressing,4,1663
escaped,4,1664
richard,4,1665
expressions,4,1666
sinking,4,1667
c,4,1668
occupying,4,1669
prospect,4,1670
trust,4,1671
sweetness,4,1672
mischief,4,1673
sunk,4,1674
dread,4,1675
learned,4,1676
forth,4,1677
glowing,4,1678
meetings,4,1679
compare,4,1680
nut,4,1681
law,4,1682
weight,4,1683
witnessed,4,1684
shore,4,1685
older,4,1686
presence,4,1687
bestow,4,1688
finish,4,1689
bent,4,1690
polished,4,1691
gained,4,1692
declined,4,1693
depended,4,1694
curious,4,1695
commanded,4,1696
unnecessary,4,1697
complain,4,1698
melancholy,4,1699
suspected,4,1700
park,4,1701
remembering,4,1702
holidays,4,1703
animated,4,1704
charming,4,1705
sincere,4,1706
actual,4,1707
doubtful,4,1708
fanny,4,1709
motion,4,1710
duties,4,1711
dependence,4,1712
sincerity,4,1713
hamilton,4,1714
remembered,4,1715
solitary,4,1716
filled,4,1717
inconvenience,4,1718
flattered,4,1719
volume,4,1720
communicated,4,1721
encouraging,4,1722
distrust,4,1723
produce,4,1724
powerful,4,1725
patience,4,1726
stairs,4,1727
deserving,4,1728
reproach,4,1729
nonsense,4,1730
awkwardness,4,1731
belong,4,1732
invite,4,1733
adding,4,1734
calmer,4,1735
possessed,4,1736
suspecting,4,1737
season,4,1738
quickly,4,1739
artificial,4,1740
shew,4,1741
regretted,4,1742
alarming,4,1743
imprudence,4,1744
asking,4,1745
merit,4,1746
remark,4,1747
pleasantly,4,1748
shop,4,1749
viscountess,4,1750
unfit,4,1751
dowager,4,1752
alike,4,1753
explained,4,1754
good-humoured,4,1755
interchange,4,1756
hastened,4,1757
united,4,1758
longed,4,1759
unpleasant,4,1760
restrictions,4,1761
nearer,4,1762
straight,4,1763
behaviour,4,1764
grieving,4,1765
blessed,4,1766
grateful,4,1767
endure,4,1768
accomplishments,4,1769
jemima,4,1770
tempted,4,1771
alive,4,1772
stroll,4,1773
william,4,1774
solitude,4,1775
fairly,4,1776
announced,4,1777
agitations,4,1778
disinterested,4,1779
sensibility,4,1780
stop,4,1781
hearty,4,1782
somersetshire,4,1783
harm,4,1784
rivers,4,1785
fresh,4,1786
suspicion,4,1787
separate,4,1788
compliment,4,1789
eat,4,1790
ceremony,4,1791
deficient,4,1792
wrote,4,1793
busy,4,1794
whisper,4,1795
partiality,4,1796
silly,4,1797
pains,4,1798
ceaseless,4,1799
anxiously,4,1800
embarrassed,4,1801
surely,4,1802
fixing,4,1803
formed,4,1804
politely,4,1805
disagreeable,4,1806
drawing,4,1807
shooting,4,1808
livery,4,1809
shepherd's,4,1810
applications,4,1811
preceding,4,1812
boat,4,1813
succeeding,4,1814
enquired,4,1815
attach,4,1816
county,4,1817
convenient,4,1818
drawing-rooms,4,1819
fearing,4,1820
comforts,4,1821
exact,4,1822
total,4,1823
choose,4,1824
favourable,4,1825
rough,4,1826
liable,4,1827
arose,4,1828
consulted,4,1829
eloquent,4,1830
recollections,4,1831
takes,4,1832
appeal,4,1833
alarmed,4,1834
waiter,4,1835
possibly,4,1836
principally,4,1837
perceive,4,1838
measures,4,1839
phoo,4,1840
unworthy,4,1841
owed,4,1842
begged,4,1843
vexed,4,1844
weakness,4,1845
exertions,4,1846
driven,4,1847
trifle,4,1848
repeatedly,4,1849
irresistible,4,1850
delicacy,4,1851
other's,4,1852
pointing,4,1853
fault,4,1854
exert,4,1855
husband's,4,1856
fix,4,1857
forming,4,1858
harp,4,1859
disappointment,4,1860
touch,4,1861
consolation,4,1862
path,4,1863
absent,4,1864
destroyed,4,1865
fears,4,1866
proceeding,4,1867
acquired,4,1868
earliest,4,1869
dalrymples,4,1870
seldom,4,1871
shame,4,1872
weak,4,1873
nine,4,1874
removed,4,1875
grew,4,1876
believing,4,1877
instances,4,1878
mental,4,1879
ascertain,4,1880
estimate,4,1881
employ,4,1882
church,4,1883
precedence,4,1884
intimately,4,1885
daring,4,1886
hysterical,4,1887
parting,4,1888
rejoice,4,1889
performance,4,1890
class,4,1891
encouraged,4,1892
lane,4,1893
remarkable,4,1894
benwick's,4,1895
services,4,1896
unless,4,1897
owner,4,1898
forgot,4,1899
complexion,4,1900
employment,4,1901
cautious,4,1902
established,4,1903
seek,4,1904
driving,4,1905
leisure,4,1906
prove,4,1907
talks,4,1908
article,4,1909
spared,4,1910
parents,4,1911
fancying,4,1912
arrive,4,1913
watching,4,1914
fast,4,1915
visitors,4,1916
list,4,1917
strike,4,1918
inviting,4,1919
watched,4,1920
entreated,4,1921
separation,4,1922
selfish,4,1923
oppose,4,1924
opening,4,1925
curricle,4,1926
piece,4,1927
figure,4,1928
rapid,4,1929
calculations,4,1930
cards,4,1931
oftener,4,1932
calmness,4,1933
union,4,1934
intelligent,4,1935
forgiven,4,1936
blush,4,1937
scattered,3,1938
principles,3,1939
across,3,1940
insensible,3,1941
keener,3,1942
chamber,3,1943
blood,3,1944
misled,3,1945
agitated,3,1946
calculated,3,1947
practicable,3,1948
octagon,3,1949
patient,3,1950
treated,3,1951
fear,3,1952
novelty,3,1953
safety,3,1954
probability,3,1955
shook,3,1956
windows,3,1957
bid,3,1958
saved,3,1959
submit,3,1960
chosen,3,1961
grandeur,3,1962
continual,3,1963
hart,3,1964
buy,3,1965
correct,3,1966
improper,3,1967
minds,3,1968
worn,3,1969
suspicious,3,1970
display,3,1971
baldwin,3,1972
spoilt,3,1973
english,3,1974
doors,3,1975
esteem,3,1976
twenty-four,3,1977
positive,3,1978
happens,3,1979
yarmouth,3,1980
asunder,3,1981
answers,3,1982
speed,3,1983
communicate,3,1984
varieties,3,1985
conference,3,1986
ignorance,3,1987
cases,3,1988
accommodation,3,1989
ascertained,3,1990
recommended,3,1991
resist,3,1992
road,3,1993
nobility,3,1994
dislike,3,1995
wearing,3,1996
pleasanter,3,1997
wonderful,3,1998
attendance,3,1999
pursued,3,2000
endeavour,3,2001
mansion,3,2002
sands,3,2003
awkward,3,2004
scruples,3,2005
knocked,3,2006
faith,3,2007
bore,3,2008
lament,3,2009
rapidity,3,2010
day's,3,2011
moving,3,2012
noticed,3,2013
suppressed,3,2014
officers,3,2015
thankful,3,2016
appointed,3,2017
lessen,3,2018
design,3,2019
ordered,3,2020
regretting,3,2021
somewhat,3,2022
wondered,3,2023
instance,3,2024
grief,3,2025
existence,3,2026
playing,3,2027
deserve,3,2028
sorrow,3,2029
suitable,3,2030
preserve,3,2031
unaffected,3,2032
satisfy,3,2033
resentment,3,2034
edward,3,2035
contemplation,3,2036
restraints,3,2037
cape,3,2038
lot,3,2039
seventeen,3,2040
preparation,3,2041
mark,3,2042
unfortunate,3,2043
amiss,3,2044
analogy,3,2045
delicate,3,2046
courteous,3,2047
wonders,3,2048
amusing,3,2049
extreme,3,2050
sits,3,2051
coolly,3,2052
absolute,3,2053
operation,3,2054
appearing,3,2055
nearest,3,2056
unfairly,3,2057
examples,3,2058
affections,3,2059
observant,3,2060
animate,3,2061
enthusiasm,3,2062
previous,3,2063
prospects,3,2064
containing,3,2065
entreaty,3,2066
person's,3,2067
tranquillity,3,2068
hour's,3,2069
reflect,3,2070
june,3,2071
fearful,3,2072
gibraltar,3,2073
hedge-row,3,2074
foul,3,2075
readiness,3,2076
prevailed,3,2077
fashion,3,2078
withstand,3,2079
singing,3,2080
amongst,3,2081
deference,3,2082
senses,3,2083
judged,3,2084
perfection,3,2085
prefer,3,2086
engrossed,3,2087
ring,3,2088
excellence,3,2089
colour,3,2090
fetch,3,2091
recollecting,3,2092
snug,3,2093
learning,3,2094
belmont,3,2095
recent,3,2096
hanging,3,2097
conceived,3,2098
aggravation,3,2099
seeking,3,2100
thursday,3,2101
laid,3,2102
relieved,3,2103
endeavoured,3,2104
plenty,3,2105
richer,3,2106
thoughtful,3,2107
shock,3,2108
portion,3,2109
discussion,3,2110
instinctively,3,2111
tall,3,2112
garden,3,2113
demands,3,2114
laughed,3,2115
affectionate,3,2116
protested,3,2117
complaints,3,2118
fifteen,3,2119
relative,3,2120
breaking,3,2121
brother's,3,2122
parish,3,2123
engage,3,2124
retrench,3,2125
cease,3,2126
questioned,3,2127
mentioning,3,2128
imagination,3,2129
raising,3,2130
daughter's,3,2131
addresses,3,2132
stepping,3,2133
chief,3,2134
examined,3,2135
apt,3,2136
unquestionably,3,2137
involve,3,2138
waste,3,2139
passage,3,2140
guided,3,2141
objects,3,2142
informed,3,2143
schoolfellow,3,2144
resolute,3,2145
gate,3,2146
stile,3,2147
lasting,3,2148
adjoining,3,2149
attempted,3,2150
resignation,3,2151
wondering,3,2152
solicitous,3,2153
press,3,2154
paying,3,2155
formal,3,2156
ran,3,2157
overpowering,3,2158
east,3,2159
avoided,3,2160
sloop,3,2161
apprehensions,3,2162
increasing,3,2163
disappeared,3,2164
provided,3,2165
enabled,3,2166
nursery-maid,3,2167
fellows,3,2168
thousands,3,2169
bewitching,3,2170
unkind,3,2171
spare,3,2172
procure,3,2173
dropped,3,2174
indisposition,3,2175
prompted,3,2176
rising,3,2177
strange,3,2178
date,3,2179
post,3,2180
questions,3,2181
fervent,3,2182
excused,3,2183
accepting,3,2184
adopted,3,2185
beloved,3,2186
stationed,3,2187
throwing,3,2188
ships,3,2189
happening,3,2190
horse,3,2191
repose,3,2192
exist,3,2193
inevitably,3,2194
confirm,3,2195
stranger,3,2196
female,3,2197
shropshire,3,2198
ball,3,2199
ardour,3,2200
discretion,3,2201
discerned,3,2202
faces,3,2203
hedge,3,2204
doubts,3,2205
shy,3,2206
alter,3,2207
unwilling,3,2208
reception,3,2209
game,3,2210
checking,3,2211
reconcile,3,2212
hospitality,3,2213
repeating,3,2214
settling,3,2215
holds,3,2216
sickness,3,2217
sympathy,3,2218
allowance,3,2219
providence,3,2220
affliction,3,2221
claimed,3,2222
breathed,3,2223
expenses,3,2224
ancient,3,2225
originally,3,2226
shrink,3,2227
imprudent,3,2228
addressed,3,2229
removing,3,2230
retired,3,2231
quicker,3,2232
enjoyed,3,2233
noises,3,2234
minutiae,3,2235
similar,3,2236
michaelmas,3,2237
abilities,3,2238
prepared,3,2239
excusable,3,2240
progress,3,2241
cares,3,2242
sex,3,2243
penance,3,2244
wit,3,2245
direct,3,2246
supposition,3,2247
awful,3,2248
creatures,3,2249
fourteen,3,2250
four-and-twenty,3,2251
dinners,3,2252
afternoon,3,2253
affluence,3,2254
resolve,3,2255
regrets,3,2256
ere,3,2257
merry,3,2258
arriving,3,2259
involving,3,2260
remarks,3,2261
impulse,3,2262
gently,3,2263
utility,3,2264
nervous,3,2265
consult,3,2266
suggested,3,2267
bench,3,2268
confined,3,2269
brothers,3,2270
grow,3,2271
group,3,2272
hence,3,2273
hastily,3,2274
amidst,3,2275
concluded,3,2276
basil,3,2277
height,3,2278
blessings,3,2279
portsmouth,3,2280
practice,3,2281
song,3,2282
troublesome,3,2283
grappler,3,2284
remarkably,3,2285
chat,3,2286
declining,3,2287
utmost,3,2288
gain,3,2289
thither,3,2290
upper,3,2291
clergyman,3,2292
unwelcome,3,2293
gowland,3,2294
dreadfully,3,2295
perception,3,2296
implied,3,2297
approached,3,2298
engagements,3,2299
emotions,3,2300
st,3,2301
sufferings,3,2302
reverse,3,2303
sacrifices,3,2304
pleasures,3,2305
art,3,2306
prudent,3,2307
nation,3,2308
professed,3,2309
frequent,3,2310
indignation,3,2311
everywhere,3,2312
joint,3,2313
condition,3,2314
parlour,3,2315
economy,3,2316
nursing,3,2317
intelligible,3,2318
keeping,3,2319
disgust,3,2320
beneath,3,2321
faded,3,2322
entitled,3,2323
released,3,2324
idle,3,2325
alacrity,3,2326
engaging,3,2327
softened,3,2328
distinction,3,2329
supported,3,2330
confused,3,2331
slightest,3,2332
furnish,3,2333
professions,3,2334
frigate,3,2335
limbs,3,2336
alluded,3,2337
bias,3,2338
monday,3,2339
admiring,3,2340
model,3,2341
range,3,2342
interested,3,2343
accepted,3,2344
step,3,2345
cheerfully,3,2346
alloy,3,2347
liberality,3,2348
named,3,2349
additional,3,2350
sighed,3,2351
invalid,3,2352
perpetual,3,2353
comparing,3,2354
charms,3,2355
catching,3,2356
midst,3,2357
exclamations,3,2358
unlike,3,2359
injustice,3,2360
message,3,2361
wiser,3,2362
preferring,3,2363
apologies,3,2364
fashioned,3,2365
solicited,3,2366
addressing,3,2367
worked,3,2368
bottom,3,2369
insult,3,2370
stage,3,2371
grave,3,2372
afflicted,3,2373
deemed,3,2374
descriptions,3,2375
interview,3,2376
affectionately,3,2377
surrounded,3,2378
helpless,3,2379
honoured,3,2380
seeming,3,2381
gravely,3,2382
newspapers,3,2383
tolerably,3,2384
gladly,3,2385
guidance,3,2386
pardoned,3,2387
expecting,3,2388
yielding,3,2389
encounter,3,2390
breathe,3,2391
whispered,3,2392
dwell,3,2393
size,3,2394
christian,3,2395
fashionable,3,2396
rent,3,2397
shake,3,2398
disapprobation,3,2399
landlady,2,2400
unexpected,2,2401
bearing,2,2402
throw,2,2403
walker,2,2404
conjectured,2,2405
regulations,2,2406
nodded,2,2407
accomplished,2,2408
hardship,2,2409
middle,2,2410
flow,2,2411
offices,2,2412
reluctant,2,2413
defence,2,2414
foresee,2,2415
plants,2,2416
unconsciously,2,2417
anticipated,2,2418
reasoning,2,2419
confident,2,2420
shrewd,2,2421
properest,2,2422
landed,2,2423
discerning,2,2424
finest,2,2425
piano-forte,2,2426
acceptable,2,2427
coldness,2,2428
contact,2,2429
gaiety,2,2430
floor,2,2431
climate,2,2432
artful,2,2433
gun,2,2434
wear,2,2435
contend,2,2436
praised,2,2437
address,2,2438
mixed,2,2439
choosing,2,2440
lent,2,2441
agreement,2,2442
confirmed,2,2443
lieutenant,2,2444
conclude,2,2445
checked,2,2446
lead,2,2447
limited,2,2448
crossing,2,2449
representing,2,2450
gloves,2,2451
thick,2,2452
quarters,2,2453
crowded,2,2454
capital,2,2455
raptures,2,2456
pretensions,2,2457
degradation,2,2458
interfering,2,2459
gossip,2,2460
baronetcy,2,2461
allowances,2,2462
heavy,2,2463
goes,2,2464
reflections,2,2465
omit,2,2466
weather-beaten,2,2467
discern,2,2468
punctually,2,2469
creditable,2,2470
john,2,2471
apothecary,2,2472
await,2,2473
leaves,2,2474
rejoicing,2,2475
schemes,2,2476
jump,2,2477
ruined,2,2478
ranked,2,2479
dated,2,2480
beforehand,2,2481
hitherto,2,2482
pushing,2,2483
apply,2,2484
contemplate,2,2485
exception,2,2486
glowed,2,2487
origin,2,2488
wedding-clothes,2,2489
trusted,2,2490
guide,2,2491
remove,2,2492
self-possession,2,2493
best-looking,2,2494
offensive,2,2495
shape,2,2496
afforded,2,2497
respected,2,2498
curtailed,2,2499
expectations,2,2500
unmanageable,2,2501
perseverance,2,2502
foreseen,2,2503
inevitable,2,2504
transient,2,2505
landlord,2,2506
o'clock,2,2507
larolles,2,2508
prejudice,2,2509
omitted,2,2510
charity,2,2511
wet,2,2512
deny,2,2513
deeper,2,2514
trees,2,2515
ireland,2,2516
needs,2,2517
madam,2,2518
disgrace,2,2519
extent,2,2520
ushered,2,2521
sandy-haired,2,2522
papers,2,2523
possess,2,2524
prepare,2,2525
rocks,2,2526
lying,2,2527
self-denying,2,2528
february,2,2529
perceptible,2,2530
forms,2,2531
pressed,2,2532
aloud,2,2533
keenly,2,2534
presumptive,2,2535
prosperous,2,2536
promotion,2,2537
over-scrupulous,2,2538
refuse,2,2539
fortunate,2,2540
expense,2,2541
renewing,2,2542
disappointments,2,2543
bows,2,2544
baronetage,2,2545
guessed,2,2546
songs,2,2547
topics,2,2548
blooming,2,2549
compliance,2,2550
storms,2,2551
appears,2,2552
cruelty,2,2553
exerted,2,2554
efficacy,2,2555
decline,2,2556
appearances,2,2557
cousinly,2,2558
sanguine,2,2559
contented,2,2560
ashore,2,2561
sentence,2,2562
sacrifice,2,2563
cordial,2,2564
sensibly,2,2565
attaching,2,2566
uniting,2,2567
advising,2,2568
responsible,2,2569
unsatisfactory,2,2570
aside,2,2571
plead,2,2572
revival,2,2573
oppressed,2,2574
somehow,2,2575
soften,2,2576
penetrated,2,2577
uneasiness,2,2578
charitable,2,2579
presumed,2,2580
relinquishing,2,2581
market,2,2582
motives,2,2583
acknowledgement,2,2584
hardened,2,2585
field,2,2586
elsewhere,2,2587
mortifications,2,2588
privileges,2,2589
benches,2,2590
irish,2,2591
dissuade,2,2592
rejoinder,2,2593
composedly,2,2594
cultivated,2,2595
outlived,2,2596
exclaiming,2,2597
disrespectfully,2,2598
man-of-war,2,2599
outward,2,2600
tones,2,2601
unconnected,2,2602
pained,2,2603
doctor,2,2604
apace,2,2605
solely,2,2606
thicker,2,2607
stamped,2,2608
curtsey,2,2609
assiduous,2,2610
complaint,2,2611
moral,2,2612
betraying,2,2613
assertion,2,2614
neglected,2,2615
shortly,2,2616
poetical,2,2617
parcel,2,2618
whispering,2,2619
ives,2,2620
temples,2,2621
finished,2,2622
forgive,2,2623
dull,2,2624
reaching,2,2625
trace,2,2626
esteemed,2,2627
dreading,2,2628
foolish,2,2629
accommodate,2,2630
visiting,2,2631
entreaties,2,2632
parent,2,2633
undertakes,2,2634
insignificant,2,2635
presume,2,2636
voices,2,2637
flatter,2,2638
brigden,2,2639
feet,2,2640
successive,2,2641
ones,2,2642
tooth,2,2643
mirth,2,2644
heedless,2,2645
maintained,2,2646
overpowered,2,2647
lamenting,2,2648
independent,2,2649
volumes,2,2650
walks,2,2651
lessons,2,2652
correspondent,2,2653
dues,2,2654
musings,2,2655
slighted,2,2656
extensive,2,2657
prime,2,2658
deception,2,2659
conceive,2,2660
exceed,2,2661
ascent,2,2662
relate,2,2663
further,2,2664
good-natured,2,2665
articles,2,2666
dozen,2,2667
penelope,2,2668
conversing,2,2669
foreseeing,2,2670
arch,2,2671
crewkherne,2,2672
gentlemanlike,2,2673
securing,2,2674
oblivion,2,2675
buzz,2,2676
assisting,2,2677
shares,2,2678
succeed,2,2679
penetrating,2,2680
removals,2,2681
process,2,2682
dreaded,2,2683
modes,2,2684
land,2,2685
ridicule,2,2686
averted,2,2687
mamma's,2,2688
intently,2,2689
contradict,2,2690
devoted,2,2691
hoping,2,2692
request,2,2693
edward's,2,2694
suits,2,2695
mortifying,2,2696
tide,2,2697
sophia,2,2698
theatre,2,2699
partially,2,2700
lisbon,2,2701
declaring,2,2702
disdain,2,2703
pretence,2,2704
heaven's,2,2705
unqualified,2,2706
supports,2,2707
perplexity,2,2708
solicitudes,2,2709
generous,2,2710
visible,2,2711
exultation,2,2712
contemplated,2,2713
seniority,2,2714
viscount,2,2715
paragraph,2,2716
variety,2,2717
firmness,2,2718
offence,2,2719
instrument,2,2720
revolting,2,2721
situations,2,2722
protection,2,2723
gloried,2,2724
comprehending,2,2725
contrived,2,2726
graciously,2,2727
species,2,2728
disordered,2,2729
looking-glasses,2,2730
applying,2,2731
rained,2,2732
behaving,2,2733
pensive,2,2734
ignorant,2,2735
vex,2,2736
disposal,2,2737
compounded,2,2738
uprightness,2,2739
tax,2,2740
thornberry,2,2741
preventing,2,2742
wore,2,2743
vigour,2,2744
delays,2,2745
orchestra,2,2746
forgetting,2,2747
husbands,2,2748
shot,2,2749
results,2,2750
mildness,2,2751
fastidious,2,2752
freely,2,2753
dining-room,2,2754
pump,2,2755
pressing,2,2756
inconstant,2,2757
strolling,2,2758
asserted,2,2759
treachery,2,2760
hesitated,2,2761
gallant,2,2762
divide,2,2763
brings,2,2764
parts,2,2765
term,2,2766
withdraw,2,2767
relied,2,2768
treat,2,2769
facts,2,2770
strengthened,2,2771
losing,2,2772
benevolent,2,2773
unknown,2,2774
clouded,2,2775
sequel,2,2776
cliffs,2,2777
tendency,2,2778
sunday,2,2779
child's,2,2780
provoke,2,2781
limits,2,2782
scott,2,2783
bodily,2,2784
visions,2,2785
proportions,2,2786
degrading,2,2787
grandson,2,2788
misfortune,2,2789
started,2,2790
carriages,2,2791
wall,2,2792
dwelt,2,2793
wholly,2,2794
compatible,2,2795
consisted,2,2796
interests,2,2797
blushed,2,2798
situated,2,2799
cunning,2,2800
observations,2,2801
watchfulness,2,2802
deceive,2,2803
saving,2,2804
presiding,2,2805
apprehension,2,2806
sweets,2,2807
wretchedness,2,2808
subdue,2,2809
handsomer,2,2810
exceptions,2,2811
thin,2,2812
wallises,2,2813
sincerely,2,2814
commission,2,2815
entire,2,2816
willingly,2,2817
symptoms,2,2818
desirous,2,2819
alteration,2,2820
violent,2,2821
characters,2,2822
trick,2,2823
projected,2,2824
witnessing,2,2825
dogs,2,2826
confirmation,2,2827
apologize,2,2828
neat,2,2829
entertaining,2,2830
directing,2,2831
overlooked,2,2832
abused,2,2833
suspension,2,2834
remainder,2,2835
refusal,2,2836
debt,2,2837
gardens,2,2838
well-bred,2,2839
standard,2,2840
directed,2,2841
recently,2,2842
representation,2,2843
reserve,2,2844
qualified,2,2845
fearless,2,2846
friendliness,2,2847
destination,2,2848
reward,2,2849
good-looking,2,2850
ample,2,2851
boasted,2,2852
virtues,2,2853
ascertaining,2,2854
sounded,2,2855
paused,2,2856
what's,2,2857
shocking,2,2858
scrupulous,2,2859
honesty,2,2860
entertain,2,2861
lowness,2,2862
anger,2,2863
lawyer,2,2864
liberal,2,2865
centre,2,2866
generosity,2,2867
designing,2,2868
larger,2,2869
seas,2,2870
likewise,2,2871
humoured,2,2872
stories,2,2873
prevailing,2,2874
touched,2,2875
disparity,2,2876
lesser,2,2877
inferiority,2,2878
exercise,2,2879
discourse,2,2880
induce,2,2881
visitor,2,2882
custom,2,2883
becomes,2,2884
contrasted,2,2885
august,2,2886
elevated,2,2887
advised,2,2888
double,2,2889
missed,2,2890
scheming,2,2891
blushing,2,2892
penetration,2,2893
promote,2,2894
foresight,2,2895
healthy,2,2896
travelling,2,2897
extension,2,2898
archibald,2,2899
reverted,2,2900
midshipmen,2,2901
protesting,2,2902
irritation,2,2903
improving,2,2904
compromise,2,2905
poet,2,2906
lest,2,2907
fat,2,2908
window-curtains,2,2909
veranda,2,2910
loves,2,2911
coach,2,2912
brilliancy,2,2913
high-wrought,2,2914
captains,2,2915
gig,2,2916
orders,2,2917
correspondence,2,2918
studiously,2,2919
quotations,2,2920
affect,2,2921
nights,2,2922
marriages,2,2923
strongly,2,2924
blue,2,2925
ladyship's,2,2926
explains,2,2927
declaration,2,2928
hereabouts,2,2929
hat,2,2930
likes,2,2931
ours,2,2932
household,2,2933
finances,2,2934
exposing,2,2935
extenuation,2,2936
ecstasy,2,2937
rated,2,2938
roof,2,2939
heightened,2,2940
newspaper,2,2941
walls,2,2942
coarse,2,2943
approved,2,2944
groves,2,2945
appealed,2,2946
chiefly,2,2947
directions,2,2948
defect,2,2949
dutiful,2,2950
recommendations,2,2951
establishment,2,2952
glances,2,2953
tied,2,2954
built,2,2955
universal,2,2956
suggestions,2,2957
open-hearted,2,2958
dependent,2,2959
extravagant,2,2960
sport,2,2961
overpowers,2,2962
calmly,2,2963
numerous,2,2964
internal,2,2965
repeats,2,2966
vacant,2,2967
heartily,2,2968
portraits,2,2969
concluding,2,2970
immoveable,2,2971
relenting,2,2972
vague,2,2973
actions,2,2974
materially,2,2975
reduced,2,2976
talents,2,2977
modern,2,2978
arrange,2,2979
charge,2,2980
invariably,2,2981
fitting-up,2,2982
decorum,2,2983
charmed,2,2984
collecting,2,2985
counsel,2,2986
dalrymple's,2,2987
example,2,2988
unconcerned,2,2989
inquired,2,2990
reckoning,2,2991
rouse,2,2992
gifted,2,2993
yielded,2,2994
gradual,2,2995
reserved,2,2996
impossibility,2,2997
widower,2,2998
estrangement,2,2999
partialities,2,3000
amazement,2,3001
embarrassments,2,3002
commander,2,3003
occasions,2,3004
apprehend,2,3005
lingering,2,3006
shewing,2,3007
substantial,2,3008
arising,2,3009
sixteen,2,3010
distinctly,2,3011
envy,2,3012
usage,2,3013
july,2,3014
attractions,2,3015
observances,2,3016
bound,2,3017
supporting,2,3018
hesitation,2,3019
dim,2,3020
lend,2,3021
concerning,2,3022
boy's,2,3023
zealous,2,3024
requested,2,3025
discredit,2,3026
peculiarly,2,3027
torment,2,3028
fever,2,3029
confinement,2,3030
permanently,2,3031
meadow,2,3032
page,2,3033
shrubberies,2,3034
raise,2,3035
top,2,3036
listener,2,3037
impatience,2,3038
unequal,2,3039
consented,2,3040
descending,2,3041
anew,2,3042
simple,2,3043
unintentionally,2,3044
noble,2,3045
ear,2,3046
infirm,2,3047
threw,2,3048
unpardonable,2,3049
fingers,2,3050
foreign,2,3051
bowed,2,3052
conceal,2,3053
re-established,2,3054
toils,2,3055
pictures,2,3056
guard,2,3057
unfortunately,2,3058
wounded,2,3059
thorough,2,3060
nursery,2,3061
drop,2,3062
modesty,2,3063
resenting,2,3064
dressing-room,2,3065
females,2,3066
occasioned,2,3067
promises,2,3068
consistent,2,3069
imaginations,2,3070
french,2,3071
faults,2,3072
upset,2,3073
argument,2,3074
activity,2,3075
using,2,3076
seized,2,3077
henry,2,3078
ha,2,3079
pelisse,2,3080
collect,2,3081
promising,2,3082
action,2,3083
irresolute,2,3084
butcher,2,3085
fill,2,3086
apartment,2,3087
proposal,2,3088
collar-bone,2,3089
hard-hearted,2,3090
uncomfortable,2,3091
w,2,3092
gouty,2,3093
amuse,2,3094
showed,2,3095
brain,2,3096
mouth,2,3097
prize,2,3098
discovery,2,3099
jumped,2,3100
publications,2,3101
inns,2,3102
study,2,3103
anybody's,2,3104
boots,2,3105
privy,2,3106
start,2,3107
fitted,2,3108
condolence,2,3109
preparations,2,3110
requires,2,3111
steadiness,2,3112
announce,2,3113
neighbour,2,3114
d'ye,2,3115
concealed,2,3116
necessarily,2,3117
resolutely,2,3118
comprehensive,2,3119
sporting,2,3120
educated,2,3121
red,2,3122
crowd,2,3123
seats,2,3124
reductions,2,3125
byron,2,3126
measure,2,3127
filling,2,3128
unseen,2,3129
firm,2,3130
hills,2,3131
creations,2,3132
accomplish,2,3133
knelt,2,3134
forgets,2,3135
turns,2,3136
justify,2,3137
sharp,2,3138
require,2,3139
port,2,3140
sympathetic,2,3141
secondly,2,3142
states,2,3143
stepped,2,3144
sakes,2,3145
five-and-twenty,2,3146
devotion,2,3147
forbearance,2,3148
tongue,2,3149
accidentally,2,3150
rub,2,3151
uneasy,2,3152
unfounded,2,3153
opportunities,2,3154
converse,2,3155
chanced,2,3156
entertained,2,3157
associations,2,3158
rumour,2,3159
buried,2,3160
somerset,2,3161
connections,2,3162
laying,2,3163
acquiescence,2,3164
prose,2,3165
pronounced,2,3166
pitiful,2,3167
reasoned,2,3168
heavens,2,3169
hung,2,3170
upright,2,3171
acted,2,3172
smooth,2,3173
shirley's,2,3174
scholar,2,3175
materials,2,3176
apartments,2,3177
anticipating,2,3178
aid,2,3179
spontaneous,2,3180
unguarded,2,3181
shabby,2,3182
flower,2,3183
bay,2,3184
surprises,2,3185
reformation,2,3186
staring,2,3187
teaze,2,3188
hypocrite,2,3189
flying,2,3190
consequences,2,3191
revolving,2,3192
build,2,3193
giaour,2,3194
barns,2,3195
final,2,3196
durable,2,3197
bill,2,3198
efforts,2,3199
warmest,2,3200
opposed,2,3201
degrees,2,3202
replying,2,3203
cousin's,2,3204
mansion-house,2,3205
negative,2,3206
slipped,2,3207
division,2,3208
plans,2,3209
preserving,2,3210
pointedly,2,3211
dictate,2,3212
sacrificed,2,3213
yourselves,2,3214
dissimilar,2,3215
obeyed,2,3216
toil,2,3217
first-rate,2,3218
cross,2,3219
faint,2,3220
derive,2,3221
desired,2,3222
trivial,2,3223
weaken,2,3224
frightened,2,3225
show,2,3226
nothingness,2,3227
enquiring,2,3228
imaginary,2,3229
improvements,2,3230
speaks,2,3231
ill-will,2,3232
moralists,2,3233
enjoyments,2,3234
humble,2,3235
hasty,2,3236
smiths,2,3237
flattery,2,3238
proposals,2,3239
charmouth,2,3240
perceived,2,3241
squire,2,3242
lady's,2,3243
haste,2,3244
innoxious,2,3245
revived,2,3246
attachments,2,3247
slow,2,3248
seven-and-twenty,2,3249
occupy,2,3250
bit,2,3251
gout,2,3252
utter,2,3253
folding,2,3254
triumph,2,3255
fatigue,2,3256
nonsensical,2,3257
vexation,2,3258
persisted,2,3259
introduce,2,3260
sarah,2,3261
designs,2,3262
method,2,3263
exposed,2,3264
crossed,2,3265
alicia,2,3266
bedroom,2,3267
robinson,2,3268
embarrassment,2,3269
fire,2,3270
justified,2,3271
wives,2,3272
blows,2,3273
regarded,2,3274
pretended,2,3275
devoured,1,3276
embarrass,1,3277
conceited,1,3278
heartiness,1,3279
contrast,1,3280
abominate,1,3281
dispose,1,3282
cordials,1,3283
summit,1,3284
tempting,1,3285
stopt,1,3286
bursting,1,3287
occurring,1,3288
honest,1,3289
offended,1,3290
unlocked,1,3291
self-indulgence,1,3292
twelvemonth,1,3293
teasing,1,3294
shift,1,3295
works,1,3296
clifton--a,1,3297
well-regulated,1,3298
tranquillized,1,3299
disposes,1,3300
distracting,1,3301
betray,1,3302
obligated,1,3303
observance,1,3304
supplies,1,3305
meat,1,3306
cake,1,3307
heaviest,1,3308
disabled,1,3309
heats,1,3310
purchase,1,3311
levity,1,3312
knot,1,3313
robust,1,3314
easy--charles,1,3315
beings,1,3316
annexed,1,3317
finale,1,3318
introductions,1,3319
gainer,1,3320
toilsome,1,3321
grass,1,3322
accused,1,3323
respective,1,3324
shudderings,1,3325
reality,1,3326
dislocated,1,3327
lesson,1,3328
gaze,1,3329
party's,1,3330
well-sounding,1,3331
defended,1,3332
pitch,1,3333
contrivances,1,3334
principals,1,3335
bahama,1,3336
fourth,1,3337
memorandums,1,3338
contained,1,3339
superfine,1,3340
inexpensive,1,3341
bordered,1,3342
fly,1,3343
collections,1,3344
semblance,1,3345
slightly,1,3346
rules,1,3347
shudder,1,3348
ruins,1,3349
pin-cushions,1,3350
envelope,1,3351
uneventful,1,3352
needed,1,3353
destroy,1,3354
performed,1,3355
reciprocal,1,3356
emma,1,3357
incumbent,1,3358
renter,1,3359
narratives,1,3360
orchards,1,3361
spendthrift,1,3362
allusions,1,3363
edify,1,3364
inaction,1,3365
broke,1,3366
omission,1,3367
kind-hearted,1,3368
recoverable,1,3369
environs--for,1,3370
rugged,1,3371
intimates,1,3372
attaining,1,3373
december,1,3374
deciding,1,3375
urgent,1,3376
consultation,1,3377
encountered,1,3378
throat,1,3379
fetching,1,3380
solitariness,1,3381
uncommon,1,3382
lasted,1,3383
mature,1,3384
richness,1,3385
crescent,1,3386
miserably,1,3387
woody,1,3388
south,1,3389
plighted,1,3390
plunged,1,3391
reasons,1,3392
intending,1,3393
tunbridge,1,3394
render,1,3395
akin,1,3396
jealousies,1,3397
tribute,1,3398
cruise,1,3399
wandering,1,3400
unknowingly,1,3401
misconstructions,1,3402
preach,1,3403
faltering,1,3404
undesirable,1,3405
ceremonious,1,3406
my--present,1,3407
soldier,1,3408
marshal,1,3409
condescend,1,3410
fortunately,1,3411
hazel,1,3412
accompanying,1,3413
dying,1,3414
break-up,1,3415
removals--all,1,3416
clearing,1,3417
generously,1,3418
gates,1,3419
defective,1,3420
harry,1,3421
stiles,1,3422
abdication,1,3423
atkinson,1,3424
airs,1,3425
excuses,1,3426
unvisited,1,3427
short-lived,1,3428
prepossession,1,3429
occurs,1,3430
sank,1,3431
climes,1,3432
willingness,1,3433
medicine,1,3434
warning,1,3435
tattersall's,1,3436
exchange,1,3437
exclaim,1,3438
over-persuasion,1,3439
attractive,1,3440
authorise,1,3441
reappeared,1,3442
disagreement,1,3443
detail,1,3444
allayed,1,3445
particularity,1,3446
thickest,1,3447
despondence,1,3448
equivalent,1,3449
laugh,1,3450
constantly,1,3451
thrill,1,3452
commanders,1,3453
pitiable,1,3454
becomingly,1,3455
debates,1,3456
bespeak,1,3457
realized,1,3458
prayer,1,3459
watches,1,3460
straitened,1,3461
screamed,1,3462
signal,1,3463
lobby,1,3464
adverse,1,3465
indistinctness,1,3466
shakes,1,3467
handsomest,1,3468
trembled,1,3469
boast,1,3470
deliberation,1,3471
requiring,1,3472
keys,1,3473
bewitched,1,3474
profit,1,3475
corresponding,1,3476
effort,1,3477
sophys,1,3478
sportsmen,1,3479
expression--so,1,3480
ingenious,1,3481
hid,1,3482
dances,1,3483
advanced,1,3484
overwhelmed,1,3485
motto,1,3486
investigated,1,3487
disproportion,1,3488
disfavour,1,3489
failings,1,3490
inimical,1,3491
fresh-formed,1,3492
carteret--they,1,3493
augur,1,3494
dropping,1,3495
inattention,1,3496
province,1,3497
beauties,1,3498
overtures,1,3499
brilliant,1,3500
escaping,1,3501
farmer,1,3502
captivate,1,3503
descend,1,3504
explicit,1,3505
brown,1,3506
countries,1,3507
testimony,1,3508
lectures,1,3509
inquiries,1,3510
possessions,1,3511
unembarrassed,1,3512
associate,1,3513
blossoms,1,3514
profess,1,3515
mahogany,1,3516
won,1,3517
yield,1,3518
carefully,1,3519
morrow's,1,3520
withholding,1,3521
farewell,1,3522
grievance,1,3523
slip,1,3524
attributing,1,3525
week's,1,3526
manoeuvres,1,3527
bears,1,3528
bores,1,3529
governed,1,3530
including,1,3531
release,1,3532
unreasonable,1,3533
renewed--very,1,3534
abbreviation,1,3535
vary,1,3536
rating,1,3537
delicious,1,3538
harassing,1,3539
leaf,1,3540
beckoning,1,3541
dint,1,3542
mortified,1,3543
elevate,1,3544
squares,1,3545
causes,1,3546
sum,1,3547
exerting,1,3548
brightened,1,3549
dorsetshire,1,3550
discriminating,1,3551
according,1,3552
favourer,1,3553
chooses,1,3554
sultaness,1,3555
frequently,1,3556
lieve,1,3557
plainer,1,3558
glued,1,3559
severed,1,3560
affords,1,3561
receipt,1,3562
sheriff,1,3563
assert,1,3564
crime,1,3565
dawning,1,3566
latest,1,3567
impediment,1,3568
murmur,1,3569
kingdom,1,3570
hinting,1,3571
cuffs,1,3572
heyday,1,3573
requisitions,1,3574
man--good,1,3575
closet,1,3576
err,1,3577
singleness,1,3578
relators,1,3579
corrective,1,3580
risen,1,3581
thoroughfare,1,3582
rapture,1,3583
designed,1,3584
prettiest,1,3585
social,1,3586
knight,1,3587
exeter,1,3588
briefly,1,3589
laundry-door,1,3590
multitude,1,3591
publish,1,3592
contusion,1,3593
forgetfulness,1,3594
connecting,1,3595
reined,1,3596
capes,1,3597
deplored,1,3598
retrenchments,1,3599
chasms,1,3600
manoeuvred,1,3601
silver,1,3602
meditating,1,3603
complained,1,3604
provoked,1,3605
abide,1,3606
still-born,1,3607
tempered,1,3608
emboldened,1,3609
landholder,1,3610
flattering,1,3611
eyed,1,3612
indebted,1,3613
employing,1,3614
brawn,1,3615
interrupting,1,3616
persuadable,1,3617
impressed,1,3618
well-spoken,1,3619
unobjectionable,1,3620
mixture,1,3621
individual,1,3622
drays,1,3623
secrets,1,3624
sickly,1,3625
proclaim,1,3626
unprosperous,1,3627
disincline,1,3628
equipped,1,3629
clearer,1,3630
patents,1,3631
histories,1,3632
comprehension,1,3633
pages,1,3634
objections,1,3635
bestowed,1,3636
ungracious,1,3637
gloucester,1,3638
inhabit,1,3639
greenhouse,1,3640
printshop,1,3641
lawns,1,3642
declares,1,3643
trinkets,1,3644
considerably,1,3645
unsolicitous,1,3646
predicament,1,3647
bread,1,3648
credible,1,3649
bitterly,1,3650
solid,1,3651
suddenness,1,3652
fresh-feeling,1,3653
every-day,1,3654
unheard,1,3655
withdrawn,1,3656
pausing,1,3657
flowing,1,3658
overtook,1,3659
merciful,1,3660
national,1,3661
violence,1,3662
unemployed,1,3663
grandfather,1,3664
speculate,1,3665
temple,1,3666
separations,1,3667
atlantic,1,3668
disingenuous,1,3669
fields,1,3670
hazard,1,3671
digress,1,3672
fitting,1,3673
fund,1,3674
unfolding,1,3675
machines,1,3676
ninety-nine,1,3677
sentences,1,3678
lameness,1,3679
sore-throat,1,3680
hedges,1,3681
eleven,1,3682
fatigues,1,3683
obstinacy,1,3684
heart-broken,1,3685
giddy,1,3686
benefited,1,3687
unpremeditated,1,3688
drinks,1,3689
foreboding,1,3690
refute,1,3691
teazing,1,3692
journeys,1,3693
glanced,1,3694
bond,1,3695
juncture,1,3696
possibilities,1,3697
anchorage,1,3698
incurious,1,3699
representations,1,3700
approves,1,3701
breeding,1,3702
tremulous,1,3703
fine-looking,1,3704
linger,1,3705
proportion,1,3706
weakening,1,3707
shining,1,3708
instrumental,1,3709
notion,1,3710
squareness,1,3711
poring,1,3712
friday,1,3713
medium,1,3714
surface,1,3715
anxieties,1,3716
rationality,1,3717
sprung,1,3718
indubitable,1,3719
reversion,1,3720
unworthily,1,3721
obviously,1,3722
apologised,1,3723
imperiously,1,3724
association,1,3725
blighted,1,3726
favourably,1,3727
farmer's,1,3728
counteracting,1,3729
dissolved,1,3730
maturity,1,3731
wrapt,1,3732
perforce,1,3733
family-matters,1,3734
persevered,1,3735
rushed,1,3736
bespoke,1,3737
encouragement,1,3738
unfavourable,1,3739
unconsciousness,1,3740
impetuosity,1,3741
undeviating,1,3742
debts,1,3743
stake,1,3744
likelihood,1,3745
cherish,1,3746
inlaid,1,3747
undervalue,1,3748
blinded,1,3749
pore,1,3750
gapes,1,3751
professionally,1,3752
gale,1,3753
indisposed,1,3754
ennoble,1,3755
struggled,1,3756
carriage-horses,1,3757
son-in-law's,1,3758
rallied,1,3759
reluctance,1,3760
acknowledgements,1,3761
stolen,1,3762
three-and-twenty,1,3763
tyranny,1,3764
caressed,1,3765
morrow--actually,1,3766
school-fellow,1,3767
indicate,1,3768
plaster,1,3769
inimitable,1,3770
partner,1,3771
possessing,1,3772
conflicts,1,3773
studying,1,3774
bustle,1,3775
conception,1,3776
common-place,1,3777
expressly,1,3778
sixty,1,3779
imprisonment,1,3780
describing,1,3781
ribbon,1,3782
regards,1,3783
caring,1,3784
self-occupied,1,3785
freehold,1,3786
behold,1,3787
personage,1,3788
renewal,1,3789
stevenson,1,3790
confessed,1,3791
lofty,1,3792
flat,1,3793
dining,1,3794
fright,1,3795
comprehended,1,3796
trunks,1,3797
shrubbery,1,3798
re-assumed,1,3799
barouche,1,3800
explanations,1,3801
solemnly,1,3802
intend,1,3803
favourites,1,3804
deputation,1,3805
rents,1,3806
sharing,1,3807
sweeter,1,3808
sessions,1,3809
distresses,1,3810
attack,1,3811
south-easterly,1,3812
headstrong,1,3813
discussed,1,3814
rheumatic,1,3815
joins,1,3816
wrinkles,1,3817
loving,1,3818
seclusion,1,3819
pin,1,3820
reduction,1,3821
startle,1,3822
"yes,--i",1,3823
retracted,1,3824
stagnation,1,3825
trifling,1,3826
watchman,1,3827
anecdotes,1,3828
unlikely,1,3829
soothe,1,3830
parliaments,1,3831
cost,1,3832
fork,1,3833
rambling,1,3834
ancestry,1,3835
uncle,1,3836
candid,1,3837
charities,1,3838
oral,1,3839
simpleton,1,3840
pinny,1,3841
creditors,1,3842
shifted,1,3843
umpire,1,3844
shawl,1,3845
grandmamma,1,3846
military,1,3847
retrospections,1,3848
placing,1,3849
clumsy,1,3850
patiently,1,3851
blains,1,3852
dawdling,1,3853
heaped,1,3854
satisfactory,1,3855
cot,1,3856
retrenchment,1,3857
contiguous,1,3858
flower-stands,1,3859
speeches,1,3860
wednesday,1,3861
retarding,1,3862
mild,1,3863
entitle,1,3864
discomfited,1,3865
ambitious,1,3866
breath,1,3867
revolts,1,3868
lightness,1,3869
guilty,1,3870
selves,1,3871
repack,1,3872
historian,1,3873
maid,1,3874
letting,1,3875
alliances,1,3876
insolence,1,3877
ploughs,1,3878
trustiest,1,3879
maclean,1,3880
expensive,1,3881
money--two,1,3882
perfections,1,3883
widowhood,1,3884
herald,1,3885
dash,1,3886
reprieve,1,3887
allowable,1,3888
rumble,1,3889
include,1,3890
sunshine,1,3891
atmosphere,1,3892
explanatory,1,3893
card-racks,1,3894
"ay,--mr",1,3895
mindful,1,3896
ultimate,1,3897
abuse,1,3898
shaken,1,3899
thankfulness,1,3900
indulge,1,3901
susceptible,1,3902
self-denial,1,3903
withdrawing,1,3904
noted,1,3905
plausible,1,3906
resemble,1,3907
unconvinced,1,3908
banished,1,3909
residing,1,3910
one-and-thirty,1,3911
luckily,1,3912
separated,1,3913
"with,--`oh",1,3914
sentimental,1,3915
loitering,1,3916
witness,1,3917
dance,1,3918
winds,1,3919
29th,1,3920
revolution,1,3921
food,1,3922
fortify,1,3923
ill-looking,1,3924
laundry-maid,1,3925
incumbrances,1,3926
musician,1,3927
discernment,1,3928
bookish,1,3929
consumed,1,3930
violated,1,3931
quarrelled,1,3932
translate,1,3933
home--was,1,3934
incurred,1,3935
knees,1,3936
repossessed,1,3937
varying,1,3938
sixty-two,1,3939
compassionate,1,3940
firmly,1,3941
disturb,1,3942
overbearing,1,3943
perfume,1,3944
flirting,1,3945
indulged,1,3946
sources,1,3947
insipid,1,3948
positively,1,3949
painters,1,3950
hurrying,1,3951
defied,1,3952
clock,1,3953
felicitous,1,3954
streightens,1,3955
bowing,1,3956
perhaps--we,1,3957
scheherazade's,1,3958
obtrusiveness,1,3959
scolded,1,3960
eight-and-twentieth,1,3961
unutterable,1,3962
inflicting,1,3963
manor,1,3964
seating,1,3965
handsomely,1,3966
wings,1,3967
preceded,1,3968
scandalous,1,3969
good-humour,1,3970
tenacious,1,3971
disdainful,1,3972
contentment,1,3973
correctness,1,3974
twelvemonth's,1,3975
overspread,1,3976
failure,1,3977
dismembered,1,3978
endowed,1,3979
arranging,1,3980
spoil,1,3981
elasticity,1,3982
thoughtlessness,1,3983
holding,1,3984
cutting,1,3985
sore-throats,1,3986
winters,1,3987
despair,1,3988
glasses,1,3989
unformed,1,3990
rigid,1,3991
cheshire,1,3992
m,1,3993
allowing,1,3994
sundays,1,3995
protestations,1,3996
blowing,1,3997
publicity,1,3998
sides,1,3999
purification,1,4000
noticing,1,4001
hale,1,4002
great-coat,1,4003
hotel,1,4004
sidmouth,1,4005
judges,1,4006
consulting,1,4007
robbing,1,4008
glorious,1,4009
horsepond,1,4010
hinted,1,4011
omitting,1,4012
expedients,1,4013
summers,1,4014
elude,1,4015
unconsidered,1,4016
diminished,1,4017
fruitless,1,4018
sing,1,4019
puncture,1,4020
astonishing,1,4021
print,1,4022
accompanied,1,4023
commons,1,4024
certify,1,4025
source,1,4026
producing,1,4027
owners,1,4028
compunction,1,4029
overturned,1,4030
heedlessness,1,4031
farm-yard,1,4032
luxuriant,1,4033
premature,1,4034
approve,1,4035
rode,1,4036
details,1,4037
existed,1,4038
powder,1,4039
desolate,1,4040
bulky,1,4041
amends,1,4042
wearied,1,4043
well-wishers,1,4044
amicable,1,4045
pardonable,1,4046
nosegay,1,4047
farthing,1,4048
payment,1,4049
environs,1,4050
conceiving,1,4051
introducing,1,4052
rose,1,4053
ii,1,4054
imagining,1,4055
preside,1,4056
deposited,1,4057
kisses,1,4058
conversant,1,4059
pure,1,4060
contradictory,1,4061
misses,1,4062
annual,1,4063
prize-money,1,4064
riotous,1,4065
marys,1,4066
countenances,1,4067
surmounting,1,4068
opposing,1,4069
considerately,1,4070
hemmed,1,4071
transplanted,1,4072
blister,1,4073
parental,1,4074
mouths,1,4075
spacious,1,4076
daughter-in-law's,1,4077
awake,1,4078
congratulated,1,4079
wantonly,1,4080
vine,1,4081
occasioning,1,4082
landaulette,1,4083
musical,1,4084
enforced,1,4085
well-judging,1,4086
trifled,1,4087
mirrors,1,4088
wealthy,1,4089
littlenesses,1,4090
rubbish,1,4091
discreet,1,4092
rock,1,4093
evenings,1,4094
tearing,1,4095
resemblance,1,4096
vehement,1,4097
reckoned,1,4098
unimpaired,1,4099
quieter,1,4100
excellently,1,4101
affluent,1,4102
equity,1,4103
officer's,1,4104
trusting,1,4105
completion,1,4106
ambition,1,4107
parent's,1,4108
baronetcies,1,4109
reprehensible,1,4110
sway,1,4111
prescribed,1,4112
brave,1,4113
inconsistent,1,4114
signify,1,4115
protegee,1,4116
harasses,1,4117
thread-cases,1,4118
force,1,4119
sheet,1,4120
disengaging,1,4121
kinds,1,4122
skirting,1,4123
pierced,1,4124
transformed,1,4125
perplexed,1,4126
resume,1,4127
viewed,1,4128
turnings,1,4129
rapidly,1,4130
push,1,4131
heir-presumptive,1,4132
transgressions,1,4133
lowering,1,4134
tolerated,1,4135
varnished,1,4136
twentieth,1,4137
stranger's,1,4138
images,1,4139
wood,1,4140
keen,1,4141
blotting,1,4142
pierce,1,4143
disadvantages,1,4144
church's,1,4145
pallid,1,4146
glimpse,1,4147
daylight,1,4148
memoirs,1,4149
ill-judging,1,4150
that--in,1,4151
poets,1,4152
"place,""--""our",1,4153
duplicity,1,4154
reddened,1,4155
a'n't,1,4156
create,1,4157
retreating,1,4158
moderation,1,4159
cockleshell,1,4160
legs,1,4161
unfastened,1,4162
incomprehensible,1,4163
counterbalance,1,4164
strangest,1,4165
outline,1,4166
slender,1,4167
exchanged,1,4168
unreasonably,1,4169
eternal,1,4170
welcoming,1,4171
sighings,1,4172
trash,1,4173
herself--i,1,4174
afloat,1,4175
shadow,1,4176
solicitation,1,4177
disdained,1,4178
burn,1,4179
created,1,4180
quieted,1,4181
channel,1,4182
negotiation,1,4183
assurances,1,4184
"reply:--""elizabeth",1,4185
disadvantage,1,4186
bruise,1,4187
unmodernized,1,4188
strenuous,1,4189
freedom,1,4190
give-and-take,1,4191
superficial,1,4192
heavily,1,4193
dearly,1,4194
nursed,1,4195
particularize,1,4196
integrity,1,4197
treason,1,4198
insufficient,1,4199
dripping,1,4200
screened,1,4201
pies,1,4202
confide,1,4203
captures,1,4204
reigning,1,4205
describe,1,4206
butler's,1,4207
maid's,1,4208
restless,1,4209
selection,1,4210
inured,1,4211
finery,1,4212
ate,1,4213
rumours,1,4214
cheerfullest,1,4215
reconciled,1,4216
earth,1,4217
spell,1,4218
serving,1,4219
teeth,1,4220
disinclination,1,4221
contemptible,1,4222
suspend,1,4223
fine-dressing,1,4224
square,1,4225
armed,1,4226
shelf,1,4227
remonstrance,1,4228
her's,1,4229
curate's,1,4230
inquiry,1,4231
inheriting,1,4232
reverses,1,4233
eight-and-thirty,1,4234
rationally,1,4235
too-commanding,1,4236
treaty,1,4237
workmen,1,4238
enviable,1,4239
wriggles,1,4240
graceful,1,4241
ends,1,4242
trent,1,4243
speedy,1,4244
grandfathers,1,4245
dashing,1,4246
foresaw,1,4247
male,1,4248
vouch,1,4249
pooles,1,4250
testify,1,4251
balanced,1,4252
staggering,1,4253
nuts,1,4254
attacks,1,4255
bathing,1,4256
devise,1,4257
connect,1,4258
plumpness,1,4259
inexpressibly,1,4260
sonnet,1,4261
dissipations,1,4262
bitterness,1,4263
cuts,1,4264
flight,1,4265
vanished,1,4266
longest,1,4267
twenty-two,1,4268
finis,1,4269
pursue,1,4270
length,1,4271
self-will,1,4272
compromising,1,4273
schoolmaster,1,4274
leg,1,4275
discovered,1,4276
accidental,1,4277
deficiency,1,4278
indiscreet,1,4279
preachers,1,4280
prided,1,4281
astray,1,4282
thoughtless,1,4283
refer,1,4284
ardent,1,4285
break,1,4286
slighting,1,4287
soldiers,1,4288
indecisive,1,4289
impose,1,4290
temperament,1,4291
arm-in-arm,1,4292
contrive,1,4293
overlooking,1,4294
broad,1,4295
suffers,1,4296
quarrelling,1,4297
considers,1,4298
pale,1,4299
enthusiast,1,4300
sorrowing,1,4301
gets,1,4302
mischance,1,4303
hammer,1,4304
indelible,1,4305
borough,1,4306
springing,1,4307
impart,1,4308
blindness,1,4309
tressels,1,4310
insinuations,1,4311
surgeon's,1,4312
route,1,4313
loyalty,1,4314
suspicions,1,4315
printer's,1,4316
loveliest,1,4317
politicians,1,4318
fearlessness,1,4319
succession,1,4320
restoring,1,4321
matrimony,1,4322
unlucky,1,4323
feelingly,1,4324
comprise,1,4325
opposer,1,4326
condemning,1,4327
saturday,1,4328
privateers,1,4329
investigate,1,4330
sorrowful,1,4331
endless,1,4332
good-hearted,1,4333
instruction,1,4334
familiar,1,4335
conducted,1,4336
ascended,1,4337
testimonies,1,4338
whispers,1,4339
embellishments,1,4340
hurt,1,4341
level,1,4342
guile,1,4343
submitting,1,4344
precaution,1,4345
arise,1,4346
gross,1,4347
slightingly,1,4348
"truly,--wm",1,4349
consoling,1,4350
respecting,1,4351
reddening,1,4352
fed,1,4353
unlooked,1,4354
incalculable,1,4355
urgency,1,4356
transposed,1,4357
nursery-maids,1,4358
cook,1,4359
applicant,1,4360
undone,1,4361
contradicted,1,4362
committed,1,4363
denoted,1,4364
oblige,1,4365
quicken,1,4366
sung,1,4367
striving,1,4368
governess's,1,4369
fellow's,1,4370
prejudices,1,4371
carpentered,1,4372
match-maker,1,4373
consultations,1,4374
sick-room,1,4375
resort,1,4376
hating,1,4377
hardness,1,4378
curl,1,4379
baited,1,4380
rat-hunting,1,4381
high-spirited,1,4382
enquirer,1,4383
abominable,1,4384
indisputably,1,4385
compact,1,4386
handwriting,1,4387
fire-place,1,4388
imperfect,1,4389
prudence,1,4390
gown,1,4391
diverting,1,4392
remorse,1,4393
clerks,1,4394
acre,1,4395
farm-house,1,4396
diversified,1,4397
equals,1,4398
defer,1,4399
deducting,1,4400
resolving,1,4401
dirt,1,4402
go--charles,1,4403
dismissal,1,4404
decisive,1,4405
privations,1,4406
skin,1,4407
dependencies,1,4408
legible,1,4409
re-kindled,1,4410
advertise,1,4411
pattens,1,4412
riding,1,4413
insertion,1,4414
hayter's,1,4415
two-and-twenty,1,4416
trespass,1,4417
judiciously,1,4418
unpolished,1,4419
arranger,1,4420
anne--but,1,4421
dignified,1,4422
periods,1,4423
inadvertencies,1,4424
dinner-parties,1,4425
ears,1,4426
condescending,1,4427
fires,1,4428
far-famed,1,4429
hurricane,1,4430
astonish,1,4431
closer,1,4432
proverbial,1,4433
recapitulation,1,4434
owing,1,4435
scissors,1,4436
fated,1,4437
mistaking,1,4438
perpetuated,1,4439
narrow,1,4440
thoughtfulness,1,4441
weasel,1,4442
assuming,1,4443
rewards,1,4444
love-song,1,4445
gaining,1,4446
attends,1,4447
internally,1,4448
suppositions,1,4449
accuse,1,4450
dissent,1,4451
weathered,1,4452
courtesies,1,4453
lowest,1,4454
crown,1,4455
served,1,4456
intervening,1,4457
cash,1,4458
regulating,1,4459
dry,1,4460
entertainment,1,4461
unsuspicious,1,4462
illiberal,1,4463
implying,1,4464
destruction,1,4465
intervention,1,4466
sea-air,1,4467
inspire,1,4468
canvass,1,4469
body's,1,4470
hunting,1,4471
reported,1,4472
hunt,1,4473
formality,1,4474
lateness,1,4475
untaught,1,4476
tastes,1,4477
prettier,1,4478
tenements,1,4479
neighbour's,1,4480
rains,1,4481
brother-officers,1,4482
sleep,1,4483
reasonably,1,4484
procuring,1,4485
heroism,1,4486
hail,1,4487
recognise,1,4488
multiply,1,4489
minehead,1,4490
ingratitude,1,4491
fainter,1,4492
beautifying,1,4493
meditation,1,4494
feebleness,1,4495
eligibilities,1,4496
critical,1,4497
tradespeople,1,4498
saleable,1,4499
divisions,1,4500
simplicity,1,4501
graciousness,1,4502
shapeless,1,4503
outwardly,1,4504
perpetually,1,4505
hideous,1,4506
tiresome,1,4507
practised,1,4508
strip,1,4509
screen,1,4510
scientific,1,4511
sea-faring,1,4512
exceeding,1,4513
seated,1,4514
whine,1,4515
immethodical,1,4516
caprice,1,4517
proprieties,1,4518
aunts,1,4519
grierson,1,4520
arguing,1,4521
attendant,1,4522
odious,1,4523
unexpectedly,1,4524
placid,1,4525
disengaged,1,4526
outer,1,4527
inequality,1,4528
practices,1,4529
darings,1,4530
creation,1,4531
slam,1,4532
swept,1,4533
toiling,1,4534
scanty,1,4535
ungenteel,1,4536
faithful,1,4537
unfelt,1,4538
exquisitely,1,4539
simplest,1,4540
repulsively,1,4541
reclaimed,1,4542
narration,1,4543
resigned,1,4544
prone,1,4545
intimation,1,4546
temptation,1,4547
alternatives,1,4548
poems,1,4549
pathetic,1,4550
patronised,1,4551
wonted,1,4552
silk,1,4553
twenty-three,1,4554
purse,1,4555
bank,1,4556
fought,1,4557
dusk,1,4558
apprehensive,1,4559
plaguing,1,4560
doubtingly,1,4561
horribly,1,4562
forego,1,4563
million,1,4564
furnishing,1,4565
assuage,1,4566
knit,1,4567
joyous-talking,1,4568
senseless,1,4569
wary,1,4570
abominates,1,4571
deplore,1,4572
lies,1,4573
lighten,1,4574
"smith,--i",1,4575
reckon,1,4576
ordering,1,4577
neatness,1,4578
shyness,1,4579
cheer,1,4580
hang,1,4581
bush,1,4582
yeomen,1,4583
infected,1,4584
covet,1,4585
discharging,1,4586
frights,1,4587
stern,1,4588
deviated,1,4589
mistress's,1,4590
erring,1,4591
mischievous,1,4592
collection,1,4593
revel,1,4594
concealing,1,4595
queer,1,4596
domingo,1,4597
misunderstood,1,4598
impressively,1,4599
playful,1,4600
fait,1,4601
informs,1,4602
misconceived,1,4603
eighty-seven,1,4604
safer,1,4605
helped,1,4606
marmion,1,4607
pavements,1,4608
anticipation,1,4609
accosted,1,4610
saddened,1,4611
junction,1,4612
refinement,1,4613
afterwards.--she,1,4614
trained,1,4615
another's,1,4616
glass,1,4617
absurdity,1,4618
transgressed,1,4619
disfigured,1,4620
studied,1,4621
unsisterly,1,4622
blinds,1,4623
concealments,1,4624
strafford,1,4625
devoting,1,4626
probabilities,1,4627
lake,1,4628
taxes,1,4629
againsts,1,4630
gadding,1,4631
acquitted,1,4632
reverie,1,4633
newspapermen,1,4634
labours,1,4635
tease,1,4636
justness,1,4637
nose,1,4638
eventually,1,4639
feature,1,4640
revenge,1,4641
surname,1,4642
bishop,1,4643
children's,1,4644
cling,1,4645
colonnade,1,4646
torn,1,4647
requited,1,4648
mar,1,4649
inexcusable,1,4650
oppression,1,4651
management,1,4652
topic,1,4653
stretching,1,4654
gifts,1,4655
ensured,1,4656
fifty-four,1,4657
and--were,1,4658
accustomary,1,4659
contractions,1,4660
hopelessness,1,4661
rejected,1,4662
accent,1,4663
swears,1,4664
well-grown,1,4665
chairs,1,4666
salts,1,4667
forwardness,1,4668
mainly,1,4669
similarity,1,4670
lay,1,4671
exalt,1,4672
mortify,1,4673
managing,1,4674
ascending,1,4675
puzzling,1,4676
instantaneously,1,4677
gravel,1,4678
proverbs,1,4679
condescended,1,4680
retrace,1,4681
protected,1,4682
intrude,1,4683
offspring,1,4684
spoils,1,4685
boasting,1,4686
retract,1,4687
thinks--oh,1,4688
sweet-tempered,1,4689
excursions,1,4690
bough,1,4691
enjoying,1,4692
prettiness,1,4693
famous,1,4694
leaned,1,4695
urging,1,4696
catalogue,1,4697
insisting,1,4698
orange,1,4699
dinner-time,1,4700
glimpses,1,4701
image,1,4702
carpet,1,4703
strictest,1,4704
obstinate,1,4705
felow,1,4706
member,1,4707
f,1,4708
morality,1,4709
right-mindedness,1,4710
boldly,1,4711
proprietors,1,4712
uncertainty,1,4713
lamented,1,4714
commonplace,1,4715
outweighed,1,4716
bathed,1,4717
banish,1,4718
plainly,1,4719
calculates,1,4720
apart,1,4721
tasting,1,4722
residents,1,4723
shoulder,1,4724
set-to,1,4725
hates,1,4726
authorising,1,4727
immense,1,4728
assuring,1,4729
anyone,1,4730
shade,1,4731
distinct,1,4732
gloomy,1,4733
balance,1,4734
today,1,4735
singularity,1,4736
recognising,1,4737
boatmen,1,4738
infatuation,1,4739
pride--the,1,4740
unobserved,1,4741
danced,1,4742
transmitted,1,4743
nothing-saying,1,4744
finishing,1,4745
housekeeping,1,4746
differ,1,4747
inure,1,4748
humouredly,1,4749
noon,1,4750
conjunctions,1,4751
valet,1,4752
revelled,1,4753
unbecoming,1,4754
inspired,1,4755
assorting,1,4756
taught,1,4757
artist,1,4758
accession,1,4759
shelves,1,4760
admirer,1,4761
defeating,1,4762
stupidity,1,4763
counted,1,4764
officious,1,4765
constructed,1,4766
killed,1,4767
desperate,1,4768
destiny,1,4769
kindle,1,4770
defy,1,4771
resorted,1,4772
partial,1,4773
"anne,--i",1,4774
coloured,1,4775
archly,1,4776
laundress,1,4777
youthful,1,4778
alienable,1,4779
electrified,1,4780
wherewith,1,4781
notoriety,1,4782
entangled,1,4783
clothe,1,4784
grey,1,4785
protests,1,4786
alternation,1,4787
unforgiving,1,4788
beside,1,4789
subsisted,1,4790
recurring,1,4791
approachable,1,4792
sealed,1,4793
syllable,1,4794
backed,1,4795
painfully,1,4796
fare,1,4797
elizabeths,1,4798
seize,1,4799
well-spelt,1,4800
disobliging,1,4801
sour,1,4802
tawny,1,4803
mad,1,4804
bodies,1,4805
incumbrance,1,4806
stealing,1,4807
sighs,1,4808
sparingly,1,4809
fathers,1,4810
rubbed,1,4811
title,1,4812
genius,1,4813
refrain,1,4814
romance,1,4815
stretched,1,4816
toys,1,4817
thick-headed,1,4818
stock,1,4819
spurned,1,4820
shops,1,4821
unfledged,1,4822
casements,1,4823
i'll,1,4824
permitted,1,4825
china,1,4826
obtain,1,4827
soothing,1,4828
sweeps,1,4829
tauntingly,1,4830
native,1,4831
chimney,1,4832
dies,1,4833
lip,1,4834
unprejudiced,1,4835
undesired,1,4836
miserable,1,4837
inconstancy,1,4838
thames,1,4839
hollow,1,4840
crow's,1,4841
suspended,1,4842
treating,1,4843
new-formed,1,4844
tenantry,1,4845
imaged,1,4846
overthrow,1,4847
past--and,1,4848
excessive,1,4849
bending,1,4850
modify,1,4851
relieve,1,4852
accomplishment,1,4853
seizure,1,4854
lodging-house,1,4855
amusements,1,4856
speculations,1,4857
old-fashioned,1,4858
paltry,1,4859
stuck,1,4860
swinging,1,4861
maintenance,1,4862
avoiding,1,4863
superiors,1,4864
detected,1,4865
judging,1,4866
ill--a,1,4867
mercy,1,4868
issue,1,4869
offers,1,4870
brief,1,4871
sheep,1,4872
extravagance,1,4873
dividing,1,4874
represent,1,4875
summarily,1,4876
cap,1,4877
combat,1,4878
submissive,1,4879
defiance,1,4880
pleasure-grounds,1,4881
conjecture,1,4882
bermuda,1,4883
dullest,1,4884
frankness,1,4885
stupid,1,4886
adieu,1,4887
restoratives,1,4888
wont,1,4889
injurious,1,4890
umbrellas,1,4891
merchandise,1,4892
pleasing--the,1,4893
formidable,1,4894
sailor's,1,4895
advise,1,4896
re-settling,1,4897
brother-in-law,1,4898
unimportant,1,4899
plods,1,4900
excepted,1,4901
pace,1,4902
hide,1,4903
perticular,1,4904
inducement,1,4905
falling,1,4906
unsettled,1,4907
tossed,1,4908
supplanted,1,4909
hey,1,4910
estimable,1,4911
madness,1,4912
reminded,1,4913
unreasonableness,1,4914
persuasions,1,4915
pacing,1,4916
hair,1,4917
romancing,1,4918
three-shilling,1,4919
callers,1,4920
collects,1,4921
rut,1,4922
idly,1,4923
varied,1,4924
inverted,1,4925
holly,1,4926
consigned,1,4927
curtains,1,4928
irremediable,1,4929
bawling,1,4930
heat,1,4931
deranged,1,4932
forest,1,4933
chattering,1,4934
withered,1,4935
resources,1,4936
confidential,1,4937
chances,1,4938
successful,1,4939
quickness,1,4940
wisdom,1,4941
whither,1,4942
century,1,4943
comforters,1,4944
mountains,1,4945
good-breeding,1,4946
chatted,1,4947
methods,1,4948
january,1,4949
misconstruction,1,4950
heartless,1,4951
enclosures,1,4952
equality,1,4953
pervading,1,4954
commonwealth,1,4955
coat,1,4956
engrafted,1,4957
inaccessible,1,4958
precipitate,1,4959
elder,1,4960
forgetful,1,4961
blunder,1,4962
heave,1,4963
avert,1,4964
extended,1,4965
lists,1,4966
sobering,1,4967
examine,1,4968
abode,1,4969
pins,1,4970
accessions,1,4971
stuff,1,4972
vext,1,4973
rear,1,4974
steeper,1,4975
shaped,1,4976
tempers,1,4977
dealings,1,4978
wrist,1,4979
assistants,1,4980
overflowing,1,4981
purchased,1,4982
shorter,1,4983
mystery,1,4984
labourers,1,4985
extinguish,1,4986
"clergyman;--""and",1,4987
deprecated,1,4988
fatal,1,4989
wells,1,4990
nine-and-twenty,1,4991
essentials,1,4992
comprehensible,1,4993
muffin-men,1,4994
doubting,1,4995
preserves,1,4996
umbrella,1,4997
aspect,1,4998
harder,1,4999
patronize,1,5000
likeness,1,5001
estranged,1,5002
fruit,1,5003
marking,1,5004
soft,1,5005
mend,1,5006
butler,1,5007
under-hung,1,5008
poignant,1,5009
prompting,1,5010
hesitate,1,5011
disagrees,1,5012
unobservant,1,5013
by-the-bye,1,5014
resented,1,5015
unison,1,5016
reader,1,5017
defend,1,5018
vacancies,1,5019
granted,1,5020
rejoined,1,5021
evening's,1,5022
guilt,1,5023
silenced,1,5024
ill-fated,1,5025
re-perusal,1,5026
smarting,1,5027
communications,1,5028
stays,1,5029
decrepitude,1,5030
mortgage,1,5031
cellars,1,5032
voluntary,1,5033
futurity,1,5034
stretch,1,5035
abstraction,1,5036
tidings,1,5037
false,1,5038
indecision,1,5039
tune,1,5040
wight,1,5041
gratify,1,5042
executor,1,5043
pear-tree,1,5044
disgraceful,1,5045
drop's,1,5046
forbad,1,5047
dog,1,5048
substitution,1,5049
dears,1,5050
privilege,1,5051
care-worn,1,5052
forbearing,1,5053
pockets,1,5054
fling,1,5055
examination,1,5056
possessor,1,5057
smother,1,5058
bills,1,5059
atonement,1,5060
barrier,1,5061
discoveries,1,5062
passer-by,1,5063
claiming,1,5064
unusual,1,5065
dispensation,1,5066
kicking,1,5067
rupture,1,5068
woe,1,5069
ungrateful,1,5070
dinings,1,5071
skilful,1,5072
control,1,5073
choicest,1,5074
stable-yard,1,5075
pacify,1,5076
frost,1,5077
dab-chick,1,5078
hears,1,5079
twelve-month,1,5080
sobs,1,5081
forbid,1,5082
acquittal,1,5083
rivals,1,5084
relinquishment,1,5085
rector,1,5086
prevents,1,5087
shipwrecked,1,5088
streights,1,5089
contents,1,5090
quivering,1,5091
comprised,1,5092
sore,1,5093
contemptuous,1,5094
guarding,1,5095
complication,1,5096
sympathized,1,5097
improbable,1,5098
impassioned,1,5099
recently-improved,1,5100
grove,1,5101
representatives,1,5102
promoted,1,5103
premises,1,5104
heels,1,5105
unreservedly,1,5106
impeaching,1,5107
merged,1,5108
bled,1,5109
neighbouring,1,5110
self-command,1,5111
inserting,1,5112
persuading,1,5113
barely,1,5114
shaking,1,5115
ugly,1,5116
greeted,1,5117
laws,1,5118
accord,1,5119
well-meaning,1,5120
prey,1,5121
offend,1,5122
personableness,1,5123
sturdy,1,5124
misuse,1,5125
wretchedly,1,5126
bride,1,5127
lame,1,5128
unperplexed,1,5129
reluctantly,1,5130
yearly,1,5131
morley,1,5132
beach,1,5133
flushed,1,5134
gunsmith's,1,5135
approaching,1,5136
netting-needles,1,5137
depends,1,5138
reins,1,5139
operated,1,5140
couples,1,5141
shaving,1,5142
emendation,1,5143
creature's,1,5144
gold,1,5145
rates,1,5146
deceived,1,5147
pleases,1,5148
falter,1,5149
reap,1,5150
glare,1,5151
library,1,5152
expedition,1,5153
bold,1,5154
repeat,1,5155
welfare,1,5156
affecting,1,5157
well-informed,1,5158
suitably,1,5159
project,1,5160
understands,1,5161
fine--i,1,5162
abydos,1,5163
moderate,1,5164
expose,1,5165
bequeath,1,5166
disrespectful,1,5167
"motto:--""principal",1,5168
spicers,1,5169
genteel,1,5170
provide,1,5171
pair,1,5172
unproductively,1,5173
depression,1,5174
nicety,1,5175
projecting,1,5176
stares,1,5177
contributed,1,5178
discontented,1,5179
brightening,1,5180
usages,1,5181
injured,1,5182
yard-arm,1,5183
earnestness,1,5184
ponder,1,5185
dreamt,1,5186
hazarded,1,5187
starts,1,5188
striking,1,5189
governess,1,5190
tolerate--which,1,5191
assiduously,1,5192
house-maid,1,5193
struggles,1,5194
baths,1,5195
exhibited,1,5196
physician,1,5197
necessaries,1,5198
empowered,1,5199
welcomed,1,5200
mantel,1,5201
corpse-like,1,5202
foretold,1,5203
avarice,1,5204
struggling,1,5205
steep,1,5206
determine,1,5207
furnished,1,5208
recognition,1,5209
headache,1,5210
ailed,1,5211
dressy,1,5212
allusion,1,5213
folding-doors,1,5214
surveyor,1,5215
reports,1,5216
reseated,1,5217
broadest,1,5218
detailed,1,5219
pretending,1,5220
nettles,1,5221
pleasantest,1,5222
immortality,1,5223
listener's,1,5224
undue,1,5225
nameless,1,5226
shows,1,5227
carrying,1,5228
ride,1,5229
same--her,1,5230
everybody's,1,5231
speedily,1,5232
energy,1,5233
you--all,1,5234
repaid,1,5235
parson,1,5236
advertised,1,5237
baronight,1,5238
contemplating,1,5239
bustling,1,5240
captiously,1,5241
contributing,1,5242
undesirableness,1,5243
hushed,1,5244
unrivalled,1,5245
folded,1,5246
branch,1,5247
glossy,1,5248
eclat,1,5249
originated,1,5250
brand,1,5251
follies,1,5252
farm,1,5253
sunny,1,5254
meanwhile,1,5255
resettled,1,5256
movements,1,5257
prematurely,1,5258
blameless,1,5259
frederick's,1,5260
solution,1,5261
labouring,1,5262
equipage,1,5263
calculate,1,5264
bridge,1,5265
undertook,1,5266
upwards,1,5267
missing,1,5268
courting,1,5269
attempting,1,5270
invaluable,1,5271
subsequent,1,5272
betimes,1,5273
smokes,1,5274
autumnal,1,5275
ejaculations,1,5276
plea,1,5277
preconcerted,1,5278
renew,1,5279
newest,1,5280
refreshing,1,5281
supplement,1,5282
duplicate,1,5283
faculties,1,5284
prior,1,5285
groups,1,5286
velvet,1,5287
superiorities,1,5288
confessing,1,5289
replaced,1,5290
experienced,1,5291
unluckily,1,5292
dining-rooms,1,5293
bustles,1,5294
attentively,1,5295
persisting,1,5296
louise,1,5297
variance,1,5298
whereabouts,1,5299
operate,1,5300
reflected,1,5301
singular,1,5302
unfeudal,1,5303
noisy,1,5304
endangering,1,5305
double-barrel,1,5306
recanting,1,5307
contracted,1,5308
generation,1,5309
front,1,5310
duodecimo,1,5311
acute,1,5312
excluded,1,5313
damp,1,5314
quantity,1,5315
professing,1,5316
publicly,1,5317
dimming,1,5318
blind,1,5319
endured,1,5320
refutation,1,5321
breakfast-room,1,5322
gratefully,1,5323
brotherliness,1,5324
frosty,1,5325
dropt,1,5326
concussion,1,5327
unwearied,1,5328
drawing-back,1,5329
grossly,1,5330
solemnity,1,5331
nevertheless,1,5332
smoking,1,5333
gloom,1,5334
fasten,1,5335
bell,1,5336
secondary,1,5337
gleaning,1,5338
deficiencies,1,5339
shoot,1,5340
unsafe,1,5341
jumping,1,5342
funds,1,5343
joyous,1,5344
repulsive,1,5345
altering,1,5346
disliked,1,5347
treading,1,5348
steadfast,1,5349
unabsurd,1,5350
switch,1,5351
brow,1,5352
comfortless,1,5353
plague,1,5354
justly,1,5355
hot,1,5356
unvarying,1,5357
petty,1,5358
bruises,1,5359
flag,1,5360
insulted,1,5361
traveller,1,5362
lace,1,5363
equalled,1,5364
betide,1,5365
tables,1,5366
declarations,1,5367
tea,1,5368
reduce,1,5369
heirs,1,5370
fishing-net,1,5371
wearisome,1,5372
disturbed,1,5373
zealously,1,5374
expedient,1,5375
adieus,1,5376
behave,1,5377
subtleties,1,5378
acres,1,5379
accommodating,1,5380
variations,1,5381
snatched,1,5382
adapted,1,5383
anticipate,1,5384
gnawing,1,5385
youth-killing,1,5386
beneficial,1,5387
stockings,1,5388
piano,1,5389
cliff,1,5390
profound,1,5391
retrenching,1,5392
assenting,1,5393
descried,1,5394
springs,1,5395
au,1,5396
expenditure,1,5397
inexhaustible,1,5398
dissipated,1,5399
scornfully,1,5400
provocation,1,5401
dejected,1,5402
lifting,1,5403
flurried,1,5404
parsonage,1,5405
insisted,1,5406
original,1,5407
embellishment,1,5408
convictions,1,5409
guarded,1,5410
yard,1,5411
extraordinarily,1,5412
scrawl,1,5413
overheard,1,5414
self-delusion,1,5415
brightness,1,5416
chambers,1,5417
jane,1,5418
unbending,1,5419
imbibed,1,5420
passports,1,5421
five-and-thirty,1,5422
sameness,1,5423
resentful,1,5424
unaccountable,1,5425
deplorable-looking,1,5426
dugdale,1,5427
surrounding,1,5428
contended,1,5429
theory,1,5430
sink,1,5431
troubles,1,5432
sea-shore,1,5433
admiralty,1,5434
escorted,1,5435
special,1,5436
triumphantly,1,5437
lansdown,1,5438
resolved,1,5439
ill-disposed,1,5440
affronted,1,5441
unnatural,1,5442
paths,1,5443
ibbotsons,1,5444
thanks,1,5445
augmented,1,5446
unwillingly,1,5447
self-amusement,1,5448
glee,1,5449
associates,1,5450
milkmen,1,5451
attract,1,5452
freshness,1,5453
lodgers,1,5454
fraternal,1,5455
retiring,1,5456
painting,1,5457
wheedled,1,5458
labour,1,5459
displaying,1,5460
unshackled,1,5461
refresh,1,5462
unprofitable,1,5463
isle,1,5464
security,1,5465
coarseness,1,5466
glories,1,5467
mood,1,5468
stead,1,5469
tenderest,1,5470
pulteney,1,5471
frequenting,1,5472
delayed,1,5473
mediterranean,1,5474
fragments,1,5475
avail,1,5476
alertness,1,5477
privileged,1,5478
cultivation,1,5479
reprobates,1,5480
chancing,1,5481
foot-boy,1,5482
endurances,1,5483
uses,1,5484
exaggeration,1,5485
ready-furnished,1,5486
sell,1,5487
audible,1,5488
impartially,1,5489
obtaining,1,5490
take-leave,1,5491
irrational,1,5492
sprang,1,5493
delivered,1,5494
e,1,5495
neck,1,5496
dick's,1,5497
prompt,1,5498
ribbons,1,5499
instinct,1,5500
feels,1,5501
tempt,1,5502
praises,1,5503
retain,1,5504
depriving,1,5505
vestibule,1,5506
rouge,1,5507
deprived,1,5508
ensure,1,5509
humbler,1,5510
manage,1,5511
tapping,1,5512
bare-faced,1,5513
yestermorn,1,5514
courtships,1,5515
equalling,1,5516
implicit,1,5517
unexceptionable,1,5518
unalterable,1,5519
march,1,5520
trodden,1,5521
wainscot,1,5522
evade,1,5523
perceiving,1,5524
eligible,1,5525
official,1,5526
carelessly,1,5527
reserving,1,5528
housekeepers,1,5529
preliminary,1,5530
proficient,1,5531
profitable,1,5532
sedulously,1,5533
maid-servant,1,5534
byron's,1,5535
clinging,1,5536
mother-in-law's,1,5537
whoever,1,5538
suavity,1,5539
inhumanity,1,5540
sufferer,1,5541
ailments,1,5542
insincerity,1,5543
audibly,1,5544
enclosed,1,5545
green,1,5546
teach,1,5547
granting,1,5548
retirement,1,5549
surmised,1,5550
never-ending,1,5551
deed,1,5552
cold-blooded,1,5553
endurable,1,5554
expressing,1,5555
representative,1,5556
urged,1,5557
issuing,1,5558
chill,1,5559
occasional,1,5560
admirably,1,5561
indispensable,1,5562
harmony,1,5563
regaling,1,5564
misapprehension,1,5565
resembling,1,5566
carelessness,1,5567
amendment,1,5568
disquiet,1,5569
world--nor,1,5570
broodings,1,5571
precluded,1,5572
actuated,1,5573
stout,1,5574
below,1,5575
remnant,1,5576
gracefully,1,5577
gad,1,5578
numbers,1,5579
qualities,1,5580
interposed,1,5581
poisonous,1,5582
humiliating,1,5583
odd-looking,1,5584
advancing,1,5585
commonest,1,5586
contemptuously,1,5587
cork,1,5588
panel,1,5589
quest,1,5590
recital,1,5591
incapable,1,5592
license,1,5593
branches,1,5594
dearest,1,5595
sheweth,1,5596
breeze,1,5597
pier,1,5598
beat,1,5599
personally,1,5600
hairs,1,5601
judgements,1,5602
catastrophe,1,5603
popularity,1,5604
accompany,1,5605
renting,1,5606
incessant,1,5607
waggons,1,5608
legacy,1,5609
imitation,1,5610
trafalgar,1,5611
advance,1,5612
irritable,1,5613
rare,1,5614
acceptance,1,5615
high-priced,1,5616
absenting,1,5617
spontaneously,1,5618
resting,1,5619
mackenzie,1,5620
associated,1,5621
document,1,5622
fresher,1,5623
truths,1,5624
violation,1,5625
decencies,1,5626
aye,1,5627
desirableness,1,5628
pushed,1,5629
verses,1,5630
misty,1,5631
exit,1,5632
verse,1,5633
fatigued,1,5634
manly,1,5635
inconsolable,1,5636
swear,1,5637
desert,1,5638
gift,1,5639
abundance,1,5640
bend,1,5641
clink,1,5642
spine,1,5643
baronet-blood,1,5644
investigation,1,5645
plight,1,5646
queen,1,5647
stopping,1,5648
jesting,1,5649
unhappiness,1,5650
sun,1,5651
confided,1,5652
paced,1,5653
cordially,1,5654
oath,1,5655
scarecrows,1,5656
misconduct,1,5657
to-night,1,5658
decides,1,5659
haggard,1,5660
molland's,1,5661
enlargement,1,5662
smart,1,5663
grows,1,5664
appreciation,1,5665
test,1,5666
roaring,1,5667
affront,1,5668
growth,1,5669
ill-judged,1,5670
supportable,1,5671
embargo,1,5672
unwise,1,5673
anguish,1,5674
elbow,1,5675
conveniently,1,5676
tremulously,1,5677
appears--i,1,5678
western,1,5679
quotation,1,5680
leave-taking,1,5681
austen,1,5682
strikingly,1,5683
wholesome,1,5684
despised,1,5685
gratifying,1,5686
envied,1,5687
permanent,1,5688
agreeing,1,5689
religious,1,5690
bitterest,1,5691
fellow-creatures,1,5692
authentic,1,5693
insensibility,1,5694
once--it,1,5695
comforted,1,5696
revive,1,5697
ingenuity,1,5698
dispel,1,5699
governing,1,5700
grandchildren,1,5701
self-threatenings,1,5702
1st,1,5703
mankind,1,5704
continue,1,5705
import,1,5706
owned,1,5707
circumventing,1,5708
doubted,1,5709
robinson's,1,5710
unanswered,1,5711
wasted,1,5712
dangers,1,5713
twenty-nine,1,5714
throughout,1,5715
sauntering,1,5716
alterations,1,5717
stream,1,5718
miniature,1,5719
re-entered,1,5720
assume,1,5721
respectably,1,5722
people's,1,5723
pitied,1,5724
islands,1,5725
amazingly,1,5726
medical,1,5727
avoidance,1,5728
humours,1,5729
himself!--she,1,5730
oddly,1,5731
richard's,1,5732
governance,1,5733
characteristic,1,5734
imperfection,1,5735
re-urge,1,5736
dab,1,5737
nothings,1,5738
hesitatingly,1,5739
thence,1,5740
inadvertence,1,5741
non-commissioned,1,5742
assistant,1,5743
ostentatiously,1,5744
man--but,1,5745
record,1,5746
card-player,1,5747
statement,1,5748
unpersuadable,1,5749
perpetrated,1,5750
preserver,1,5751
grand,1,5752
proposing,1,5753
durands,1,5754
component,1,5755
prevail,1,5756
languor,1,5757
shelter,1,5758
cheerless,1,5759
world's,1,5760
wreck,1,5761
appeased,1,5762
cheap,1,5763
completed,1,5764
cavil,1,5765
assembled,1,5766
incurable,1,5767
knife,1,5768
acquisition,1,5769
objected,1,5770
cripple,1,5771
injunctions,1,5772
re-admitted,1,5773
enemy,1,5774
maintain,1,5775
brethren,1,5776
sighing,1,5777
blunders,1,5778
as--if,1,5779
disgusting,1,5780
bewildering,1,5781
rousing,1,5782
borders,1,5783
enforce,1,5784
sedentary,1,5785
door-bell,1,5786
trays,1,5787
burden,1,5788
exclamation,1,5789
grievances,1,5790
frank,1,5791
doubtless,1,5792
cupboards,1,5793
incompatible,1,5794
serve,1,5795
aristocratic,1,5796
cleansed,1,5797
romantic,1,5798
harden,1,5799
god-daughter,1,5800
a-shooting,1,5801
fascination,1,5802
dwelling,1,5803
worsting,1,5804
german,1,5805
younker,1,5806
fastidiousness,1,5807
popular,1,5808
flagrant,1,5809
confer,1,5810
assizes,1,5811
significance,1,5812
estimation,1,5813
disclosed,1,5814
tale,1,5815
sympathize,1,5816
insinuating,1,5817
kneel,1,5818
vanquished,1,5819
interruption,1,5820
endeavouring,1,5821
affronts,1,5822
tears,1,5823
tree,1,5824
complicate,1,5825
satin,1,5826
"alacrity--""she",1,5827
wealth,1,5828
baldwin's,1,5829
rally,1,5830
homage,1,5831
compressed,1,5832
governor,1,5833
admires,1,5834
injuries,1,5835
unpacked,1,5836
apples,1,5837
infuse,1,5838
scolding,1,5839
crape,1,5840
expressive,1,5841
sarcastically,1,5842
cluster,1,5843
expedited,1,5844
paternal,1,5845
unnecessarily,1,5846
advisable,1,5847
rule,1,5848
literary,1,5849
foremost,1,5850
headship,1,5851
rowed,1,5852
restorative,1,5853
honourably,1,5854
symptom,1,5855
hither,1,5856
unacknowledged,1,5857
partly,1,5858
groom,1,5859
useless,1,5860
traveller's,1,5861
originals,1,5862
doted,1,5863
sacrificing,1,5864
breathings,1,5865
nephew's,1,5866
re-union,1,5867
blow,1,5868
breeze--and,1,5869
fickleness,1,5870
amount,1,5871
agent,1,5872
resuming,1,5873
slowly,1,5874
minded,1,5875
prized,1,5876
mechanically,1,5877
spots,1,5878
derived,1,5879
civilly,1,5880
indenture,1,5881
hearing--(it,1,5882
seemingly,1,5883
vigorous,1,5884
home--am,1,5885
desperation,1,5886
unattended,1,5887
extant,1,5888
handed,1,5889
despondency,1,5890
hysterics,1,5891
cottagers,1,5892
posted,1,5893
grazier,1,5894
well-bound,1,5895
folks,1,5896
treasures,1,5897
steadiest,1,5898
depending,1,5899
diffused,1,5900
footsteps,1,5901
fervour,1,5902
timidity,1,5903
dung-cart,1,5904
lavish,1,5905
prophesied,1,5906
adopt,1,5907
defying,1,5908
obscure,1,5909
blinding,1,5910
indignantly,1,5911
restore,1,5912
well-known,1,5913
clamour,1,5914
sufficiently,1,5915
recommencing,1,5916
misfortunes,1,5917
distrusted,1,5918
recomposed,1,5919
earn,1,5920
smirked,1,5921
family-piece,1,5922
lodging,1,5923
beautifier,1,5924
consciously,1,5925
gives,1,5926
in-doors,1,5927
attribute,1,5928
spoiled,1,5929
approving,1,5930
toward,1,5931
felicities,1,5932
jar,1,5933
frames,1,5934
horrible,1,5935
frosts,1,5936
canvassed,1,5937
indignant,1,5938
gladden,1,5939
sympathising,1,5940
fraught,1,5941
frankland,1,5942
existing,1,5943
tight,1,5944
retentive,1,5945
endeavours,1,5946
bursts,1,5947
self-importance,1,5948
subdued,1,5949
exemplify,1,5950
powerless,1,5951
carts,1,5952
regain,1,5953
alienations,1,5954
sparrows,1,5955
family-union,1,5956
compelled,1,5957
feign,1,5958
footpath,1,5959
enumeration,1,5960
needful,1,5961
emulating,1,5962
error,1,5963
brook,1,5964
supposes,1,5965
check,1,5966
appreciate,1,5967
z,1,5968
speechless,1,5969
mourner--only,1,5970
lifeless,1,5971
mightily,1,5972
terror,1,5973
long-petted,1,5974
indulges,1,5975
quick-changing,1,5976
darting,1,5977
orchard,1,5978
poured,1,5979
sinner,1,5980
incommoded,1,5981
accurately,1,5982
moderate-sized,1,5983
over-anxious,1,5984
fors,1,5985
unsoftened,1,5986
sequestration,1,5987
readers,1,5988
lighted,1,5989
conversations,1,5990
guests,1,5991
precepts,1,5992
fearfully,1,5993
