Word,Frequency,Rank
the,439,1
and,348,2
of,146,3
in,141,4
a,127,5
i,125,6
to,111,7
my,83,8
with,66,9
his,57,10
he,54,11
is,52,12
little,45,13
on,44,14
they,44,15
thee,42,16
all,39,17
that,39,18
but,38,19
not,37,20
like,35,21
thou,35,22
their,34,23
me,34,24
her,34,25
from,32,26
for,32,27
thy,31,28
then,30,29
was,30,30
love,29,31
when,28,32
sweet,28,33
night,28,34
it,28,35
what,26,36
can,26,37
are,25,38
be,25,39
joy,25,40
where,25,41
away,24,42
by,24,43
weep,24,44
our,22,45
or,21,46
so,21,47
sleep,21,48
an,21,49
down,20,50
father,20,51
happy,19,52
shall,19,53
day,19,54
child,18,55
does,18,56
no,18,57
who,18,58
have,17,59
if,17,60
mother,17,61
never,17,62
every,17,63
voice,16,64
green,16,65
human,16,66
am,16,67
as,16,68
hear,16,69
see,16,70
thel,15,71
nor,15,72
she,15,73
cloud,15,74
till,15,75
bright,15,76
this,15,77
why,15,78
weeping,14,79
its,14,80
lamb,14,81
we,14,82
while,14,83
delight,14,84
upon,14,85
how,14,86
head,13,87
holy,13,88
o,13,89
did,12,90
o'er,12,91
heard,12,92
white,12,93
infant,12,94
children,12,95
face,12,96
sit,12,97
tears,12,98
sing,11,99
him,11,100
fear,11,101
god,11,102
there,11,103
care,11,104
your,11,105
smiles,11,106
oh,11,107
birds,11,108
sun,11,109
come,11,110
light,11,111
boy,11,112
lay,10,113
know,10,114
morning,10,115
tree,10,116
song,10,117
were,10,118
eyes,9,119
play,9,120
rose,9,121
more,9,122
tender,9,123
round,9,124
flowers,9,125
sorrow,9,126
deep,9,127
wept,9,128
worm,9,129
earth,9,130
hand,9,131
heart,9,132
arise,9,133
came,9,134
you,9,135
pity,9,136
vales,9,137
peace,9,138
virgin,9,139
merry,9,140
wild,9,141
smile,8,142
mercy,8,143
pretty,8,144
image,8,145
lost,8,146
lyca,8,147
morn,8,148
form,8,149
bed,8,150
black,8,151
angel,8,152
among,8,153
go,8,154
said,8,155
silent,8,156
woe,8,157
do,8,158
spring,8,159
over,8,160
golden,8,161
them,8,162
life,7,163
say,7,164
mild,7,165
grass,7,166
had,7,167
cold,7,168
small,7,169
at,7,170
youth,7,171
heaven,7,172
itself,7,173
ah,7,174
merrily,7,175
cry,7,176
before,7,177
dark,7,178
now,7,179
through,7,180
garden,7,181
songs,7,182
fly,7,183
doth,7,184
bore,7,185
let,7,186
many,7,187
maid,7,188
saw,7,189
tell,6,190
hair,6,191
could,6,192
filled,6,193
shade,6,194
shine,6,195
live,6,196
air,6,197
art,6,198
trembling,6,199
should,6,200
such,6,201
laugh,6,202
fled,6,203
cannot,6,204
free,6,205
church,6,206
vain,6,207
led,6,208
divine,6,209
tom,6,210
old,6,211
tear,6,212
near,6,213
death,6,214
these,6,215
book,6,216
both,6,217
seek,6,218
gone,6,219
seen,6,220
gold,6,221
up,6,222
made,6,223
may,6,224
sleeping,6,225
man,6,226
bear,5,227
has,5,228
feet,5,229
around,5,230
pleasant,5,231
each,5,232
tiger,5,233
land,5,234
thought,5,235
breast,5,236
would,5,237
weary,5,238
make,5,239
laughing,5,240
pitying,5,241
heat,5,242
into,5,243
name,5,244
desert,5,245
because,5,246
fade,5,247
soft,5,248
pale,5,249
dost,5,250
dread,5,251
sigh,5,252
flower,5,253
lambs,5,254
thing,5,255
gentle,5,256
out,5,257
look,5,258
eye,5,259
yet,5,260
lily,5,261
told,5,262
naked,5,263
evening,5,264
ground,5,265
soon,5,266
year,5,267
beauty,5,268
us,5,269
queen,5,270
fears,5,271
girl,4,272
valleys,4,273
ways,4,274
ever,4,275
speak,4,276
i'll,4,277
rising,4,278
dress,4,279
went,4,280
home,4,281
another,4,282
ha,4,283
dew,4,284
youthful,4,285
return,4,286
modest,4,287
beside,4,288
maker,4,289
under,4,290
dream,4,291
weak,4,292
pipe,4,293
men,4,294
snow,4,295
har,4,296
sheep,4,297
eternal,4,298
blossom,4,299
own,4,300
armed,4,301
dare,4,302
wrath,4,303
valley,4,304
hears,4,305
tongue,4,306
feed,4,307
knew,4,308
infant's,4,309
tired,4,310
mortal,4,311
sat,4,312
grief,4,313
nest,4,314
thus,4,315
innocent,4,316
time,4,317
lovely,4,318
bosom,4,319
summer,4,320
skies,4,321
rise,4,322
parents,4,323
call,4,324
mind,4,325
once,4,326
maiden,4,327
helpless,4,328
poor,4,329
clay,4,330
humble,4,331
drink,4,332
find,4,333
selfish,4,334
think,4,335
two,4,336
gives,4,337
welcome,4,338
days,4,339
food,4,340
another's,4,341
one,4,342
wings,3,343
given,3,344
wilt,3,345
sunflower,3,346
covered,3,347
dear,3,348
water,3,349
flow,3,350
voices,3,351
new-born,3,352
feel,3,353
ones,3,354
shore,3,355
springs,3,356
burning,3,357
saying,3,358
kissed,3,359
starry,3,360
done,3,361
underneath,3,362
clime,3,363
mane,3,364
mystery,3,365
river,3,366
again,3,367
hollow,3,368
lowly,3,369
echoing,3,370
wind,3,371
high,3,372
most,3,373
clouds,3,374
blake,3,375
must,3,376
piping,3,377
blossoms,3,378
spreads,3,379
loves,3,380
rejoice,3,381
jealousy,3,382
back,3,383
vanish,3,384
heaven's,3,385
born,3,386
walking,3,387
enter,3,388
thorns,3,389
blown,3,390
sky,3,391
door,3,392
began,3,393
fallen,3,394
hands,3,395
warm,3,396
worms,3,397
meet,3,398
experience,3,399
ancient,3,400
fades,3,401
only,3,402
we'd,3,403
dale,3,404
dwell,3,405
winter,3,406
rest,3,407
lion,3,408
foe,3,409
follow,3,410
too,3,411
infants,3,412
shining,3,413
give,3,414
joys,3,415
work,3,416
none,3,417
grove,3,418
seven,3,419
destroy,3,420
hover,3,421
prey,3,422
didst,3,423
crown,3,424
pray,3,425
any,3,426
lonely,3,427
grave,3,428
dreams,3,429
take,3,430
cruelty,3,431
clod,3,432
will,3,433
gave,3,434
very,3,435
keep,3,436
chain,3,437
immortal,3,438
tent,3,439
found,3,440
wandered,3,441
tigers,3,442
thursday,3,443
bound,3,444
beams,3,445
moan,3,446
bless,3,447
innocence,3,448
sought,3,449
walk,3,450
silver,3,451
well,3,452
moans,3,453
dewy,3,454
terror,3,455
fire,3,456
answerd,3,457
burned,2,458
ear,2,459
shalt,2,460
making,2,461
end,2,462
shadows,2,463
after,2,464
sexes,2,465
thousands,2,466
bones,2,467
answered,2,468
without,2,469
desire,2,470
graves,2,471
livelong,2,472
leaves,2,473
dovelike,2,474
asleep,2,475
been,2,476
want,2,477
nothing,2,478
smiled,2,479
lillys,2,480
ease,2,481
sits,2,482
spend,2,483
canst,2,484
meek,2,485
waters,2,486
babe,2,487
piped,2,488
grey,2,489
mother's,2,490
winter's,2,491
blessing,2,492
beguiled,2,493
taught,2,494
read,2,495
part,2,496
caves,2,497
kisses,2,498
mine,2,499
drive,2,500
weave,2,501
bard,2,502
sang,2,503
angry,2,504
heath,2,505
gates,2,506
becomes,2,507
cradle,2,508
sick,2,509
brain,2,510
arm,2,511
sighs,2,512
buds,2,513
despair,2,514
mothers,2,515
watry,2,516
lion's,2,517
used,2,518
charge,2,519
answer,2,520
fearful,2,521
frowning,2,522
thames,2,523
reason,2,524
lie,2,525
viewed,2,526
noise,2,527
please,2,528
pit,2,529
seeketh,2,530
neck,2,531
lives,2,532
ears,2,533
marks,2,534
sound,2,535
where'er,2,536
hid,2,537
appear,2,538
heavy,2,539
bird,2,540
wish,2,541
furnace,2,542
flocks,2,543
hour,2,544
fruits,2,545
worn,2,546
distant,2,547
put,2,548
unseen,2,549
beneath,2,550
symmetry,2,551
hills,2,552
london,2,553
here,2,554
stand,2,555
fall,2,556
english,2,557
set,2,558
walked,2,559
priest,2,560
fold,2,561
leaf,2,562
else,2,563
some,2,564
babes,2,565
skylark,2,566
became,2,567
he'd,2,568
can'st,2,569
dismal,2,570
breath,2,571
beguile,2,572
honey,2,573
oil,2,574
milky,2,575
place,2,576
bird's,2,577
misery,2,578
sunny,2,579
boys,2,580
ask,2,581
angels,2,582
thoughtless,2,583
seeking,2,584
break,2,585
pole,2,586
runs,2,587
girls,2,588
multitudes,2,589
wing,2,590
soot,2,591
besides,2,592
softest,2,593
throne,2,594
sports,2,595
blasts,2,596
listning,2,597
iron,2,598
stripped,2,599
sorrows,2,600
receive,2,601
nigh,2,602
summer's,2,603
called,2,604
fields,2,605
chartered,2,606
shepherd,2,607
clothing,2,608
forth,2,609
wiping,2,610
though,2,611
fed,2,612
ready,2,613
sport,2,614
stood,2,615
calls,2,616
hill,2,617
stream,2,618
introduction,2,619
praise,2,620
spears,2,621
bind,2,622
sees,2,623
might,2,624
lick,2,625
dead,2,626
chapel,2,627
died,2,628
sight,2,629
took,2,630
great,2,631
cherish,2,632
thro,2,633
pour,2,634
bower,2,635
howl,2,636
poison,2,637
pebble,2,638
driven,2,639
father's,2,640
leave,2,641
bowd,2,642
foot,2,643
befall,2,644
pass,2,645
thine,2,646
soul,2,647
renew,2,648
nurse's,2,649
aspire,2,650
use,2,651
builds,2,652
future,2,653
way,2,654
hum,2,655
thorn,2,656
ruddy,2,657
close,2,658
turn,2,659
darkness,2,660
distress,2,661
southern,2,662
sitting,2,663
ponder,2,664
descending,2,665
laughs,2,666
therefore,2,667
flew,2,668
souls,2,669
poverty,2,670
beasts,2,671
watery,2,672
dismay,2,673
descend,2,674
summers,2,675
coffins,2,676
complain,2,677
age,2,678
piper,2,679
sobbing,2,680
bags,2,681
clothed,2,682
cruel,2,683
warbling,2,684
brothers,2,685
grow,2,686
turned,2,687
spirit,2,688
notes,2,689
prays,2,690
kiss,2,691
cheer,2,692
horn,2,693
dews,2,694
frame,2,695
william,2,696
moon,2,697
roots,2,698
dance,2,699
bells,2,700
secret,2,701
bare,2,702
fiend,2,703
harm,2,704
robin,2,705
watered,2,706
shriek,2,707
lot,2,708
weakness,2,709
gifts,1,710
cherries,1,711
meekin,1,712
gorge,1,713
sweeper,1,714
secresy,1,715
stord,1,716
stalked,1,717
blights,1,718
blind,1,719
bearing,1,720
louder,1,721
fair,1,722
prophetic,1,723
clear,1,724
fire-breathing,1,725
gilded,1,726
lap,1,727
wanderers,1,728
there's,1,729
mark,1,730
streets,1,731
purify,1,732
butterfly,1,733
wandering,1,734
lurch,1,735
spoil,1,736
drooping,1,737
bowed,1,738
woe-begone,1,739
eat,1,740
full,1,741
vagabond,1,742
somebody,1,743
house,1,744
cherish'd,1,745
thankfulness,1,746
darkening,1,747
turk,1,748
flute,1,749
wailing,1,750
kingly,1,751
picks,1,752
betray,1,753
afar,1,754
ban,1,755
guard,1,756
iv,1,757
briars,1,758
trace,1,759
crops,1,760
sweep,1,761
wrote,1,762
hell's,1,763
raven,1,764
wide,1,765
glittering,1,766
drop,1,767
cow,1,768
caverns,1,769
perches,1,770
everything,1,771
shame,1,772
blood,1,773
invisible,1,774
devil,1,775
west,1,776
music,1,777
priestly,1,778
troubled,1,779
barrel,1,780
alehouse,1,781
a-sleeping,1,782
shoulder,1,783
nipped,1,784
wise,1,785
sweepers,1,786
lyca's,1,787
fearest,1,788
forged,1,789
emmet,1,790
fruit,1,791
pined,1,792
inherit,1,793
hoarse,1,794
drawn,1,795
plowman,1,796
sets,1,797
plants,1,798
visit,1,799
allay,1,800
removed,1,801
need,1,802
thirst,1,803
pours,1,804
loving,1,805
worlds,1,806
watchman,1,807
wool,1,808
learn,1,809
fresh,1,810
youth-time,1,811
shut,1,812
walks,1,813
mne,1,814
pluck'd,1,815
fen,1,816
wolves,1,817
cage,1,818
gambolled,1,819
loud,1,820
dreary,1,821
hush,1,822
quiet,1,823
hath,1,824
dreadful,1,825
plagues,1,826
fibrous,1,827
forgot,1,828
knee,1,829
lilly,1,830
page,1,831
smell,1,832
brook,1,833
baits,1,834
liv'd,1,835
smells,1,836
gowns,1,837
grows,1,838
reflection,1,839
lifted,1,840
than,1,841
prime,1,842
artful,1,843
steps,1,844
rain,1,845
lookst,1,846
apparel,1,847
leapt,1,848
flame,1,849
mire,1,850
vanish'd,1,851
deserts,1,852
tenfold,1,853
learn'd,1,854
walketh,1,855
preach,1,856
mouths,1,857
meekness,1,858
marriage-hearse,1,859
destruction,1,860
ne'er,1,861
world,1,862
mary,1,863
smild,1,864
bane,1,865
fiery,1,866
sold,1,867
exhald,1,868
shoulders,1,869
whisperings,1,870
jew,1,871
deadly,1,872
rises,1,873
bondage,1,874
further,1,875
jealous,1,876
hie,1,877
sealed,1,878
young,1,879
blade,1,880
glee,1,881
long,1,882
dome,1,883
town,1,884
sunned,1,885
seize,1,886
dick,1,887
beguiles,1,888
note,1,889
pull,1,890
lamentation,1,891
slender,1,892
wilful,1,893
scatter,1,894
bodies,1,895
laid,1,896
mouth,1,897
which,1,898
relief,1,899
shook,1,900
ta'en,1,901
comfort,1,902
wash,1,903
lead,1,904
oak,1,905
written,1,906
willm,1,907
cock,1,908
bid,1,909
youngest,1,910
airy,1,911
beetle's,1,912
companies,1,913
thickest,1,914
bud,1,915
birch,1,916
healthy,1,917
pouring,1,918
duty,1,919
chimney,1,920
doubt,1,921
next,1,922
ceasd,1,923
shrouded,1,924
turning,1,925
wanderer,1,926
lotus,1,927
sprang,1,928
band,1,929
care's,1,930
self-deceiving,1,931
nightingale,1,932
snare,1,933
pride,1,934
waiting,1,935
shakes,1,936
sittest,1,937
brows,1,938
arrow,1,939
ale,1,940
brushes,1,941
fasting,1,942
inhaling,1,943
chimneys,1,944
sparrow,1,945
burnt,1,946
dank,1,947
nought,1,948
threat,1,949
new,1,950
lean,1,951
hell,1,952
o're,1,953
printer,1,954
fierce,1,955
bleak,1,956
woes,1,957
flourish,1,958
key,1,959
shrine,1,960
aged,1,961
goes,1,962
search,1,963
hungry,1,964
motto,1,965
scatters,1,966
shewd,1,967
behind,1,968
opening,1,969
raised,1,970
bleating,1,971
star,1,972
steeds,1,973
rush,1,974
humid,1,975
trodden,1,976
lies,1,977
singing,1,978
women,1,979
tames,1,980
whose,1,981
red,1,982
crave,1,983
others,1,984
visited,1,985
folly,1,986
lest,1,987
drear,1,988
hearing,1,989
susan,1,990
john,1,991
pearly,1,992
mute,1,993
says,1,994
howling,1,995
seats,1,996
spray,1,997
woods,1,998
parting,1,999
smiling,1,1000
knits,1,1001
root,1,1002
vapour,1,1003
within,1,1004
rejoicing,1,1005
creations,1,1006
fruitful,1,1007
tombstones,1,1008
deceitful,1,1009
strength,1,1010
melts,1,1011
farewell,1,1012
dropped,1,1013
scarcely,1,1014
thousand,1,1015
move,1,1016
revives,1,1017
hide,1,1018
sea,1,1019
about,1,1020
author,1,1021
teazing,1,1022
steed,1,1023
falling,1,1024
bears,1,1025
turns,1,1026
rosy,1,1027
remains,1,1028
raptures,1,1029
journey,1,1030
become,1,1031
restless,1,1032
mighty,1,1033
heart-broke,1,1034
shower,1,1035
weed,1,1036
veiled,1,1037
daughter,1,1038
ache,1,1039
daughters,1,1040
appendix,1,1041
curtains,1,1042
forest,1,1043
false,1,1044
cries,1,1045
chimney-sweeper's,1,1046
it's,1,1047
nights,1,1048
ewes,1,1049
stole,1,1050
life's,1,1051
washed,1,1052
spread,1,1053
stain,1,1054
nibbled,1,1055
good,1,1056
clasp,1,1057
sower,1,1058
write,1,1059
passed,1,1060
struggling,1,1061
i've,1,1062
ourselves,1,1063
curb,1,1064
fix'd,1,1065
emerg'd,1,1066
conveyed,1,1067
seemed,1,1068
caterpillar,1,1069
palace-walls,1,1070
against,1,1071
plot,1,1072
health,1,1073
times,1,1074
licks,1,1075
beat,1,1076
crime,1,1077
blue,1,1078
puts,1,1079
anxious,1,1080
quarrel,1,1081
hairs,1,1082
street,1,1083
coat,1,1084
deceit,1,1085
ring,1,1086
heathen,1,1087
same,1,1088
forests,1,1089
desires,1,1090
loosed,1,1091
self,1,1092
shields,1,1093
nuts,1,1094
wiles,1,1095
lo,1,1096
scene,1,1097
link'd,1,1098
company,1,1099
dell,1,1100
risen,1,1101
rich,1,1102
rais'd,1,1103
sunburnt,1,1104
limbs,1,1105
fountains,1,1106
pensive,1,1107
dacre,1,1108
forge,1,1109
punish,1,1110
infixes,1,1111
sisters,1,1112
breathing,1,1113
offered,1,1114
astonish'd,1,1115
rounds,1,1116
multitude,1,1117
bladder,1,1118
lamentations,1,1119
cried,1,1120
cheerful,1,1121
reclind,1,1122
son,1,1123
coined,1,1124
paul's,1,1125
sulk,1,1126
peaceful,1,1127
indeed,1,1128
mole,1,1129
join,1,1130
injury,1,1131
roof,1,1132
appals,1,1133
whirlpool,1,1134
off,1,1135
folk,1,1136
abstract,1,1137
dame,1,1138
eyed,1,1139
judge,1,1140
shady,1,1141
vision,1,1142
birth,1,1143
crow,1,1144
takes,1,1145
strangers,1,1146
going,1,1147
terzah,1,1148
secrets,1,1149
palace,1,1150
griefs,1,1151
transient,1,1152
glitters,1,1153
iii,1,1154
breathed,1,1155
threat'ning,1,1156
hallowed,1,1157
moony,1,1158
laughed,1,1159
unhinderd,1,1160
past,1,1161
slumber,1,1162
nourish,1,1163
couching,1,1164
regale,1,1165
oft,1,1166
hammer,1,1167
growl,1,1168
heedful,1,1169
altar,1,1170
balmy,1,1171
lioness,1,1172
zeal,1,1173
waves,1,1174
reply,1,1175
gods,1,1176
loved,1,1177
priests,1,1178
storm,1,1179
forlorn,1,1180
stays,1,1181
stony,1,1182
earth's,1,1183
jesus,1,1184
wet,1,1185
changed,1,1186
school,1,1187
share,1,1188
table,1,1189
futurity,1,1190
rural,1,1191
endless,1,1192
tangle,1,1193
radiance,1,1194
wight,1,1195
built,1,1196
numerous,1,1197
pathless,1,1198
trees,1,1199
hovering,1,1200
swift,1,1201
those,1,1202
greater,1,1203
luvah,1,1204
adona,1,1205
chaste,1,1206
eagle,1,1207
venerates,1,1208
benighted,1,1209
space,1,1210
smelling,1,1211
springing,1,1212
bowl,1,1213
bands,1,1214
seest,1,1215
draw,1,1216
gather,1,1217
mould,1,1218
wine,1,1219
showring,1,1220
soldier's,1,1221
binds,1,1222
mellowing,1,1223
wasted,1,1224
fancied,1,1225
lapsed,1,1226
scarce,1,1227
descended,1,1228
starved,1,1229
leopards,1,1230
senseless,1,1231
started,1,1232
voiceless,1,1233
sighing,1,1234
whate'er,1,1235
left,1,1236
grey-headed,1,1237
harlot's,1,1238
reading,1,1239
stands,1,1240
appall,1,1241
dimpling,1,1242
court,1,1243
fondness,1,1244
chained,1,1245
disputes,1,1246
control,1,1247
stars,1,1248
weigh,1,1249
midst,1,1250
admired,1,1251
locked,1,1252
head's,1,1253
stray,1,1254
graces,1,1255
beadles,1,1256
kind,1,1257
eyelids,1,1258
arms,1,1259
opened,1,1260
northern,1,1261
despite,1,1262
curtain,1,1263
chase,1,1264
heart's,1,1265
sore,1,1266
united,1,1267
just,1,1268
wisdom,1,1269
dolors,1,1270
wolvish,1,1271
piteous,1,1272
mass,1,1273
sinews,1,1274
learning's,1,1275
loss,1,1276
included,1,1277
ambush,1,1278
writ,1,1279
evil,1,1280
beetle,1,1281
virtues,1,1282
stain'd,1,1283
warbled,1,1284
beheld,1,1285
himself,1,1286
friend,1,1287
agree,1,1288
wit,1,1289
reduced,1,1290
plough,1,1291
alone,1,1292
droop,1,1293
ceasing,1,1294
kneels,1,1295
complainest,1,1296
cattle's,1,1297
brush,1,1298
mead,1,1299
ii,1,1300
mistress,1,1301
painted,1,1302
wip'd,1,1303
narrow,1,1304
dried,1,1305
met,1,1306
nature,1,1307
huntsman,1,1308
seat,1,1309
partner,1,1310
arose,1,1311
unknown,1,1312
garments,1,1313
know'st,1,1314
wrapped,1,1315
glistening,1,1316
dwelling,1,1317
flowed,1,1318
parsons,1,1319
falls,1,1320
sow,1,1321
metres,1,1322
bereaved,1,1323
curled,1,1324
doves,1,1325
reed,1,1326
dangerous,1,1327
mutual,1,1328
schoolboy,1,1329
abroad,1,1330
sickness,1,1331
behold,1,1332
usurous,1,1333
rushes,1,1334
slumbrous,1,1335
watching,1,1336
calling,1,1337
got,1,1338
graze,1,1339
taints,1,1340
jack,1,1341
milked,1,1342
ona,1,1343
ruby,1,1344
clean,1,1345
kindled,1,1346
outworn,1,1347
king,1,1348
crimson,1,1349
fast,1,1350
former,1,1351
horses,1,1352
maze,1,1353
delights,1,1354
glow-worm,1,1355
grasshopper,1,1356
sweeter,1,1357
raising,1,1358
leaping,1,1359
heavenly,1,1360
virgins,1,1361
best,1,1362
countest,1,1363
appears,1,1364
shouted,1,1365
blake's,1,1366
contagious,1,1367
wren,1,1368
curse,1,1369
streams,1,1370
engraved,1,1371
awoke,1,1372
faint,1,1373
twist,1,1374
increase,1,1375
chimney-sweeper,1,1376
word,1,1377
wolly,1,1378
beast,1,1379
swell,1,1380
strays,1,1381
thunderings,1,1382
seized,1,1383
pair,1,1384
blushed,1,1385
thrush,1,1386
veil,1,1387
emily,1,1388
hither,1,1389
stumble,1,1390
still,1,1391
bow,1,1392
gently,1,1393
seated,1,1394
enter'd,1,1395
threw,1,1396
giving,1,1397
lark,1,1398
traveller's,1,1399
deeps,1,1400
dreamt,1,1401
die,1,1402
angel-guarded,1,1403
call'd,1,1404
vale,1,1405
noonday,1,1406
affright,1,1407
perplex,1,1408
clothes,1,1409
witless,1,1410
outstretched,1,1411
rod,1,1412
bandy,1,1413
mean,1,1414
silence,1,1415
creation,1,1416
leaped,1,1417
manacles,1,1418
terrors,1,1419
twas,1,1420
freeze,1,1421
waste,1,1422
flesh,1,1423
guarded,1,1424
midnight,1,1425
grasp,1,1426
arrows,1,1427
lively,1,1428
sweetest,1,1429
complaind,1,1430
poems,1,1431
methought,1,1432
swaddling-bands,1,1433
crying,1,1434
travel-worn,1,1435
traced,1,1436
porter,1,1437
binding,1,1438
bank,1,1439
prisoned,1,1440
possible,1,1441
plain,1,1442
stroke,1,1443
brushed,1,1444
verdant,1,1445
harmonious,1,1446
alas,1,1447
flies,1,1448
echoed,1,1449
twists,1,1450
hoar,1,1451
present,1,1452
always,1,1453
drives,1,1454
nostril,1,1455
truth,1,1456
run,1,1457
saild,1,1458
nuptial,1,1459
unrest,1,1460
replied,1,1461
parson,1,1462
brooks,1,1463
utter,1,1464
tis,1,1465
wiped,1,1466
bush,1,1467
fighting,1,1468
impress'd,1,1469
chorus,1,1470
wishes,1,1471
pen,1,1472
guardians,1,1473
couches,1,1474
indignant,1,1475
wondering,1,1476
terrific,1,1477
sings,1,1478
floor,1,1479
lamb's,1,1480
pointed,1,1481
brought,1,1482
annoy,1,1483
thel's,1,1484
striving,1,1485
sorrow's,1,1486
faces,1,1487
joe,1,1488
albion's,1,1489
standing,1,1490
winds,1,1491
den,1,1492
raise,1,1493
brings,1,1494
forget,1,1495
compelled,1,1496
view'd,1,1497
wands,1,1498
matron,1,1499
hunger,1,1500
manna,1,1501
glad,1,1502
famished,1,1503
disguise,1,1504
appeared,1,1505
glass,1,1506
paleness,1,1507
hoary,1,1508
consumed,1,1509
sentence,1,1510
surprise,1,1511
shirt,1,1512
hapless,1,1513
tend,1,1514
groan,1,1515
meanest,1,1516
milk,1,1517
apple,1,1518
grew,1,1519
tangled,1,1520
anvil,1,1521
groaned,1,1522
locks,1,1523
crumbs,1,1524
bruis'd,1,1525
shaved,1,1526
humility,1,1527
east,1,1528
ned,1,1529
perfume,1,1530
presse,1,1531
blackening,1,1532
woman,1,1533
thistles,1,1534
meadows,1,1535
ten-thousand,1,1536
shepherd's,1,1537
mind-forged,1,1538
wake,1,1539
wildered,1,1540
laps,1,1541
closed,1,1542
generation,1,1543
slept,1,1544
followed,1,1545
bar,1,1546
nostrils,1,1547
seraphim,1,1548
