Word,Frequency,Rank
the,3446,1
and,2088,2
to,1158,3
a,1023,4
he,1016,5
of,817,6
was,715,7
in,637,8
little,597,9
it,597,10
his,551,11
that,524,12
i,480,13
you,457,14
said,453,15
she,408,16
they,395,17
for,339,18
as,326,19
but,308,20
him,296,21
so,296,22
had,294,23
her,291,24
with,284,25
when,271,26
on,263,27
at,261,28
is,241,29
all,240,30
not,221,31
there,216,32
out,194,33
were,194,34
came,191,35
me,188,36
them,185,37
then,182,38
one,181,39
up,177,40
be,169,41
this,162,42
from,158,43
could,158,44
very,157,45
have,154,46
will,147,47
down,134,48
my,126,49
who,126,50
went,122,51
do,120,52
king,117,53
what,116,54
their,112,55
would,112,56
great,110,57
no,109,58
more,104,59
are,104,60
by,103,61
old,102,62
if,97,63
see,97,64
man,96,65
day,95,66
time,94,67
saw,92,68
away,90,69
like,90,70
made,89,71
into,88,72
your,87,73
over,84,74
about,83,75
come,83,76
mother,82,77
after,81,78
an,81,79
jackal,78,80
did,77,81
good,77,82
go,77,83
where,77,84
looked,75,85
people,75,86
father,74,87
how,71,88
big,69,89
ran,69,90
make,67,91
now,67,92
just,67,93
boy,66,94
again,66,95
know,65,96
we,65,97
thought,65,98
can,63,99
once,62,100
two,62,101
home,62,102
put,61,103
than,60,104
margery,60,105
every,60,106
or,60,107
am,59,108
long,58,109
some,58,110
much,58,111
never,58,112
took,57,113
back,56,114
way,56,115
lion,56,116
last,55,117
before,54,118
other,53,119
oh,53,120
door,52,121
began,52,122
house,51,123
head,51,124
too,51,125
take,51,126
nightingale,50,127
own,50,128
himself,50,129
heard,49,130
men,49,131
only,49,132
mouse,48,133
upon,47,134
tailor,47,135
dear,47,136
garden,47,137
tree,47,138
fox,46,139
work,46,140
still,46,141
beautiful,46,142
stood,46,143
look,46,144
brahmin,44,145
shall,44,146
through,44,147
which,44,148
help,44,149
water,43,150
any,43,151
think,43,152
until,43,153
prince,43,154
got,43,155
white,42,156
eat,41,157
thing,41,158
poor,41,159
been,41,160
round,41,161
red,41,162
many,41,163
while,40,164
something,40,165
enough,39,166
children,39,167
asked,39,168
must,39,169
off,39,170
should,38,171
till,38,172
along,38,173
tiger,37,174
soon,37,175
i'll,37,176
left,37,177
fir,37,178
always,37,179
emperor,37,180
ground,37,181
david,37,182
lived,36,183
grew,36,184
gingerbread,36,185
called,36,186
let,36,187
another,35,188
sing,35,189
hard,35,190
run,35,191
ever,34,192
get,34,193
gold,34,194
eyes,34,195
story,34,196
these,34,197
well,34,198
here,34,199
want,33,200
night,33,201
don't,33,202
knew,32,203
told,32,204
city,32,205
epaminondas,32,206
alligator,32,207
felt,32,208
brother,32,209
found,32,210
such,31,211
wind,31,212
next,31,213
first,31,214
us,31,215
voice,30,216
pretty,30,217
horse,30,218
because,30,219
going,30,220
give,30,221
fast,30,222
life,29,223
leaves,29,224
right,29,225
trees,29,226
quite,29,227
friend,29,228
country,29,229
tiny,29,230
earth,29,231
tell,28,232
wanted,28,233
yes,28,234
small,28,235
hand,28,236
gave,28,237
cried,28,238
end,28,239
place,28,240
turned,27,241
things,27,242
kept,27,243
even,27,244
used,26,245
gone,26,246
child,26,247
morning,26,248
wife,26,249
world,26,250
half-chick,26,251
set,26,252
kind,26,253
anything,25,254
find,25,255
why,25,256
nothing,25,257
hermit,25,258
laughed,25,259
brought,25,260
done,24,261
has,24,262
happy,24,263
most,24,264
heart,24,265
god,24,266
courtiers,24,267
far,24,268
sat,24,269
strong,24,270
river,23,271
new,23,272
sent,23,273
hen,23,274
field,23,275
its,23,276
face,23,277
court,23,278
hear,23,279
sweet,23,280
woman,23,281
catch,23,282
may,23,283
room,22,284
wait,22,285
might,22,286
years,22,287
hold,22,288
say,22,289
castle,22,290
cannot,22,291
struck,22,292
cow,21,293
bag,21,294
three,21,295
cage,21,296
around,21,297
robert,21,298
land,21,299
giant,21,300
death,21,301
open,21,302
near,20,303
hands,20,304
indeed,20,305
bread,20,306
does,20,307
cut,20,308
moon,20,309
food,20,310
mammy,20,311
song,20,312
cherry,20,313
fine,20,314
money,20,315
servants,20,316
light,20,317
girl,19,318
air,19,319
wonderful,19,320
better,19,321
without,19,322
suddenly,19,323
happened,19,324
green,19,325
became,19,326
carried,19,327
killed,18,328
everything,18,329
flowers,18,330
care,18,331
music,18,332
our,18,333
jack,18,334
stone,18,335
each,18,336
pull,18,337
those,18,338
rest,18,339
palace,18,340
keep,18,341
really,17,342
tail,17,343
tried,17,344
sicily,17,345
elsa,17,346
under,17,347
fell,17,348
whole,17,349
fields,17,350
opened,17,351
best,17,352
terrible,17,353
roll,17,354
thou,17,355
behind,17,356
bed,17,357
against,17,358
elephant,17,359
dark,17,360
statue,17,361
sun,17,362
sea,16,363
seen,16,364
king's,16,365
harp,16,366
tortoise,16,367
live,16,368
whale,16,369
margaret,16,370
brown,16,371
fairy,16,372
lazy,16,373
camel,16,374
hole,16,375
lovely,16,376
dead,16,377
can't,16,378
across,15,379
grass,15,380
wish,15,381
same,15,382
hoppity-kick,15,383
philistine,15,384
sight,15,385
liked,15,386
alone,15,387
nice,15,388
full,15,389
young,15,390
almost,15,391
window,15,392
show,15,393
side,15,394
rollaround,14,395
louisa,14,396
play,14,397
shoes,14,398
bad,14,399
acorn,14,400
christmas,14,401
mighty,14,402
lay,14,403
kill,14,404
seemed,14,405
soft,14,406
strange,14,407
stopped,14,408
worked,14,409
i'm,14,410
words,14,411
answered,14,412
feet,14,413
together,14,414
coming,14,415
grey,14,416
sang,14,417
wood,14,418
sound,14,419
times,14,420
sky,14,421
baby,14,422
says,14,423
stories,14,424
zelia,14,425
couldn't,14,426
bit,14,427
tired,14,428
sure,13,429
everybody,13,430
love,13,431
wise,13,432
shut,13,433
shouted,13,434
read,13,435
loved,13,436
rolled,13,437
mean,13,438
grow,13,439
wee,13,440
rain,13,441
sad,13,442
women,13,443
mountain,13,444
margery's,13,445
few,13,446
died,13,447
carry,13,448
plough,13,449
able,13,450
thin,13,451
wicked,13,452
middle,12,453
shoulder,12,454
ask,12,455
low,12,456
fight,12,457
artist,12,458
save,12,459
fear,12,460
clown,12,461
early,12,462
free,12,463
high,12,464
carefully,12,465
presently,12,466
soul,12,467
ring,12,468
minute,12,469
toward,12,470
hidden,12,471
corn,12,472
rid,12,473
die,12,474
flew,12,475
frode,12,476
often,12,477
saul,12,478
shoemaker,12,479
except,12,480
course,12,481
fair,12,482
named,12,483
bright,12,484
tap,12,485
herself,12,486
straight,12,487
evening,12,488
dagda,12,489
mr,12,490
fingers,12,491
drove,12,492
crabs,12,493
yellow,11,494
days,11,495
wolf,11,496
shone,11,497
saved,11,498
diamond,11,499
born,11,500
cloud,11,501
looking,11,502
didn't,11,503
stay,11,504
begged,11,505
between,11,506
paw,11,507
glad,11,508
name,11,509
seeds,11,510
ago,11,511
looks,11,512
clock,11,513
remembered,11,514
man's,11,515
girls,11,516
saying,11,517
fairies,11,518
jumped,11,519
joy,11,520
woods,11,521
donkey,11,522
it's,11,523
salt,11,524
surely,11,525
trundle-bed,11,526
israel,11,527
crown,11,528
ten,11,529
frightened,11,530
emperor's,11,531
being,11,532
watch,11,533
hin,11,534
taken,11,535
since,11,536
jester,10,537
wrote,10,538
threw,10,539
caught,10,540
half,10,541
move,10,542
beside,10,543
snow,10,544
please,10,545
else,10,546
nobody,10,547
thank,10,548
remember,10,549
started,10,550
heavenly,10,551
bring,10,552
slowly,10,553
talk,10,554
real,10,555
path,10,556
bench,10,557
brothers,10,558
gottlieb,10,559
filled,10,560
word,10,561
mouth,10,562
sprang,10,563
battle,10,564
drew,10,565
thy,10,566
piece,10,567
ate,10,568
passed,10,569
stones,10,570
plant,10,571
spoke,10,572
rich,10,573
angel,10,574
dinner,10,575
moment,10,576
soldiers,10,577
finger,10,578
rabbit,10,579
yet,10,580
part,10,581
top,10,582
royal,10,583
tears,10,584
sitting,10,585
softly,10,586
mud,10,587
sometimes,10,588
crickets,10,589
helped,10,590
butter,10,591
given,9,592
mouse-deer,9,593
broke,9,594
floor,9,595
touched,9,596
shook,9,597
wonder,9,598
exactly,9,599
above,9,600
finished,9,601
grown,9,602
auntie,9,603
thinking,9,604
boat,9,605
deep,9,606
string,9,607
walked,9,608
dewdrop,9,609
doors,9,610
harder,9,611
sit,9,612
son,9,613
ye,9,614
outside,9,615
safe,9,616
ready,9,617
majesty,9,618
christ,9,619
figs,9,620
shiny,9,621
meant,9,622
pleased,9,623
clothes,9,624
hair,9,625
plants,9,626
rose,9,627
crying,9,628
israelites,9,629
hall,9,630
perhaps,9,631
church,9,632
others,9,633
trouble,9,634
held,9,635
stole,9,636
branches,9,637
to-night,9,638
true,9,639
throne,9,640
funny,9,641
fortune,9,642
knows,9,643
sword,9,644
chance,9,645
magic,9,646
beast,9,647
bought,9,648
locked,9,649
thee,9,650
midst,9,651
orchard,9,652
bear,8,653
fly,8,654
service,8,655
danced,8,656
understand,8,657
quickly,8,658
windows,8,659
alike,8,660
prayer,8,661
key,8,662
foot,8,663
cap,8,664
tulip,8,665
forest,8,666
cart,8,667
square,8,668
matter,8,669
lord,8,670
millstones,8,671
bird,8,672
tied,8,673
built,8,674
though,8,675
bade,8,676
lying,8,677
summer,8,678
running,8,679
ladies,8,680
ducks,8,681
walk,8,682
finally,8,683
to-day,8,684
inside,8,685
deal,8,686
bowed,8,687
instead,8,688
sides,8,689
roared,8,690
listened,8,691
art,8,692
planted,8,693
supper,8,694
piccola,8,695
table,8,696
pulled,8,697
daughter,8,698
beauty,8,699
begin,8,700
beat,8,701
rope,8,702
dublin,8,703
pushed,8,704
late,8,705
among,8,706
certainly,8,707
row,8,708
village,8,709
grind,8,710
edge,8,711
nearer,8,712
ould,8,713
shining,8,714
kettle,8,715
wall,8,716
crab,8,717
sons,8,718
cool,8,719
gulls,8,720
fire,8,721
different,8,722
slow,8,723
sheep,8,724
whispered,8,725
wild,8,726
four,8,727
cloak,8,728
ahead,8,729
making,7,730
boiling,7,731
covered,7,732
lettuce,7,733
ripe,7,734
dropped,7,735
anyone,7,736
army,7,737
loud,7,738
puppy-dog,7,739
loose,7,740
hundreds,7,741
sticks,7,742
blackberry-bush,7,743
elves,7,744
lie,7,745
stuck,7,746
heavy,7,747
raised,7,748
farmer,7,749
business,7,750
turn,7,751
gay,7,752
blue,7,753
shure,7,754
hat,7,755
seed,7,756
warm,7,757
broken,7,758
living,7,759
wheat,7,760
road,7,761
family,7,762
pot,7,763
dog,7,764
wealth,7,765
whom,7,766
wid,7,767
wearing,7,768
book,7,769
kingdom,7,770
third,7,771
babies,7,772
horses,7,773
year,7,774
gently,7,775
pairs,7,776
beasts,7,777
myself,7,778
cover,7,779
maid,7,780
drum,7,781
knees,7,782
sugar-cane,7,783
perfect,7,784
aside,7,785
foolish,7,786
hot,7,787
voices,7,788
lost,7,789
faster,7,790
radish,7,791
person,7,792
comes,7,793
husband,7,794
chamberlain,7,795
larks,7,796
beg,7,797
singing,7,798
animals,7,799
jungle,7,800
neighbours,7,801
spot,7,802
armies,7,803
war,7,804
laugh,7,805
lives,7,806
happiness,7,807
idea,7,808
wore,7,809
tall,7,810
hill,7,811
soil,7,812
moved,7,813
weeds,7,814
bigger,7,815
stars,7,816
safely,7,817
line,7,818
afraid,7,819
doing,7,820
crept,7,821
grain,7,822
stop,7,823
lake,7,824
gifts,6,825
pope,6,826
clear,6,827
threshers,6,828
asleep,6,829
lights,6,830
sounded,6,831
shore,6,832
mother's,6,833
hath,6,834
jove,6,835
heads,6,836
dressed,6,837
sank,6,838
perfectly,6,839
cold,6,840
hid,6,841
hungry,6,842
orleans,6,843
sharp,6,844
picked,6,845
strength,6,846
ah,6,847
valley,6,848
whose,6,849
coat,6,850
ain't,6,851
famous,6,852
barn,6,853
david's,6,854
tune,6,855
forth,6,856
beautifully,6,857
candles,6,858
woodpecker,6,859
both,6,860
prick,6,861
sleep,6,862
twigs,6,863
none,6,864
sign,6,865
warriors,6,866
holy,6,867
radishes,6,868
wings,6,869
awake,6,870
broth,6,871
ordered,6,872
golden,6,873
farm,6,874
working,6,875
whether,6,876
rows,6,877
bells,6,878
surprise,6,879
robes,6,880
o,6,881
mind,6,882
spring,6,883
power,6,884
fun,6,885
wasn't,6,886
asylum,6,887
neither,6,888
sisters,6,889
pink,6,890
speak,6,891
giants,6,892
feel,6,893
leather,6,894
nor,6,895
send,6,896
nodding,6,897
angry,6,898
laid,6,899
villagers,6,900
stairs,6,901
town,6,902
rank,6,903
fomorians,6,904
sense,6,905
we'll,6,906
within,6,907
whenever,6,908
sounds,6,909
become,6,910
themselves,6,911
shelf,6,912
salad,6,913
friends,6,914
keeper,6,915
queen,6,916
madrid,6,917
good-bye,6,918
cheese,6,919
that's,6,920
cook,6,921
servant,6,922
suliman,6,923
follow,6,924
arms,6,925
garraun,6,926
hardly,6,927
met,6,928
hope,6,929
nod,6,930
call,6,931
powerful,6,932
backward,6,933
watched,6,934
large,6,935
chief,6,936
frogs,6,937
beds,6,938
solomon,6,939
wondering,6,940
jist,6,941
silver,6,942
roots,6,943
rather,6,944
mill,6,945
bare,6,946
beetle,6,947
hotter,6,948
perch,6,949
north,5,950
herr,5,951
elector,5,952
smile,5,953
otter,5,954
box,5,955
isn't,5,956
shape,5,957
messenger,5,958
thoughts,5,959
smiled,5,960
single,5,961
needed,5,962
taught,5,963
mine,5,964
crack,5,965
sailed,5,966
forty,5,967
fled,5,968
blows,5,969
slower,5,970
proud,5,971
root,5,972
trap,5,973
glory,5,974
jump,5,975
hide,5,976
camp,5,977
dig,5,978
black,5,979
cake,5,980
nearly,5,981
farther,5,982
olive,5,983
what's,5,984
ship,5,985
industrious,5,986
maidens,5,987
learned,5,988
dreamed,5,989
however,5,990
overhead,5,991
blew,5,992
beating,5,993
peace,5,994
shouting,5,995
grupello,5,996
splendid,5,997
basket,5,998
strings,5,999
philistines,5,1000
promised,5,1001
eagerly,5,1002
close,5,1003
peas,5,1004
rage,5,1005
lark,5,1006
elsa's,5,1007
drink,5,1008
papa,5,1009
race,5,1010
mast,5,1011
to-morrow,5,1012
vegetables,5,1013
plays,5,1014
lot,5,1015
followed,5,1016
praying,5,1017
robert's,5,1018
careful,5,1019
host,5,1020
traveller,5,1021
happen,5,1022
ones,5,1023
during,5,1024
giant-maidens,5,1025
immediately,5,1026
learn,5,1027
believe,5,1028
dancing,5,1029
twelve,5,1030
mowers,5,1031
afterward,5,1032
showed,5,1033
sugar,5,1034
throw,5,1035
push,5,1036
neck,5,1037
five,5,1038
grinding,5,1039
seem,5,1040
sorrow,5,1041
pieces,5,1042
aha,5,1043
sceptre,5,1044
deed,5,1045
try,5,1046
teeth,5,1047
mounted,5,1048
clever,5,1049
louder,5,1050
fruit,5,1051
leg,5,1052
folk,5,1053
unless,5,1054
meet,5,1055
prayers,5,1056
weary,5,1057
corner,5,1058
paper,5,1059
lizard,5,1060
gathered,5,1061
nose,5,1062
evil,5,1063
bubbles,5,1064
holes,5,1065
slipped,5,1066
terribly,5,1067
swim,5,1068
watching,5,1069
happily,5,1070
firewood,5,1071
eating,5,1072
rule,5,1073
bow,5,1074
leaped,5,1075
shout,5,1076
cruel,5,1077
lady,5,1078
offer,5,1079
portrait,5,1080
choose,5,1081
less,5,1082
harm,5,1083
pick,5,1084
treasure,5,1085
goodness,4,1086
bullock,4,1087
honest,4,1088
swifter,4,1089
ocean,4,1090
you'll,4,1091
spite,4,1092
whisper,4,1093
pleasant,4,1094
dreadful,4,1095
particular,4,1096
dicotyledonous,4,1097
rome,4,1098
wear,4,1099
jacket,4,1100
thinks,4,1101
reached,4,1102
difference,4,1103
precious,4,1104
comfort,4,1105
worst,4,1106
beam,4,1107
mamma,4,1108
eaten,4,1109
bringing,4,1110
twice,4,1111
pride,4,1112
faces,4,1113
easy,4,1114
floated,4,1115
tight,4,1116
short,4,1117
worse,4,1118
yours,4,1119
fat,4,1120
stem,4,1121
goose,4,1122
oho,4,1123
crops,4,1124
nights,4,1125
quick,4,1126
wing,4,1127
sea-king,4,1128
monster,4,1129
crawled,4,1130
delight,4,1131
week,4,1132
cry,4,1133
pile,4,1134
orphan,4,1135
longer,4,1136
tie,4,1137
war-gong,4,1138
sorry,4,1139
bitterly,4,1140
mail,4,1141
placed,4,1142
forward,4,1143
unhappy,4,1144
pop,4,1145
postman,4,1146
eagle,4,1147
trenches,4,1148
lords,4,1149
kitchen,4,1150
dears,4,1151
crust,4,1152
hammering,4,1153
pity,4,1154
rushed,4,1155
banquet,4,1156
golden-haired,4,1157
darkness,4,1158
prince's,4,1159
towers,4,1160
trying,4,1161
greeted,4,1162
stolen,4,1163
dried,4,1164
naked,4,1165
journey,4,1166
presence,4,1167
lippety,4,1168
use,4,1169
suppose,4,1170
woke,4,1171
rolling,4,1172
biggest,4,1173
giving,4,1174
caps,4,1175
mistake,4,1176
keyhole,4,1177
candide,4,1178
carrying,4,1179
flock,4,1180
poked,4,1181
prayed,4,1182
fond,4,1183
instantly,4,1184
dance,4,1185
standing,4,1186
bushes,4,1187
creature,4,1188
flour,4,1189
strip,4,1190
wrong,4,1191
rake,4,1192
dragged,4,1193
greatly,4,1194
front,4,1195
closely,4,1196
burned,4,1197
waltz,4,1198
bore,4,1199
pit,4,1200
order,4,1201
reach,4,1202
sweep,4,1203
drop,4,1204
otter's,4,1205
birds,4,1206
babe,4,1207
feeling,4,1208
marvellous,4,1209
hung,4,1210
brook,4,1211
dug,4,1212
haste,4,1213
slept,4,1214
brass,4,1215
shepherd-boy,4,1216
hurry,4,1217
jealous,4,1218
brave,4,1219
exclaimed,4,1220
sake,4,1221
dizzy,4,1222
advice,4,1223
sadly,4,1224
shadow,4,1225
distance,4,1226
worthless,4,1227
pies,4,1228
armour,4,1229
second,4,1230
laughter,4,1231
dare,4,1232
workmen,4,1233
crouched,4,1234
breeze,4,1235
growing,4,1236
slew,4,1237
earned,4,1238
ape,4,1239
jackals,4,1240
six,4,1241
breath,4,1242
opinion,4,1243
forgot,4,1244
acted,4,1245
smooth,4,1246
forehead,4,1247
banyan,4,1248
settled,4,1249
greater,4,1250
flower,4,1251
ill,4,1252
hunt,4,1253
also,4,1254
gentle,4,1255
agreed,4,1256
arose,4,1257
skin,4,1258
knife,4,1259
cottage,4,1260
latin,4,1261
bumped,4,1262
praise,4,1263
dry,4,1264
seek,4,1265
crossed,4,1266
cross,4,1267
write,4,1268
useless,4,1269
songs,4,1270
midnight,4,1271
ways,4,1272
blow,4,1273
duck,4,1274
swept,4,1275
letter,4,1276
faithful,4,1277
bank,4,1278
eel,4,1279
stand,4,1280
wint,4,1281
worth,4,1282
beginning,4,1283
queer,4,1284
books,4,1285
makes,4,1286
shake,4,1287
sew,4,1288
alas,4,1289
nurse,4,1290
armed,3,1291
baby's,3,1292
crafty,3,1293
gardens,3,1294
ho,3,1295
chairs,3,1296
publisher,3,1297
furious,3,1298
nodded,3,1299
rustle,3,1300
cupboard,3,1301
somebody,3,1302
buttons,3,1303
lightly,3,1304
king-crab,3,1305
chicken,3,1306
fashter,3,1307
build,3,1308
walking,3,1309
god's,3,1310
blood,3,1311
pan,3,1312
fright,3,1313
supposed,3,1314
worthy,3,1315
pocket,3,1316
necklace,3,1317
danger,3,1318
actions,3,1319
visit,3,1320
lock,3,1321
blessing,3,1322
won't,3,1323
cord,3,1324
throat,3,1325
pond,3,1326
larger,3,1327
patient,3,1328
heap,3,1329
sister,3,1330
marked,3,1331
illustration,3,1332
received,3,1333
shoulders,3,1334
beans,3,1335
task,3,1336
burst,3,1337
artificial,3,1338
stretched,3,1339
toys,3,1340
written,3,1341
cheeses,3,1342
lion's,3,1343
thick,3,1344
birch,3,1345
princess,3,1346
noise,3,1347
questions,3,1348
hurried,3,1349
rider,3,1350
beet,3,1351
heaven,3,1352
laughing,3,1353
clouds,3,1354
trunk,3,1355
crayfish,3,1356
won,3,1357
defy,3,1358
churches,3,1359
helianthus,3,1360
steed,3,1361
ploughing,3,1362
loaf,3,1363
ashamed,3,1364
nest,3,1365
hop,3,1366
animal,3,1367
tear,3,1368
nibbled,3,1369
loaves,3,1370
memory,3,1371
din,3,1372
played,3,1373
crystal,3,1374
calling,3,1375
least,3,1376
colder,3,1377
trust,3,1378
chose,3,1379
nibble,3,1380
tricks,3,1381
floating,3,1382
change,3,1383
snap,3,1384
fairy's,3,1385
rays,3,1386
slumber,3,1387
locks,3,1388
shield,3,1389
presents,3,1390
shell-fish,3,1391
needles,3,1392
shtone,3,1393
draw,3,1394
leaned,3,1395
twenty,3,1396
sexton,3,1397
celestial,3,1398
stands,3,1399
lambs,3,1400
ungrateful,3,1401
tub,3,1402
winter,3,1403
sees,3,1404
smoked,3,1405
steady,3,1406
pace,3,1407
rocks,3,1408
andersen's,3,1409
patch,3,1410
stake,3,1411
scattered,3,1412
seven,3,1413
heels,3,1414
shell,3,1415
decided,3,1416
weight,3,1417
pardon,3,1418
eye,3,1419
ugly,3,1420
laws,3,1421
favour,3,1422
ao,3,1423
yourself,3,1424
older,3,1425
pass,3,1426
staff,3,1427
israelitish,3,1428
rode,3,1429
denmark,3,1430
wished,3,1431
behold,3,1432
east,3,1433
subjects,3,1434
seems,3,1435
fetch,3,1436
talking,3,1437
yees,3,1438
honour,3,1439
recognised,3,1440
ruddy,3,1441
distress,3,1442
noticed,3,1443
merry,3,1444
ploughed,3,1445
seized,3,1446
chickens,3,1447
position,3,1448
patiently,3,1449
juicy,3,1450
tuk,3,1451
commanded,3,1452
burgomaster,3,1453
chair,3,1454
vanished,3,1455
somehow,3,1456
ceiling,3,1457
plain,3,1458
shawl,3,1459
america,3,1460
although,3,1461
services,3,1462
hiding,3,1463
delighted,3,1464
welcome,3,1465
enemies,3,1466
flags,3,1467
loudly,3,1468
closed,3,1469
splash,3,1470
sire,3,1471
scissors,3,1472
lap,3,1473
plan,3,1474
souls,3,1475
melted,3,1476
birthday,3,1477
beak,3,1478
crowd,3,1479
names,3,1480
wrap,3,1481
blowing,3,1482
slung,3,1483
spread,3,1484
gallon,3,1485
sink,3,1486
spear,3,1487
selfsame,3,1488
treated,3,1489
modest,3,1490
weak,3,1491
lessons,3,1492
throwing,3,1493
grows,3,1494
steps,3,1495
underneath,3,1496
crazy,3,1497
killing,3,1498
allemaine,3,1499
snail,3,1500
cock-a-doo-dle-doo,3,1501
instant,3,1502
mane,3,1503
warrior,3,1504
kneeling,3,1505
solid,3,1506
fig,3,1507
lit,3,1508
repented,3,1509
later,3,1510
tender,3,1511
canariensis,3,1512
ought,3,1513
kinds,3,1514
answer,3,1515
jewels,3,1516
getting,3,1517
nicely,3,1518
raked,3,1519
taste,3,1520
certain,3,1521
moses,3,1522
seats,3,1523
wept,3,1524
dared,3,1525
teach,3,1526
quarter,3,1527
rough,3,1528
stable,3,1529
youth,3,1530
cries,3,1531
hopped,3,1532
louisa's,3,1533
street,3,1534
loft,3,1535
exalted,3,1536
asking,3,1537
listening,3,1538
company,3,1539
bent,3,1540
limbs,3,1541
fox's,3,1542
rustling,3,1543
dainty,3,1544
stir,3,1545
alive,3,1546
parched,3,1547
permit,3,1548
places,3,1549
drowned,3,1550
stork,3,1551
shine,3,1552
besides,3,1553
stick,3,1554
past,3,1555
several,3,1556
plenty,3,1557
changed,3,1558
packages,3,1559
paid,3,1560
gather,3,1561
whispers,3,1562
band,3,1563
sell,3,1564
stream,3,1565
spears,3,1566
command,3,1567
stitch,3,1568
climbed,3,1569
grand,3,1570
duesseldorf,3,1571
weeding,3,1572
longed,3,1573
loss,3,1574
thaught,3,1575
board,3,1576
sledge,3,1577
steeple,3,1578
satisfied,3,1579
serve,3,1580
wickedness,3,1581
nightingale's,3,1582
overtake,3,1583
beanstalk,3,1584
hunting,3,1585
easier,3,1586
pursued,3,1587
eager,3,1588
yourselves,3,1589
lean,3,1590
pulling,3,1591
wages,3,1592
helpless,3,1593
pretend,3,1594
horror,3,1595
shadowy,3,1596
blessed,3,1597
grasp,3,1598
selfish,3,1599
dream,3,1600
possible,3,1601
keeping,3,1602
grateful,3,1603
dagda's,3,1604
earn,3,1605
knelt,3,1606
gate,3,1607
sliding,3,1608
figure,3,1609
pointed,3,1610
spun,3,1611
cows,3,1612
dungeon,3,1613
cooled,3,1614
footpath,3,1615
trick,3,1616
fresh,3,1617
puff,3,1618
coats,3,1619
weeping,2,1620
hesitated,2,1621
stalked,2,1622
usually,2,1623
settle,2,1624
appetite,2,1625
there's,2,1626
drooping,2,1627
sir,2,1628
grove,2,1629
commenced,2,1630
families,2,1631
bother,2,1632
weariness,2,1633
hardship,2,1634
pioneers,2,1635
hen-mother,2,1636
roadside,2,1637
unveiled,2,1638
especially,2,1639
apronful,2,1640
sneered,2,1641
darling,2,1642
captain,2,1643
princess's,2,1644
dress,2,1645
thief,2,1646
greedy,2,1647
doesn't,2,1648
fourth,2,1649
reapers,2,1650
photograph,2,1651
carrots,2,1652
telling,2,1653
dove,2,1654
shudder,2,1655
shade,2,1656
hoed,2,1657
waters,2,1658
hopping,2,1659
guessed,2,1660
stooping,2,1661
galway,2,1662
chased,2,1663
pike,2,1664
psalms,2,1665
jerked,2,1666
kindly,2,1667
number,2,1668
drank,2,1669
shelves,2,1670
quiet,2,1671
nicest,2,1672
shadows,2,1673
pilgrimage,2,1674
fame,2,1675
pains,2,1676
christmas-day,2,1677
trembling,2,1678
deliver,2,1679
adopted,2,1680
seam,2,1681
farmhouse,2,1682
waits,2,1683
canterbury,2,1684
taking,2,1685
wretched,2,1686
europe,2,1687
trooping,2,1688
stayed,2,1689
safety,2,1690
waving,2,1691
fit,2,1692
reason,2,1693
disgrace,2,1694
note,2,1695
waved,2,1696
situation,2,1697
cheeks,2,1698
tightly,2,1699
despair,2,1700
pain,2,1701
gray,2,1702
transported,2,1703
size,2,1704
many-coloured,2,1705
known,2,1706
gazed,2,1707
miserable,2,1708
months,2,1709
aid,2,1710
tunes,2,1711
content,2,1712
feast,2,1713
bothered,2,1714
repent,2,1715
rushy,2,1716
old-fashioned,2,1717
fierce,2,1718
france,2,1719
egypt,2,1720
kings,2,1721
shines,2,1722
led,2,1723
impostor,2,1724
sold,2,1725
forefinger,2,1726
darker,2,1727
comest,2,1728
beach,2,1729
stupid,2,1730
wide,2,1731
blossoms,2,1732
distant,2,1733
sling,2,1734
stirred,2,1735
cluck,2,1736
harmless,2,1737
thousand,2,1738
lance,2,1739
owl's,2,1740
fall,2,1741
trench,2,1742
clerk,2,1743
heat,2,1744
nicholas,2,1745
pushing,2,1746
length,2,1747
circle,2,1748
keeper's,2,1749
delicious,2,1750
dragging,2,1751
leaf,2,1752
punished,2,1753
autumn,2,1754
successful,2,1755
jars,2,1756
chances,2,1757
degree,2,1758
barren,2,1759
mountains,2,1760
having,2,1761
diagram,2,1762
trusted,2,1763
bulrush,2,1764
cave,2,1765
housework,2,1766
shoe,2,1767
attacked,2,1768
cruelly,2,1769
waited,2,1770
higher,2,1771
sinking,2,1772
modesty,2,1773
timidly,2,1774
harnessed,2,1775
examine,2,1776
passion,2,1777
sticking,2,1778
unto,2,1779
remarkably,2,1780
pricked,2,1781
whimpering,2,1782
dicotyledons,2,1783
deeply,2,1784
three-cornered,2,1785
startled,2,1786
fluffy,2,1787
bilin,2,1788
i've,2,1789
pages,2,1790
keeps,2,1791
talked,2,1792
spade,2,1793
invited,2,1794
master,2,1795
iron,2,1796
tugged,2,1797
travellers,2,1798
helping,2,1799
stretch,2,1800
shticks,2,1801
sharply,2,1802
sunbeams,2,1803
eleven,2,1804
"himself,--it",2,1805
apart,2,1806
nay,2,1807
vegetable,2,1808
homes,2,1809
ireland,2,1810
drown,2,1811
needs,2,1812
jester's,2,1813
starving,2,1814
motherless,2,1815
doorstep,2,1816
beyond,2,1817
law's,2,1818
charming,2,1819
wagons,2,1820
champion,2,1821
proportion,2,1822
putting,2,1823
ladder,2,1824
possess,2,1825
grasses,2,1826
track,2,1827
surface,2,1828
seeming,2,1829
screen,2,1830
verses,2,1831
grunted,2,1832
stumbling,2,1833
serpent,2,1834
lower,2,1835
a-hunting,2,1836
housekeeper,2,1837
prosperous,2,1838
swamp,2,1839
conquer,2,1840
wounded,2,1841
sins,2,1842
picture,2,1843
wider,2,1844
fury,2,1845
sturdy,2,1846
bronze,2,1847
seat,2,1848
barley,2,1849
dawned,2,1850
cheek,2,1851
sow,2,1852
needle,2,1853
leadeth,2,1854
other's,2,1855
sickness,2,1856
hammers,2,1857
monks,2,1858
flat,2,1859
fault,2,1860
lonely,2,1861
trailing,2,1862
chanting,2,1863
reap,2,1864
thunder,2,1865
vision,2,1866
someone,2,1867
headstrong,2,1868
cruelty,2,1869
noon,2,1870
streams,2,1871
awoke,2,1872
appointed,2,1873
gleamed,2,1874
hoped,2,1875
bitter,2,1876
pair,2,1877
tutor,2,1878
twas,2,1879
saint,2,1880
remaining,2,1881
cornfield,2,1882
gradually,2,1883
fertiliser,2,1884
daren't,2,1885
luck,2,1886
therefore,2,1887
wondered,2,1888
stride,2,1889
purposes,2,1890
thimble-finger,2,1891
berries,2,1892
dawn,2,1893
colours,2,1894
grace,2,1895
tire,2,1896
playing,2,1897
diary,2,1898
worry,2,1899
swung,2,1900
apron,2,1901
glen,2,1902
window-pane,2,1903
fan,2,1904
ruled,2,1905
gladness,2,1906
spirit,2,1907
proudly,2,1908
trumpeted,2,1909
banner,2,1910
sort,2,1911
relatives,2,1912
traveller's,2,1913
twinkling,2,1914
petted,2,1915
wither,2,1916
question,2,1917
exceedingly,2,1918
axe,2,1919
schools,2,1920
striving,2,1921
hermit's,2,1922
easter,2,1923
prison,2,1924
reputation,2,1925
cultivated,2,1926
oven,2,1927
dived,2,1928
milk,2,1929
sewed,2,1930
velvet,2,1931
greenwood,2,1932
firmly,2,1933
horns,2,1934
pure,2,1935
humble,2,1936
woe,2,1937
defied,2,1938
customer,2,1939
train,2,1940
companion,2,1941
ear,2,1942
wink,2,1943
hanging,2,1944
jar,2,1945
twirled,2,1946
patches,2,1947
oil,2,1948
streets,2,1949
jiffy,2,1950
journeys,2,1951
win,2,1952
pitch-black,2,1953
bones,2,1954
remarked,2,1955
jaws,2,1956
shly,2,1957
whispering,2,1958
handsome,2,1959
smart,2,1960
temper,2,1961
iv,2,1962
"care,--_but",2,1963
weed,2,1964
glorious,2,1965
lamb,2,1966
presume,2,1967
shame,2,1968
stepped,2,1969
obliging,2,1970
mirth,2,1971
beets,2,1972
leave,2,1973
nine,2,1974
egyptians,2,1975
touch,2,1976
nearest,2,1977
gets,2,1978
hillside,2,1979
store,2,1980
news,2,1981
wolves,2,1982
signs,2,1983
straw,2,1984
dreary,2,1985
hush,2,1986
st,2,1987
robe,2,1988
kissed,2,1989
dew,2,1990
page,2,1991
odin,2,1992
wherever,2,1993
lifted,2,1994
swelled,2,1995
goliath,2,1996
punish,2,1997
drive,2,1998
saddle,2,1999
log,2,2000
troubles,2,2001
laundry,2,2002
smote,2,2003
pastures,2,2004
wayside,2,2005
special,2,2006
lands,2,2007
grumbled,2,2008
thanks,2,2009
patience,2,2010
rested,2,2011
fence,2,2012
hunted,2,2013
uncomfortable,2,2014
imagine,2,2015
marched,2,2016
improved,2,2017
buds,2,2018
study,2,2019
mothers,2,2020
terror,2,2021
surprised,2,2022
river's,2,2023
silent,2,2024
airy,2,2025
helmet,2,2026
showing,2,2027
marvellously,2,2028
stronger,2,2029
divided,2,2030
gigantic,2,2031
father's,2,2032
nonsense,2,2033
minutes,2,2034
delivered,2,2035
everywhere,2,2036
manage,2,2037
orphans,2,2038
persuade,2,2039
war-dance,2,2040
opening,2,2041
flaws,2,2042
strangest,2,2043
fireworks,2,2044
pleasure,2,2045
majestic,2,2046
chant,2,2047
trains,2,2048
measure,2,2049
tremendous,2,2050
sooner,2,2051
hills,2,2052
season,2,2053
fish,2,2054
faded,2,2055
cheery,2,2056
steered,2,2057
festivities,2,2058
ragged,2,2059
harrow,2,2060
released,2,2061
ephah,2,2062
whisked,2,2063
public,2,2064
shoots,2,2065
mile,2,2066
sunshine,2,2067
thumb,2,2068
kindness,2,2069
stout,2,2070
below,2,2071
numbers,2,2072
chords,2,2073
feather,2,2074
expect,2,2075
em,2,2076
dearest,2,2077
shivering,2,2078
ends,2,2079
writing,2,2080
lead,2,2081
kicked,2,2082
nuts,2,2083
rashkill,2,2084
cinderella,2,2085
cheerful,2,2086
mither,2,2087
remind,2,2088
stern,2,2089
shepherd's,2,2090
thirsty,2,2091
verse,2,2092
theatricals,2,2093
worshipping,2,2094
desert,2,2095
gift,2,2096
whirlpool,2,2097
buried,2,2098
cuckoo,2,2099
boys,2,2100
cellar,2,2101
easily,2,2102
ring-finger,2,2103
ray,2,2104
hotels,2,2105
break,2,2106
convent,2,2107
tells,2,2108
cared,2,2109
broad,2,2110
pale,2,2111
dancer,2,2112
passing,2,2113
lines,2,2114
wound,2,2115
entered,2,2116
harrowing,2,2117
fellow,2,2118
swam,2,2119
seedlings,2,2120
nigh,2,2121
spent,2,2122
burn,2,2123
transformed,2,2124
trimmed,2,2125
trampled,2,2126
investigate,2,2127
endless,2,2128
smoothly,2,2129
wits,2,2130
hurt,2,2131
smelt,2,2132
shuts,2,2133
hersel,2,2134
platform,2,2135
prunes,2,2136
bullfrogs,2,2137
fed,2,2138
opposite,2,2139
sigh,2,2140
holiday,2,2141
trod,2,2142
whin,2,2143
starved,2,2144
ourselves,2,2145
trusting,2,2146
mistress,2,2147
flown,2,2148
suffering,2,2149
pooh,2,2150
driving,2,2151
huge,2,2152
chains,2,2153
pillows,2,2154
excited,2,2155
continued,2,2156
nivir,2,2157
greeting,2,2158
northern,2,2159
cup,2,2160
brace,2,2161
winds,2,2162
richly,2,2163
sobbed,2,2164
cousins,2,2165
peep,2,2166
bill,2,2167
enemy,2,2168
guard,2,2169
slave,2,2170
inches,2,2171
haughery,2,2172
toes,2,2173
rise,2,2174
breaking,2,2175
spreading,2,2176
rulers,2,2177
parents,2,2178
garments,2,2179
unrewarded,2,2180
falls,2,2181
bottom,2,2182
sailing,2,2183
overjoyed,2,2184
choked,2,2185
sudden,2,2186
afther,2,2187
thread,2,2188
braced,2,2189
sparrow,2,2190
m-m,2,2191
mere,2,2192
willing,2,2193
greet,2,2194
floundered,2,2195
clean,2,2196
calendula,2,2197
messengers,2,2198
weeny,2,2199
apples,2,2200
gobbled,2,2201
strike,2,2202
sparkled,2,2203
twinkle,2,2204
saluted,2,2205
refused,2,2206
office,2,2207
uncles,2,2208
swell,2,2209
western,2,2210
piled,2,2211
honoured,2,2212
seeing,2,2213
master's,2,2214
shouts,2,2215
examined,2,2216
tent,2,2217
horse's,2,2218
peeped,2,2219
goes,2,2220
scanty,2,2221
arrived,2,2222
waste,2,2223
procession,2,2224
victory,2,2225
fowls,2,2226
flying,2,2227
favourite,2,2228
lies,2,2229
prod,2,2230
anybody,2,2231
choirs,2,2232
chorus,2,2233
be'ind,2,2234
three-edged,2,2235
thrown,2,2236
step,2,2237
legends,2,2238
mince,2,2239
deeds,2,2240
crushed,2,2241
married,2,2242
dwell,2,2243
leaving,2,2244
attention,2,2245
forget,2,2246
begging,2,2247
trickle,2,2248
wrapped,2,2249
silken,2,2250
interesting,2,2251
legend,2,2252
cat,2,2253
believed,2,2254
obtained,2,2255
melt,2,2256
gracious,2,2257
ruin,2,2258
tease,2,2259
ride,2,2260
bags,2,2261
desolate,2,2262
lighted,2,2263
roar,2,2264
diamonds,2,2265
fainting,1,2266
fro,1,2267
currants,1,2268
salads,1,2269
flesh,1,2270
devoured,1,2271
imitate,1,2272
hans,1,2273
half-chick's,1,2274
stature,1,2275
compliment,1,2276
grandly,1,2277
weapon,1,2278
"noticing,--he",1,2279
peg,1,2280
calico,1,2281
adviser,1,2282
digging,1,2283
sunflower,1,2284
mississippi,1,2285
candlesticks,1,2286
beard,1,2287
gravel,1,2288
declared,1,2289
blamed,1,2290
unlocked,1,2291
forth--and,1,2292
amused,1,2293
customers,1,2294
mixed,1,2295
blue-eyed,1,2296
saftly,1,2297
heed,1,2298
unkind,1,2299
mrs,1,2300
country-side,1,2301
piteously,1,2302
protector,1,2303
stocks,1,2304
sown,1,2305
works,1,2306
robed,1,2307
blind,1,2308
probably,1,2309
countries,1,2310
cloud's,1,2311
o'er,1,2312
meat,1,2313
clump,1,2314
rhyme,1,2315
flow,1,2316
fore,1,2317
delay,1,2318
warmth,1,2319
spelt,1,2320
bryant,1,2321
melody,1,2322
window-shutter,1,2323
tones,1,2324
dismounted,1,2325
affectation,1,2326
image,1,2327
impudent,1,2328
wandering,1,2329
tasks,1,2330
church-bells,1,2331
begins,1,2332
eastern,1,2333
watches,1,2334
boldly,1,2335
west,1,2336
lesson,1,2337
law,1,2338
jews,1,2339
consequently,1,2340
changes,1,2341
gaze,1,2342
clapped,1,2343
labels,1,2344
imploringly,1,2345
pitch,1,2346
plainly,1,2347
obliged,1,2348
mixtures,1,2349
groaning,1,2350
carriage,1,2351
spend,1,2352
treetops,1,2353
kiss,1,2354
asylums,1,2355
beau--ty,1,2356
shnug,1,2357
nestles,1,2358
earth-creatures,1,2359
naughtily,1,2360
tightened,1,2361
swarms,1,2362
transfigured,1,2363
moves,1,2364
home-coming,1,2365
thorn-trees,1,2366
"chimney-piece,--and",1,2367
hind-foot,1,2368
hoarse,1,2369
wherein,1,2370
earnest,1,2371
cells,1,2372
anger,1,2373
hem,1,2374
softer,1,2375
irrigating,1,2376
cooed,1,2377
burning,1,2378
betho't,1,2379
fastened,1,2380
loving,1,2381
miles,1,2382
tugging,1,2383
cleverly,1,2384
winter's,1,2385
ensued,1,2386
dainties,1,2387
gem,1,2388
silly,1,2389
advise,1,2390
grown-up,1,2391
common,1,2392
fooled,1,2393
shouldered,1,2394
stupidity,1,2395
rob,1,2396
crate,1,2397
sheath,1,2398
choruses,1,2399
flourished,1,2400
climate,1,2401
smell,1,2402
flax,1,2403
south,1,2404
engaged,1,2405
clock-maker,1,2406
starry,1,2407
cooling,1,2408
muddle,1,2409
sun's,1,2410
dreams,1,2411
hilltop,1,2412
cups,1,2413
humblest,1,2414
pecks,1,2415
dares,1,2416
trousers,1,2417
flaw,1,2418
widow,1,2419
manger,1,2420
balls,1,2421
frightful,1,2422
meekness,1,2423
preached,1,2424
original,1,2425
huh,1,2426
shown,1,2427
"servants,--a",1,2428
clothe,1,2429
feelings,1,2430
silently,1,2431
roses,1,2432
happening,1,2433
sob,1,2434
jealousy,1,2435
pierced,1,2436
beater,1,2437
fixedly,1,2438
fragrant,1,2439
fare,1,2440
alane,1,2441
sprout,1,2442
comfortably,1,2443
revengeful,1,2444
gates,1,2445
forefathers,1,2446
specially,1,2447
whipped,1,2448
naughty,1,2449
battles,1,2450
flashes,1,2451
righteousness,1,2452
breed,1,2453
scatter,1,2454
"first,--which",1,2455
stealing,1,2456
venture,1,2457
substitutes,1,2458
possibly,1,2459
wand,1,2460
darted,1,2461
rude,1,2462
jackal's,1,2463
warning,1,2464
lord's,1,2465
wash,1,2466
excuse,1,2467
monuments,1,2468
mountainside,1,2469
shops,1,2470
ornaments,1,2471
soaring,1,2472
tramp,1,2473
vagabond,1,2474
ripen,1,2475
father--like,1,2476
bits,1,2477
hind,1,2478
fomorians--they,1,2479
china,1,2480
bid,1,2481
tide-foam,1,2482
monument,1,2483
knocking,1,2484
strokes,1,2485
nothin,1,2486
hire,1,2487
ball,1,2488
snail's,1,2489
nasturtiums,1,2490
edges,1,2491
hollow,1,2492
stitches,1,2493
lept,1,2494
address,1,2495
pony,1,2496
events,1,2497
poured,1,2498
steadily,1,2499
barrels,1,2500
gentlemen,1,2501
life's,1,2502
cinder,1,2503
despaired,1,2504
palm,1,2505
ears,1,2506
b'lieve,1,2507
eyrie,1,2508
damp,1,2509
hides,1,2510
"eyes,--""blue",1,2511
regular,1,2512
"jackals,--a",1,2513
johann,1,2514
pilgrims,1,2515
plains,1,2516
tearing,1,2517
quivered,1,2518
glancing,1,2519
jerk,1,2520
ornamented,1,2521
wreath,1,2522
fiercely,1,2523
wailing,1,2524
guess,1,2525
gath,1,2526
peter's,1,2527
scratched,1,2528
"town,--if",1,2529
thump,1,2530
search,1,2531
surf,1,2532
tops,1,2533
dame,1,2534
"work,--how",1,2535
politely,1,2536
mercy,1,2537
sniggered,1,2538
bame,1,2539
drawing,1,2540
minds,1,2541
anointest,1,2542
generally,1,2543
rush,1,2544
printed,1,2545
baked,1,2546
mouse's,1,2547
priest,1,2548
kindest,1,2549
glee,1,2550
milk-woman,1,2551
miaouw,1,2552
rambles,1,2553
wish--i,1,2554
main,1,2555
tiring,1,2556
sara,1,2557
wretches,1,2558
drowsy,1,2559
illumined,1,2560
cathedral,1,2561
shnipped,1,2562
frankness,1,2563
beckoning,1,2564
larkspur,1,2565
deserted,1,2566
smiling,1,2567
pleaded,1,2568
game,1,2569
child-voice,1,2570
hated,1,2571
imploring,1,2572
scornfully,1,2573
melts,1,2574
rang,1,2575
yesterday,1,2576
scarcely,1,2577
colchester,1,2578
far-off,1,2579
loves,1,2580
coach,1,2581
hearth,1,2582
forefeet,1,2583
biled,1,2584
riddles,1,2585
accounted,1,2586
pound,1,2587
tossed,1,2588
fluttered,1,2589
text,1,2590
alight,1,2591
vowed,1,2592
drunken,1,2593
snout,1,2594
dismayed,1,2595
body,1,2596
scurried,1,2597
languid,1,2598
shovel,1,2599
greatness,1,2600
primrose,1,2601
headed,1,2602
allowing,1,2603
carpet,1,2604
interrupted,1,2605
fetters,1,2606
curtains,1,2607
case,1,2608
watchin,1,2609
shrill,1,2610
"water,--an",1,2611
curled,1,2612
lowly,1,2613
stranger's,1,2614
shkin,1,2615
mountebank,1,2616
glowed,1,2617
grant,1,2618
wisdom,1,2619
whither,1,2620
sly,1,2621
sower,1,2622
brathe,1,2623
"twos,--two",1,2624
"cheese,--and",1,2625
sentry,1,2626
manoeuvring,1,2627
fearing,1,2628
dag,1,2629
suffocate,1,2630
climb,1,2631
screamed,1,2632
clods,1,2633
angel's,1,2634
childlike,1,2635
skylark,1,2636
remembers,1,2637
memories,1,2638
guide,1,2639
younger,1,2640
smoothing,1,2641
circled,1,2642
houses,1,2643
castors,1,2644
runneth,1,2645
plum,1,2646
anxious,1,2647
posies,1,2648
little-finger,1,2649
excess,1,2650
thorns,1,2651
"thinking,--thinking",1,2652
yea,1,2653
cooking,1,2654
closet,1,2655
advancing,1,2656
it--nivir,1,2657
fool,1,2658
crossness,1,2659
swiftly,1,2660
"jackal,--""i",1,2661
wildly,1,2662
happens,1,2663
restoreth,1,2664
stool,1,2665
rapture,1,2666
hen's,1,2667
designed,1,2668
fallen,1,2669
pleasing,1,2670
prevented,1,2671
fertilising,1,2672
emperors,1,2673
elm,1,2674
blush,1,2675
lettuce-seeds,1,2676
tighter,1,2677
fairy-clothes,1,2678
insignificant,1,2679
serving-men,1,2680
rear,1,2681
protestants,1,2682
mountain-tops,1,2683
decent,1,2684
kiln,1,2685
shaped,1,2686
inquiry,1,2687
sprouted,1,2688
hurting,1,2689
misleads,1,2690
mouser,1,2691
worker,1,2692
chimney-pots,1,2693
provoked,1,2694
stumps,1,2695
inspiration,1,2696
india,1,2697
tormented,1,2698
means,1,2699
rescued,1,2700
"city,--each",1,2701
wheeled,1,2702
sincerest,1,2703
takes,1,2704
wounds,1,2705
peasant,1,2706
glow,1,2707
sleeps,1,2708
banks,1,2709
slime,1,2710
warmed,1,2711
clearer,1,2712
bloodshed,1,2713
tumult,1,2714
endive,1,2715
annoyed,1,2716
glistening,1,2717
delicate,1,2718
slight,1,2719
roundish,1,2720
reader,1,2721
rereading,1,2722
faithfully,1,2723
pitiless,1,2724
adaptation,1,2725
grieved,1,2726
hut,1,2727
pshaw,1,2728
flowing,1,2729
loads,1,2730
schoolhouse,1,2731
points,1,2732
receive,1,2733
trice,1,2734
storm,1,2735
overtook,1,2736
braiding,1,2737
lightning,1,2738
petals,1,2739
warfare,1,2740
throws,1,2741
wet,1,2742
papa's,1,2743
winch,1,2744
badly,1,2745
share,1,2746
temple,1,2747
harmony,1,2748
atlantic,1,2749
truck,1,2750
combat,1,2751
addressed,1,2752
innocent,1,2753
illness,1,2754
fancy,1,2755
swift,1,2756
letter-box,1,2757
criss-cross,1,2758
fifth,1,2759
night--he,1,2760
stomach,1,2761
swayed,1,2762
delivery,1,2763
reaping,1,2764
saddled,1,2765
brightest,1,2766
pockets,1,2767
slim,1,2768
effect,1,2769
loaded,1,2770
chieftain,1,2771
villages,1,2772
smother,1,2773
prickly,1,2774
nurseries,1,2775
clown's,1,2776
scrambles,1,2777
healing,1,2778
decision,1,2779
lift,1,2780
understanding,1,2781
howls,1,2782
peculiarity,1,2783
puts,1,2784
friendship,1,2785
thanksgiving,1,2786
cobwebs,1,2787
papers,1,2788
assembly,1,2789
grass-blade,1,2790
befall,1,2791
glu-glu-glug,1,2792
odd,1,2793
hopes,1,2794
parsnips,1,2795
dimpling,1,2796
pokes,1,2797
wasting,1,2798
heartily,1,2799
scratch,1,2800
reprove,1,2801
hobbling,1,2802
rod,1,2803
tree-trunks,1,2804
grandmothers,1,2805
tha--nks,1,2806
once't,1,2807
"armour,--he",1,2808
lashed,1,2809
knocked,1,2810
coarse,1,2811
cabins,1,2812
progress,1,2813
market-place,1,2814
shlips,1,2815
cling,1,2816
farmer's,1,2817
faith,1,2818
briers,1,2819
cares,1,2820
adventure,1,2821
asters,1,2822
roofs,1,2823
despite,1,2824
curtain,1,2825
thimpin,1,2826
choir,1,2827
processions,1,2828
maiden,1,2829
hoppity-kicked,1,2830
explanation,1,2831
pause,1,2832
refreshed,1,2833
schame,1,2834
braces,1,2835
menagerie,1,2836
begorra,1,2837
cherish,1,2838
aloud,1,2839
incense,1,2840
gathers,1,2841
snip,1,2842
steams,1,2843
weaving,1,2844
mustard,1,2845
outspread,1,2846
artistic,1,2847
daisies,1,2848
pouf,1,2849
firelight,1,2850
destroy,1,2851
snatched,1,2852
struggled,1,2853
earnestly,1,2854
talkative,1,2855
barely,1,2856
shaking,1,2857
envelope,1,2858
pounced,1,2859
inland,1,2860
lined,1,2861
bleed,1,2862
brush,1,2863
label,1,2864
riddle,1,2865
blades,1,2866
caressed,1,2867
challenged,1,2868
bang,1,2869
day's,1,2870
thither,1,2871
treats,1,2872
instid,1,2873
clung,1,2874
thankless,1,2875
allowed,1,2876
stormed,1,2877
rins,1,2878
creatures,1,2879
rebuked,1,2880
scrambling,1,2881
whir-r-r,1,2882
fourteen,1,2883
knitting,1,2884
expense,1,2885
dust,1,2886
sap,1,2887
crab-bubbles,1,2888
crash,1,2889
casts,1,2890
charmed,1,2891
wailed,1,2892
one's,1,2893
jewel,1,2894
prisoner,1,2895
flowed,1,2896
eight,1,2897
speaking,1,2898
craping,1,2899
fluttering,1,2900
astonishment,1,2901
adds,1,2902
thankful,1,2903
greaves,1,2904
example,1,2905
harness,1,2906
scaring,1,2907
finish,1,2908
chieftains,1,2909
moonlight,1,2910
popped,1,2911
o'clock,1,2912
belonged,1,2913
fact,1,2914
angels,1,2915
grudge,1,2916
cast,1,2917
disturbing,1,2918
oxeye,1,2919
cudgel,1,2920
shepherd,1,2921
daubed,1,2922
summoned,1,2923
throuble,1,2924
vesper,1,2925
stair,1,2926
england,1,2927
mark,1,2928
moist,1,2929
preaching,1,2930
resolve,1,2931
drawer,1,2932
interest,1,2933
far-away,1,2934
suspicious,1,2935
carcasses,1,2936
hebrews,1,2937
touches,1,2938
low-born,1,2939
human,1,2940
solemn,1,2941
broom,1,2942
credit,1,2943
clad,1,2944
proper,1,2945
flashed,1,2946
pin,1,2947
pray,1,2948
n--no,1,2949
plodding,1,2950
horrid,1,2951
pancakes,1,2952
prettiest,1,2953
disappointment,1,2954
depended,1,2955
soothe,1,2956
arriving,1,2957
tough,1,2958
provide,1,2959
fork,1,2960
disobey,1,2961
audience,1,2962
opened!--exactly,1,2963
important,1,2964
distressed,1,2965
rattle,1,2966
sore,1,2967
allow,1,2968
killeth,1,2969
startling,1,2970
horseback,1,2971
shmotherin,1,2972
discontented,1,2973
tempts,1,2974
turf,1,2975
design,1,2976
littlest,1,2977
pillow,1,2978
saveth,1,2979
mount,1,2980
footpaths,1,2981
hardest,1,2982
taller,1,2983
smothered,1,2984
prepared,1,2985
somewhat,1,2986
striking,1,2987
stitched,1,2988
hullabaloo,1,2989
view,1,2990
clash,1,2991
waxed,1,2992
owl,1,2993
lions,1,2994
struggles,1,2995
ridges,1,2996
watering,1,2997
tramped,1,2998
fairy-fingers,1,2999
fix,1,3000
sought,1,3001
corrupt,1,3002
wove,1,3003
murmured,1,3004
imitates,1,3005
steep,1,3006
wandered,1,3007
absent,1,3008
herd,1,3009
grovelling,1,3010
understood,1,3011
schissors,1,3012
nests,1,3013
craggy,1,3014
snorted,1,3015
deserve,1,3016
swimming,1,3017
guilty,1,3018
costly,1,3019
stoned,1,3020
buckle,1,3021
adventures,1,3022
butterfly,1,3023
you'd,1,3024
crawling,1,3025
wax,1,3026
moon's,1,3027
chain,1,3028
merely,1,3029
letting,1,3030
stroke,1,3031
dim,1,3032
vacantly,1,3033
nail,1,3034
ploughs,1,3035
undisturbed,1,3036
town--the,1,3037
reading,1,3038
childish,1,3039
shovelled,1,3040
truth,1,3041
market,1,3042
heights,1,3043
cress,1,3044
sweet-smelling,1,3045
puffed,1,3046
rope-end,1,3047
afternoons,1,3048
puppy-dog's,1,3049
smite,1,3050
wickedly,1,3051
spell,1,3052
park,1,3053
"beautiful,--so",1,3054
feared,1,3055
elsewhere,1,3056
latched,1,3057
singularly,1,3058
penny,1,3059
tis,1,3060
join,1,3061
virgin,1,3062
whence,1,3063
dash,1,3064
folded,1,3065
branch,1,3066
snapped,1,3067
cleaned,1,3068
experiences,1,3069
pleasantly,1,3070
motions,1,3071
fizzing,1,3072
knee,1,3073
dwindle,1,3074
shaken,1,3075
bark,1,3076
chuckled,1,3077
sail,1,3078
shaky,1,3079
burly,1,3080
water's,1,3081
marm,1,3082
satisfy,1,3083
clothing,1,3084
bridge,1,3085
irish,1,3086
brown's,1,3087
unpleasant,1,3088
cooked,1,3089
comfortable,1,3090
courtier,1,3091
mines,1,3092
espy,1,3093
earning,1,3094
wildness,1,3095
combine,1,3096
saul's,1,3097
joined,1,3098
pondered,1,3099
gull,1,3100
dresses,1,3101
prune,1,3102
mist,1,3103
den,1,3104
self-willed,1,3105
raise,1,3106
bridled,1,3107
bathe,1,3108
hunger,1,3109
mouse-sister,1,3110
wrist,1,3111
eve,1,3112
journeyed,1,3113
appeared,1,3114
musician,1,3115
risk,1,3116
arguing,1,3117
surprising,1,3118
bowls,1,3119
up--that,1,3120
blessings,1,3121
shirt,1,3122
sugar-candy,1,3123
sprinkle,1,3124
pencil,1,3125
emeralds,1,3126
suffered,1,3127
follows,1,3128
apt,1,3129
hearts,1,3130
shtill's,1,3131
courtyard,1,3132
swallow,1,3133
humility,1,3134
goodwill,1,3135
trait,1,3136
bin,1,3137
fought--and,1,3138
curses,1,3139
beams,1,3140
fret,1,3141
implement,1,3142
infinite,1,3143
doctor,1,3144
wake,1,3145
teams,1,3146
gorged,1,3147
hiding-place,1,3148
fairly,1,3149
stirring,1,3150
marble,1,3151
candle,1,3152
repeated,1,3153
murmuring,1,3154
submission,1,3155
rubbing,1,3156
"seat_,--and",1,3157
bakery,1,3158
poisoned,1,3159
reproduction,1,3160
harsh,1,3161
lookin,1,3162
scolded,1,3163
puzzled,1,3164
snow-white,1,3165
dreamland,1,3166
blankets,1,3167
wouldn't,1,3168
cautiously,1,3169
wistfully,1,3170
everyone,1,3171
gossip,1,3172
spouted,1,3173
bite,1,3174
hopeless,1,3175
hadn't,1,3176
shady,1,3177
chocolate,1,3178
marriage,1,3179
fumed,1,3180
gobble,1,3181
frog,1,3182
unbeknownst,1,3183
sweetly,1,3184
quality,1,3185
slid,1,3186
sadness,1,3187
beetroot,1,3188
baser,1,3189
visitor,1,3190
disappointed,1,3191
rejoiced,1,3192
shoot,1,3193
keepers,1,3194
shank's,1,3195
happiest,1,3196
dull,1,3197
growled,1,3198
reaching,1,3199
unkempt,1,3200
letters,1,3201
gentleman,1,3202
valueless,1,3203
we've,1,3204
squirrels,1,3205
assistants,1,3206
cone,1,3207
gruffly,1,3208
utterly,1,3209
agin,1,3210
drawers,1,3211
plague,1,3212
largest,1,3213
skill,1,3214
tinkled,1,3215
sorra,1,3216
ordinary,1,3217
"flying,--and",1,3218
weave,1,3219
seldom,1,3220
kick,1,3221
insulted,1,3222
hats,1,3223
nosing,1,3224
contrivance,1,3225
warmer,1,3226
tumbling,1,3227
tables,1,3228
snap_!--the,1,3229
halls,1,3230
gnawed,1,3231
brink,1,3232
chest,1,3233
alang,1,3234
sacked,1,3235
sits,1,3236
bile,1,3237
french,1,3238
whiruled,1,3239
ribbons,1,3240
flattered,1,3241
returned,1,3242
a-bilin,1,3243
central,1,3244
realised,1,3245
"camel,--""i",1,3246
striding,1,3247
singer,1,3248
stumbled,1,3249
responded,1,3250
heavens,1,3251
bell-shaped,1,3252
hatched,1,3253
corridors,1,3254
directly,1,3255
princesses,1,3256
throbbing,1,3257
profound,1,3258
urged,1,3259
trumpet,1,3260
richest,1,3261
removed,1,3262
parks,1,3263
thirst,1,3264
absorbed,1,3265
bargain,1,3266
trappers,1,3267
ha,1,3268
amid,1,3269
hints,1,3270
grumbling,1,3271
i'd,1,3272
keys,1,3273
pasture,1,3274
forepaws,1,3275
cotyledons,1,3276
woman's,1,3277
lid,1,3278
comrade,1,3279
pear,1,3280
hundred,1,3281
forgotten,1,3282
waft,1,3283
slipping,1,3284
anecdote,1,3285
foolishly,1,3286
celebrate,1,3287
anywhere,1,3288
approaches,1,3289
straight-way,1,3290
pleasures,1,3291
sh,1,3292
fist,1,3293
imitate)--right--in--the--middle--of--every--one,1,3294
reflection,1,3295
oak-tree,1,3296
abide,1,3297
knowing,1,3298
plundered,1,3299
chaps,1,3300
cultivating,1,3301
hedge,1,3302
boil,1,3303
swallowed,1,3304
transplanted,1,3305
drawl,1,3306
maybe,1,3307
confusion,1,3308
listen,1,3309
slaves,1,3310
package,1,3311
envy,1,3312
resolved,1,3313
shpread,1,3314
schalted,1,3315
flag-leaves,1,3316
miss,1,3317
vine,1,3318
delicious-smelling,1,3319
childhood,1,3320
finely,1,3321
thirty-three,1,3322
blade,1,3323
intil,1,3324
creeper,1,3325
dark-red,1,3326
awhere,1,3327
plump,1,3328
"names,--nasturtium",1,3329
cloaks,1,3330
nap,1,3331
evenings,1,3332
sausages,1,3333
grass-roots,1,3334
battlefield,1,3335
rescue,1,3336
temporary,1,3337
h-m,1,3338
"looked,--a",1,3339
sweeping,1,3340
refresh,1,3341
candy,1,3342
arch,1,3343
brain,1,3344
farrum,1,3345
wriggling,1,3346
mental,1,3347
aprons,1,3348
latter,1,3349
onions,1,3350
painfully,1,3351
absurd,1,3352
forms,1,3353
drunk,1,3354
out--she,1,3355
region,1,3356
forbore,1,3357
freed,1,3358
sorted,1,3359
sleepers,1,3360
mountain-lake,1,3361
piped,1,3362
slide,1,3363
lump,1,3364
climbing,1,3365
attended,1,3366
"mouth,--and",1,3367
meeting,1,3368
shallow,1,3369
seize,1,3370
behaved,1,3371
ridiculous,1,3372
fearful,1,3373
crispy,1,3374
vacant,1,3375
doll-angel,1,3376
steam,1,3377
ironed,1,3378
governing,1,3379
duty,1,3380
hullo,1,3381
gentle-looking,1,3382
doubt,1,3383
herring,1,3384
considered,1,3385
bound,1,3386
fire-lighted,1,3387
needing,1,3388
crosses,1,3389
maketh,1,3390
rotted,1,3391
weather-vane,1,3392
gold-cake,1,3393
drought,1,3394
mountain-sides,1,3395
leading,1,3396
waiting,1,3397
nightingales,1,3398
consequence,1,3399
success,1,3400
wrinkled,1,3401
sheepskin,1,3402
instant's,1,3403
remain,1,3404
importance,1,3405
wills,1,3406
tumbled,1,3407
breakfast,1,3408
countenance,1,3409
rains,1,3410
offered,1,3411
sacrificed,1,3412
"then,--and",1,3413
girded,1,3414
ships,1,3415
tapping,1,3416
sorts,1,3417
highness,1,3418
foxes,1,3419
buzzing,1,3420
farmyard,1,3421
gladly,1,3422
hermits,1,3423
scalded,1,3424
point,1,3425
boughs,1,3426
jeers,1,3427
aching,1,3428
hour,1,3429
wears,1,3430
timid,1,3431
slender,1,3432
bonnet,1,3433
embarrassing,1,3434
consolation,1,3435
assure,1,3436
flapping,1,3437
longing,1,3438
closing,1,3439
grants,1,3440
silvery,1,3441
carelessly,1,3442
hast,1,3443
crumbs,1,3444
pilgrim's,1,3445
marigolds,1,3446
visited,1,3447
folly,1,3448
planets,1,3449
drooped,1,3450
daring,1,3451
target,1,3452
doth,1,3453
factory,1,3454
suits,1,3455
curiosity,1,3456
disdained,1,3457
spray,1,3458
steel,1,3459
amongst,1,3460
robber,1,3461
graceful,1,3462
unseen,1,3463
civil,1,3464
ah--well,1,3465
beneath,1,3466
sets,1,3467
london,1,3468
objects,1,3469
bear-catchers,1,3470
wallflowers,1,3471
starvation,1,3472
apes,1,3473
bestir,1,3474
theatre,1,3475
heavily,1,3476
germany,1,3477
dearly,1,3478
pumpkin,1,3479
skull,1,3480
idle,1,3481
wishing,1,3482
"times,--sickness",1,3483
joyful,1,3484
expected,1,3485
"disdain--""the",1,3486
turns,1,3487
breasts,1,3488
pay,1,3489
horsemen,1,3490
rosy,1,3491
workpeople,1,3492
s'pose,1,3493
monocotyledonous,1,3494
curlews,1,3495
quarters,1,3496
moo,1,3497
hovering,1,3498
restless,1,3499
youngster,1,3500
soldier,1,3501
parcels,1,3502
piccola's,1,3503
humiliate,1,3504
enclosure,1,3505
fathers,1,3506
fold,1,3507
footmen,1,3508
shower,1,3509
grasped,1,3510
blazing,1,3511
serving,1,3512
rocked,1,3513
flattery,1,3514
distasteful,1,3515
madman,1,3516
planned,1,3517
fascinating,1,3518
violet,1,3519
selfishness,1,3520
provisions,1,3521
godmother,1,3522
whiff,1,3523
hosts,1,3524
coaxing,1,3525
radiance,1,3526
sakes,1,3527
parsley,1,3528
generous,1,3529
colour,1,3530
knives,1,3531
plying,1,3532
poke,1,3533
vivid,1,3534
direction,1,3535
quietly,1,3536
hours,1,3537
slimy,1,3538
spoiled,1,3539
peering,1,3540
quarrel,1,3541
bulrushes,1,3542
performing,1,3543
"real,--like",1,3544
white-robed,1,3545
"pink,--every",1,3546
weaver's,1,3547
twad,1,3548
abundant,1,3549
ken,1,3550
self,1,3551
harvest,1,3552
spicy,1,3553
tasted,1,3554
tongue,1,3555
he'd,1,3556
somersault,1,3557
lo,1,3558
invent,1,3559
stare,1,3560
rare,1,3561
building,1,3562
kingship,1,3563
water_--a,1,3564
ingale,1,3565
loftily,1,3566
fertile,1,3567
huts,1,3568
protect,1,3569
deepest,1,3570
friendly,1,3571
name's,1,3572
rewarded,1,3573
retired,1,3574
loveliest,1,3575
rosses,1,3576
dreaming,1,3577
zelia's,1,3578
slunk,1,3579
chanced,1,3580
leans,1,3581
arrangement,1,3582
acknowledged,1,3583
gwine,1,3584
sledges,1,3585
swords,1,3586
yis,1,3587
helps,1,3588
devour,1,3589
ablaze,1,3590
waistcoats,1,3591
soared,1,3592
sunny,1,3593
thence,1,3594
riders,1,3595
discovered,1,3596
porch,1,3597
tarns,1,3598
jolly,1,3599
hild,1,3600
elephant's,1,3601
paths,1,3602
remained,1,3603
conversation,1,3604
chosen,1,3605
unloaded,1,3606
tomato,1,3607
square-chinned,1,3608
runs,1,3609
irregular,1,3610
wars,1,3611
bull's,1,3612
frightfully,1,3613
grief,1,3614
contrived,1,3615
finer,1,3616
legs,1,3617
handles,1,3618
tattered,1,3619
upright,1,3620
test,1,3621
setting,1,3622
rings,1,3623
kneaded,1,3624
bread-woman,1,3625
imitation,1,3626
perish,1,3627
rose-coloured,1,3628
homeward,1,3629
stripped,1,3630
humped,1,3631
coast,1,3632
curved,1,3633
mosses,1,3634
clang,1,3635
unless--it,1,3636
bonds,1,3637
schared,1,3638
scolding,1,3639
despised,1,3640
singers,1,3641
stony,1,3642
"him,--the",1,3643
hello,1,3644
understand--forgive,1,3645
pinched,1,3646
itself,1,3647
dost,1,3648
imagined,1,3649
"time,--it",1,3650
sighed,1,3651
sharpest,1,3652
challenge,1,3653
scratching,1,3654
tree-roots,1,3655
comforted,1,3656
hebrew,1,3657
diligently,1,3658
hivy,1,3659
enjoyed,1,3660
unfastened,1,3661
palms,1,3662
wondrous,1,3663
flower-beds,1,3664
dissatisfied,1,3665
wine,1,3666
rattling,1,3667
towards,1,3668
rags,1,3669
occur,1,3670
what'll,1,3671
respecting,1,3672
shock,1,3673
contentedly,1,3674
doubted,1,3675
poorer,1,3676
blast,1,3677
forthwith,1,3678
casteth,1,3679
two-horse,1,3680
he's,1,3681
we'd,1,3682
rainbow,1,3683
preparest,1,3684
assented,1,3685
drinking,1,3686
husbands,1,3687
interpose,1,3688
throughout,1,3689
miller,1,3690
wroth,1,3691
pouch,1,3692
placing,1,3693
shpied,1,3694
horses_--a,1,3695
diaries,1,3696
mind--why,1,3697
"garden,--as",1,3698
people's,1,3699
pitied,1,3700
budge,1,3701
wheelbarrow,1,3702
"asked,--""what",1,3703
sprouting,1,3704
gong,1,3705
household,1,3706
peculiar,1,3707
hardness,1,3708
leaping,1,3709
lunch,1,3710
catholics,1,3711
wather,1,3712
pounding,1,3713
star-like,1,3714
mouthful,1,3715
crossly,1,3716
good-morning,1,3717
snows,1,3718
marigold,1,3719
maid-servants,1,3720
silk,1,3721
crunched,1,3722
whirling,1,3723
heart's,1,3724
cricket,1,3725
poking,1,3726
prevail,1,3727
shelter,1,3728
unusual,1,3729
foine,1,3730
dragon,1,3731
grandmother,1,3732
foamed,1,3733
you're,1,3734
sun-bonnet,1,3735
bull,1,3736
warnings,1,3737
thirty-four,1,3738
handful,1,3739
humbly,1,3740
riding,1,3741
wilhelm,1,3742
orange,1,3743
comforting,1,3744
moss,1,3745
radish-row,1,3746
virtues,1,3747
simply,1,3748
troubled,1,3749
resemble,1,3750
wagon,1,3751
narcissus,1,3752
alcott,1,3753
bless,1,3754
precisely,1,3755
summer-time,1,3756
sup,1,3757
forests,1,3758
fires,1,3759
beloved,1,3760
bunches,1,3761
shtring,1,3762
hospital,1,3763
burden,1,3764
spending,1,3765
treat,1,3766
moan,1,3767
tore,1,3768
bobbing,1,3769
sunflowers,1,3770
trembled,1,3771
suit,1,3772
mooing,1,3773
relative,1,3774
steal,1,3775
riches,1,3776
weeks,1,3777
altogether,1,3778
mouths,1,3779
unselfish,1,3780
wood-pile,1,3781
nature,1,3782
congratulate,1,3783
croaking,1,3784
nuns,1,3785
scraps,1,3786
fasting,1,3787
feathers,1,3788
dwelling,1,3789
ploughman,1,3790
signed,1,3791
icy,1,3792
lowest,1,3793
lucky,1,3794
softened,1,3795
andersen,1,3796
served,1,3797
a-massy,1,3798
baggage,1,3799
sinned,1,3800
creep,1,3801
dangerous,1,3802
level--in,1,3803
dazzling,1,3804
knowest,1,3805
fooling,1,3806
fomorian,1,3807
cease,1,3808
longingly,1,3809
gaily,1,3810
reeds,1,3811
tale,1,3812
fool's,1,3813
stuff,1,3814
sunday,1,3815
usual,1,3816
mock,1,3817
scared,1,3818
teacher,1,3819
tastes,1,3820
brutal,1,3821
feelers,1,3822
begun,1,3823
crimson,1,3824
officers,1,3825
bridget,1,3826
corners,1,3827
stared,1,3828
fail,1,3829
bolted,1,3830
tainted,1,3831
quicker,1,3832
shells,1,3833
noble,1,3834
difficult,1,3835
fistful,1,3836
swirling,1,3837
saving,1,3838
rising,1,3839
know--if,1,3840
despise,1,3841
raising,1,3842
widout,1,3843
wholly,1,3844
hail,1,3845
awkward,1,3846
acorns,1,3847
somewhere,1,3848
stocking,1,3849
then--whisk,1,3850
searching,1,3851
"are,--so",1,3852
promptly,1,3853
worship,1,3854
account,1,3855
poem,1,3856
afternoon,1,3857
desired,1,3858
fixed,1,3859
welfare,1,3860
morrow,1,3861
deliverance,1,3862
hiding-places,1,3863
springtime,1,3864
hollyhocks,1,3865
repentance,1,3866
hither,1,3867
sand,1,3868
sticky,1,3869
steer,1,3870
gardeners,1,3871
partly,1,3872
mornings,1,3873
labelled,1,3874
ventured,1,3875
waiting-men,1,3876
spinach,1,3877
cunning,1,3878
highway,1,3879
swarming,1,3880
raisins,1,3881
christmas-time,1,3882
pigeon,1,3883
raking,1,3884
deceive,1,3885
rocky,1,3886
lanes,1,3887
noonday,1,3888
ramble,1,3889
gown,1,3890
awe-struck,1,3891
rivers,1,3892
brood,1,3893
everydayish,1,3894
churchyard,1,3895
sing-song,1,3896
perched,1,3897
guardians,1,3898
buy,1,3899
angrily,1,3900
stately,1,3901
slieveleague,1,3902
"then,--epaminondas",1,3903
whinny,1,3904
whistle,1,3905
improvement,1,3906
perceived,1,3907
skipped,1,3908
columbkill,1,3909
commence,1,3910
hay-loft,1,3911
blunt,1,3912
harrum,1,3913
madly,1,3914
trundling,1,3915
lady's,1,3916
guarded,1,3917
brook's,1,3918
crusty,1,3919
moderation,1,3920
temptation,1,3921
shtand,1,3922
fill,1,3923
hammered,1,3924
word-impressions,1,3925
braid,1,3926
robbers,1,3927
age,1,3928
succeeded,1,3929
hoe,1,3930
fought,1,3931
dusk,1,3932
believes,1,3933
cloud-child,1,3934
afford,1,3935
"tunes,--which",1,3936
ransom,1,3937
blinding,1,3938
honey-coloured,1,3939
slope,1,3940
wayward,1,3941
"it,--what",1,3942
declare,1,3943
bounds,1,3944
cloth,1,3945
pet,1,3946
streamed,1,3947
streaming,1,3948
shtands,1,3949
whistled,1,3950
greenness,1,3951
either,1,3952
gives,1,3953
servant-boy,1,3954
might--and,1,3955
utter,1,3956
thankfully,1,3957
lamp,1,3958
resumed,1,3959
frantic,1,3960
ker-splash,1,3961
plot,1,3962
act,1,3963
banqueting,1,3964
dozens,1,3965
escape,1,3966
argued,1,3967
fights,1,3968
rubies,1,3969
breathe,1,3970
pen,1,3971
lamps,1,3972
prospered,1,3973
dizziness,1,3974
watch-dogs,1,3975
water-tight,1,3976
"king,--a",1,3977
calf,1,3978
propped,1,3979
tracked,1,3980
thousands,1,3981
threshold,1,3982
measured,1,3983
white-haired,1,3984
rockies,1,3985
"water,--and",1,3986
"lives,--that",1,3987
laden,1,3988
commission,1,3989
deformed,1,3990
taunting,1,3991
christian,1,3992
bony,1,3993
truly,1,3994
redder,1,3995
affably,1,3996
grin,1,3997
simple,1,3998
metal,1,3999
stage,1,4000
trained,1,4001
queens,1,4002
unselfishness--and,1,4003
spanish,1,4004
soberly,1,4005
array,1,4006
secret,1,4007
kennel,1,4008
pats,1,4009
poverty's,1,4010
roughly,1,4011
apple,1,4012
learnt,1,4013
hand-shake,1,4014
knowed,1,4015
splashed,1,4016
avoid,1,4017
fewer,1,4018
arrows,1,4019
labours,1,4020
aisles,1,4021
mice,1,4022
peeping,1,4023
whatever,1,4024
contemptuous,1,4025
day--often,1,4026
revenge,1,4027
forgiven,1,4028
pioneer,1,4029
wives,1,4030
"patience,--_how",1,4031
laps,1,4032
brahmins,1,4033
sister-in-law,1,4034
faintly,1,4035
bachelor's,1,4036
"in,--the",1,4037
