Word,Frequency,Rank
he,672,1
the,660,2
and,515,3
to,424,4
of,342,5
that,297,6
it,289,7
a,283,8
was,275,9
buster,222,10
had,216,11
little,207,12
his,188,13
as,163,14
in,161,15
is,156,16
bear,146,17
all,119,18
so,117,19
him,113,20
i,109,21
joe,108,22
you,105,23
for,103,24
at,101,25
one,101,26
farmer,100,27
but,99,28
brown's,97,29
there,94,30
on,90,31
boy,90,32
green,87,33
very,86,34
they,81,35
when,80,36
just,79,37
then,77,38
if,76,39
see,74,40
what,67,41
forest,66,42
up,65,43
be,64,44
with,64,45
out,63,46
could,58,47
didn't,57,48
have,53,49
who,52,50
no,51,51
blacky,51,52
otter,50,53
said,50,54
big,49,55
great,49,56
them,48,57
time,48,58
know,48,59
would,46,60
from,46,61
pool,46,62
now,45,63
been,44,64
way,44,65
berries,44,66
fish,44,67
about,44,68
down,43,69
this,43,70
old,42,71
some,41,72
were,41,73
more,40,74
pail,40,75
afraid,40,76
away,39,77
sammy,39,78
looked,39,79
billy,39,80
or,38,81
too,38,82
trout,37,83
right,36,84
do,36,85
where,36,86
laughing,34,87
get,34,88
how,34,89
than,34,90
brook,32,91
over,32,92
are,31,93
thing,31,94
himself,31,95
chatterer,29,96
couldn't,29,97
other,28,98
mink,28,99
by,28,100
any,28,101
pasture,27,102
make,27,103
me,27,104
come,27,105
sure,27,106
did,26,107
my,26,108
thief,25,109
has,25,110
jay,25,111
think,25,112
even,25,113
thought,25,114
frightened,25,115
made,25,116
ever,24,117
saw,24,118
bad,24,119
can,24,120
back,24,121
else,24,122
go,24,123
tree,24,124
eyes,23,125
eat,23,126
went,23,127
head,23,128
heard,23,129
smiling,23,130
crow,23,131
those,23,132
never,23,133
much,23,134
fishing,22,135
everybody,22,136
enough,22,137
long,22,138
people,22,139
not,22,140
grandfather,22,141
believe,21,142
off,21,143
into,21,144
knew,21,145
came,21,146
seen,21,147
which,21,148
until,21,149
will,20,150
morning,20,151
caught,20,152
something,19,153
such,19,154
because,19,155
next,19,156
first,19,157
frog,18,158
tell,18,159
i'll,18,160
before,18,161
started,18,162
mr,18,163
voice,17,164
day,17,165
reddy,17,166
behind,17,167
peter,17,168
fat,17,169
began,17,170
might,17,171
run,17,172
felt,16,173
don't,16,174
course,16,175
wasn't,16,176
going,16,177
got,16,178
once,16,179
keep,16,180
another,15,181
happened,15,182
most,15,183
must,15,184
good,15,185
through,15,186
caw,15,187
still,15,188
found,15,189
catch,15,190
meadows,15,191
place,15,192
find,15,193
isn't,14,194
nothing,14,195
we,14,196
breakfast,14,197
like,14,198
same,14,199
looking,14,200
mind,14,201
things,14,202
water,13,203
around,13,204
told,13,205
should,13,206
kept,13,207
minute,13,208
sat,13,209
squirrel,13,210
only,13,211
along,13,212
i'm,13,213
red,13,214
say,12,215
want,12,216
fear,12,217
two,12,218
seemed,12,219
anything,12,220
near,12,221
hard,12,222
home,12,223
sight,12,224
face,12,225
fast,12,226
take,12,227
bank,12,228
always,12,229
look,12,230
top,12,231
lot,12,232
fun,11,233
wouldn't,11,234
reached,11,235
temper,11,236
hair,11,237
live,11,238
really,11,239
perhaps,11,240
held,11,241
smart,11,242
edge,11,243
rabbit,11,244
making,10,245
after,10,246
sir,10,247
yes,10,248
last,10,249
fine,10,250
guess,10,251
it's,10,252
far,10,253
breath,10,254
funny,10,255
fox,10,256
footprint,10,257
an,10,258
let,10,259
better,10,260
hadn't,10,261
took,10,262
plan,9,263
without,9,264
wanted,9,265
again,9,266
known,9,267
neck,9,268
stand,9,269
try,9,270
cried,9,271
true,9,272
side,9,273
straight,9,274
watching,9,275
best,9,276
gave,9,277
laugh,9,278
why,9,279
being,9,280
coming,9,281
deal,8,282
jolly,8,283
happy,8,284
carried,8,285
their,8,286
word,8,287
tried,8,288
mouth,8,289
thick,8,290
yell,8,291
worse,8,292
while,8,293
hero,8,294
having,8,295
instead,8,296
early,8,297
tin,8,298
quite,8,299
almost,8,300
kind,8,301
stopped,8,302
to-morrow,8,303
every,8,304
that's,8,305
ran,8,306
pretty,7,307
watch,7,308
foolish,7,309
doesn't,7,310
fright,7,311
ha,7,312
habit,7,313
screaming,7,314
wonder,7,315
ought,7,316
deep,7,317
here,7,318
buster's,7,319
fellow,7,320
care,7,321
bobby,7,322
your,7,323
meet,7,324
laughed,7,325
moved,7,326
climbed,7,327
nearer,7,328
soon,7,329
running,7,330
many,7,331
terrible,7,332
sitting,7,333
flew,7,334
oh,7,335
loud,7,336
hiding,7,337
life,6,338
puzzled,6,339
growled,6,340
feet,6,341
happen,6,342
asked,6,343
fly,6,344
angry,6,345
suddenly,6,346
under,6,347
perfectly,6,348
hurried,6,349
comes,6,350
round,6,351
bear's,6,352
advice,6,353
whole,6,354
exciting,6,355
ate,6,356
own,6,357
themselves,6,358
i've,6,359
neighbors,6,360
climb,6,361
blue,6,362
waited,6,363
news,6,364
least,6,365
takes,6,366
strong,6,367
few,6,368
excited,6,369
our,6,370
hear,6,371
slipped,6,372
bottom,6,373
flat,6,374
rage,6,375
snapped,6,376
muddy,6,377
i'd,6,378
somehow,6,379
unc,6,380
doing,6,381
sun,6,382
well,6,383
bushes,6,384
wrong,6,385
chuckling,6,386
given,5,387
grinned,5,388
often,5,389
spread,5,390
lost,5,391
feel,5,392
together,5,393
listened,5,394
blueberries,5,395
across,5,396
certainly,5,397
page,5,398
anywhere,5,399
done,5,400
hurry,5,401
everything,5,402
world,5,403
heads,5,404
help,5,405
three,5,406
shook,5,407
worst,5,408
hanging,5,409
surprised,5,410
getting,5,411
ears,5,412
sound,5,413
goes,5,414
hungry,5,415
wish,5,416
sandwiches,5,417
taken,5,418
lay,5,419
cousin,5,420
woods,5,421
turned,5,422
bed,5,423
fuss,5,424
teeth,5,425
stole,5,426
friends,5,427
talking,5,428
deepest,5,429
nearly,5,430
cry,5,431
unless,5,432
smarter,5,433
idea,5,434
muskrat,5,435
stepped,5,436
second,5,437
trees,5,438
learned,5,439
though,5,440
stood,5,441
left,5,442
work,5,443
eating,5,444
spite,5,445
hickory-tree,5,446
trying,5,447
illustration,5,448
jerry,5,449
ground,5,450
possum,5,451
jack,5,452
use,5,453
fact,5,454
watched,5,455
biggest,5,456
tail,5,457
pick,5,458
whistle,5,459
grumbly-rumbly,5,460
mud,5,461
replied,5,462
boy's,5,463
spoiled,5,464
greatest,5,465
makes,5,466
coon,5,467
since,5,468
fit,4,469
somebody,4,470
haven't,4,471
end,4,472
reach,4,473
nice,4,474
berry,4,475
anger,4,476
feeling,4,477
need,4,478
common,4,479
forgot,4,480
grew,4,481
yelled,4,482
each,4,483
beside,4,484
listen,4,485
full,4,486
doubt,4,487
turning,4,488
waiting,4,489
swam,4,490
taste,4,491
seem,4,492
bit,4,493
sense,4,494
barn,4,495
brown,4,496
sharp,4,497
shadow,4,498
we'll,4,499
put,4,500
move,4,501
walked,4,502
screamed,4,503
scream,4,504
nobody,4,505
fisherman,4,506
sky,4,507
talk,4,508
wait,4,509
handle,4,510
indeed,4,511
lungs,4,512
remember,4,513
lives,4,514
does,4,515
sunbeams,4,516
joe's,4,517
towards,4,518
ready,4,519
doubted,4,520
hemlock-tree,4,521
also,4,522
agreed,4,523
nose,4,524
you're,4,525
knows,4,526
jimmy,4,527
part,4,528
stolen,4,529
steal,4,530
rise,4,531
hope,4,532
paws,4,533
actually,4,534
promised,4,535
close,4,536
seeing,4,537
mean,4,538
softly,4,539
myself,4,540
joke,4,541
toad,4,542
sometimes,4,543
anybody,4,544
meant,4,545
helped,4,546
curious,4,547
secret,4,548
milk,4,549
berrying,4,550
luck,4,551
pools,4,552
usually,3,553
yawned,3,554
smile,3,555
frog's,3,556
dear,3,557
gray,3,558
to-day,3,559
you'll,3,560
neither,3,561
sudden,3,562
whose,3,563
matter,3,564
especially,3,565
sounded,3,566
honey,3,567
wise,3,568
patch,3,569
listening,3,570
leave,3,571
appetite,3,572
adventures,3,573
chuckled,3,574
awful,3,575
particular,3,576
jump,3,577
house,3,578
drive,3,579
log,3,580
taking,3,581
young,3,582
good-natured,3,583
rock,3,584
understand,3,585
sammy's,3,586
stealing,3,587
exclaimed,3,588
johnny,3,589
gr-r-r-r,3,590
fished,3,591
woof,3,592
feels,3,593
grown,3,594
belong,3,595
shouted,3,596
hid,3,597
slowly,3,598
thinking,3,599
curiosity,3,600
leaves,3,601
trouble,3,602
picked,3,603
skunk,3,604
teach,3,605
stirred,3,606
brer,3,607
ah,3,608
respect,3,609
times,3,610
dare,3,611
quick,3,612
lips,3,613
direction,3,614
story,3,615
stickytoes,3,616
tickled,3,617
years,3,618
hide,3,619
tongue,3,620
likes,3,621
delight,3,622
turtle,3,623
muttered,3,624
lunch,3,625
growing,3,626
dinner,3,627
looks,3,628
longer,3,629
change,3,630
runs,3,631
gasp,3,632
let's,3,633
hearing,3,634
twinkled,3,635
gets,3,636
glared,3,637
open,3,638
these,3,639
coyote,3,640
he's,3,641
thoughtfully,3,642
sulked,3,643
chance,3,644
mother,3,645
noise,3,646
flying,3,647
give,3,648
anyway,3,649
friend,3,650
yet,3,651
alone,3,652
met,3,653
altogether,3,654
yourself,3,655
rid,3,656
gartersnake,3,657
eaten,3,658
splendid,3,659
suppose,3,660
bite,3,661
real,3,662
faint,3,663
spotty,3,664
queer,3,665
grin,3,666
pine-tree,3,667
fell,3,668
wings,3,669
night,3,670
tramped,3,671
trudged,3,672
bully,3,673
fill,3,674
legs,3,675
um-m-m,3,676
truth,3,677
may,3,678
crept,3,679
branch,3,680
fond,3,681
us,3,682
patient,3,683
brought,3,684
cows,3,685
excitement,3,686
chug-a-rum,3,687
rather,3,688
man,3,689
either,3,690
surprise,3,691
stop,3,692
apt,3,693
ago,3,694
angrily,3,695
followed,3,696
lonesome,2,697
spoil,2,698
mumbled,2,699
frighten,2,700
unkind,2,701
mrs,2,702
teeniest,2,703
spring,2,704
dropped,2,705
impudent,2,706
walking,2,707
hind,2,708
stump,2,709
voices,2,710
greedy,2,711
what's,2,712
obliged,2,713
hateful,2,714
nor,2,715
telling,2,716
supposed,2,717
finest,2,718
guessed,2,719
visit,2,720
redwing,2,721
chased,2,722
broke,2,723
waste,2,724
overhear,2,725
she,2,726
signs,2,727
dancing,2,728
puzzling,2,729
gun,2,730
save,2,731
repeated,2,732
courage,2,733
uncomfortable,2,734
becomes,2,735
throat,2,736
darted,2,737
forever,2,738
lead,2,739
brave,2,740
jumped,2,741
patience,2,742
light-hearted,2,743
ol,2,744
start,2,745
saved,2,746
used,2,747
swiftly,2,748
hello,2,749
above,2,750
stronger,2,751
chosen,2,752
hollow,2,753
sprang,2,754
twice,2,755
sniffed,2,756
scratched,2,757
wood,2,758
easy,2,759
hides,2,760
free,2,761
everywhere,2,762
hare,2,763
fiercely,2,764
mighty,2,765
am,2,766
tops,2,767
admit,2,768
bashful,2,769
moving,2,770
shy,2,771
remembered,2,772
hi,2,773
scooped,2,774
whoever,2,775
won't,2,776
plenty,2,777
wide,2,778
here's,2,779
distance,2,780
within,2,781
carefully,2,782
somewhere,2,783
harmless,2,784
itself,2,785
huh,2,786
expected,2,787
forward,2,788
set,2,789
lily-pad,2,790
traps,2,791
delicious,2,792
shamed,2,793
laughter,2,794
hand,2,795
turn,2,796
beautiful,2,797
angrier,2,798
presently,2,799
winked,2,800
spoke,2,801
exactly,2,802
pails,2,803
higher,2,804
door,2,805
fallen,2,806
scamp,2,807
learning,2,808
sorry,2,809
seldom,2,810
mountain,2,811
whether,2,812
discovered,2,813
invitation,2,814
among,2,815
nibble,2,816
farther,2,817
drowned,2,818
clawed,2,819
fruit,2,820
besides,2,821
mischief,2,822
logs,2,823
master,2,824
weasel,2,825
mistah,2,826
rolled,2,827
nowhere,2,828
others,2,829
called,2,830
badly,2,831
crashed,2,832
sighed,2,833
sharply,2,834
boaster,2,835
stomach,2,836
i--i,2,837
dreamed,2,838
leaned,2,839
danger,2,840
stay,2,841
tall,2,842
shiny,2,843
buzzard,2,844
continued,2,845
opened,2,846
philosopher,2,847
gone,2,848
less,2,849
book,2,850
hardly,2,851
chuck,2,852
hook,2,853
silently,2,854
acquainted,2,855
paw,2,856
soft,2,857
swallow,2,858
proud,2,859
nature,2,860
glad,2,861
foot,2,862
freckled,2,863
cow-path,2,864
wants,2,865
jumper,2,866
black,2,867
popped,2,868
seems,2,869
stared,2,870
quicker,2,871
bigger,2,872
gobbled,2,873
hidden,2,874
merry,2,875
brush,2,876
saying,2,877
important,2,878
show,2,879
retorted,2,880
wandered,2,881
surprising,2,882
pie,2,883
snarled,2,884
hold,2,885
mistaken,2,886
selfish,2,887
different,2,888
possible,2,889
plain,2,890
flies,2,891
growling,2,892
grow,2,893
whistling,2,894
stone,2,895
dreaming,2,896
slipping,2,897
twinkling,2,898
although,2,899
cert'nly,2,900
question,2,901
beginning,2,902
worked,2,903
delighted,2,904
light,2,905
lookout,2,906
faces,2,907
cattle,2,908
creep,2,909
mouse,2,910
weeniest,2,911
finally,2,912
smartness,2,913
claws,2,914
summer,2,915
wherever,2,916
whistled,2,917
ourselves,2,918
simple,2,919
front,2,920
disappeared,2,921
tells,1,922
harsh,1,923
wide-open,1,924
its,1,925
frown,1,926
chattered,1,927
creeping,1,928
louder,1,929
wink,1,930
kingbird,1,931
clear,1,932
bursting,1,933
threw,1,934
there's,1,935
scent,1,936
shadows,1,937
proof,1,938
tenth,1,939
sh-h,1,940
holding,1,941
jaws,1,942
preventing,1,943
tallest,1,944
bolt,1,945
because--guess,1,946
matters,1,947
finished,1,948
x,1,949
probably,1,950
brown-coated,1,951
desire,1,952
middle,1,953
supplies,1,954
uneasily,1,955
ripe,1,956
sides,1,957
two-legged,1,958
iv,1,959
ix,1,960
livelong,1,961
beings,1,962
according,1,963
cheated,1,964
utmost,1,965
busy,1,966
spirits,1,967
glorious,1,968
speak,1,969
jumps,1,970
shame,1,971
her,1,972
vi,1,973
filled,1,974
furnished,1,975
deliberately,1,976
extends,1,977
it--fresh,1,978
shrewd,1,979
strange,1,980
otter's,1,981
ones,1,982
prickly,1,983
single,1,984
terribly,1,985
crack,1,986
favor,1,987
landed,1,988
funniest,1,989
shade,1,990
disposition,1,991
love,1,992
heedlessness,1,993
xvi,1,994
one's,1,995
possession,1,996
hoarse,1,997
chagrin,1,998
excepting,1,999
vii,1,1000
patted,1,1001
low,1,1002
fight,1,1003
during,1,1004
bullies,1,1005
betters,1,1006
learn,1,1007
chilly,1,1008
taunted,1,1009
silly,1,1010
scrambled,1,1011
mildly,1,1012
clumsy,1,1013
shut,1,1014
"others,--redtail",1,1015
tip,1,1016
number,1,1017
peer,1,1018
quiet,1,1019
sheepish,1,1020
pleasant,1,1021
dreadful,1,1022
forgotten,1,1023
killed,1,1024
foolishly,1,1025
days,1,1026
air,1,1027
heap,1,1028
xiv,1,1029
pure,1,1030
mine,1,1031
declared,1,1032
climbing,1,1033
ii,1,1034
trembling,1,1035
fried,1,1036
"help""--and",1,1037
drummer,1,1038
troubles,1,1039
filling,1,1040
dearly,1,1041
digger,1,1042
stumbled,1,1043
difference,1,1044
sailed,1,1045
lash,1,1046
sudden--isn't,1,1047
burgess,1,1048
cuffed,1,1049
testily,1,1050
sticking,1,1051
ordinarily,1,1052
jealous,1,1053
pull,1,1054
manners,1,1055
safety,1,1056
instant,1,1057
feast,1,1058
cleared,1,1059
hunted,1,1060
likely,1,1061
crumb,1,1062
dozen,1,1063
silvery,1,1064
invited,1,1065
treat,1,1066
age,1,1067
xix,1,1068
frantically,1,1069
advised,1,1070
imagine,1,1071
minutes,1,1072
fishermen,1,1073
my--i,1,1074
scheming,1,1075
whitefoot,1,1076
men,1,1077
longest,1,1078
thereafter,1,1079
iii,1,1080
thickest,1,1081
knocking,1,1082
fled,1,1083
duty,1,1084
snickered,1,1085
"walk,--that",1,1086
"pool,--how",1,1087
reason,1,1088
fighter,1,1089
keeping,1,1090
rushed,1,1091
baited,1,1092
lived,1,1093
please,1,1094
licked,1,1095
scamps,1,1096
cannot,1,1097
creatures,1,1098
mischief-maker,1,1099
um-m-m-m,1,1100
nap,1,1101
pop,1,1102
tempt,1,1103
tumbled,1,1104
small,1,1105
peered,1,1106
carries,1,1107
already,1,1108
now--well,1,1109
chipmunk,1,1110
daylight,1,1111
doubts,1,1112
blackberries,1,1113
provoking,1,1114
habits,1,1115
intently,1,1116
"true,--that",1,1117
pieces,1,1118
minds,1,1119
realized,1,1120
spill,1,1121
xv,1,1122
favorite,1,1123
hate,1,1124
timid,1,1125
high,1,1126
kill,1,1127
dropping,1,1128
certain,1,1129
hoping,1,1130
yours,1,1131
fresh,1,1132
cleverest,1,1133
sent,1,1134
trunk,1,1135
jenny,1,1136
squeal,1,1137
hasn't,1,1138
screamer,1,1139
aroused,1,1140
business,1,1141
rejoicing,1,1142
whenever,1,1143
enjoys,1,1144
trace,1,1145
yesterday,1,1146
thinks,1,1147
loves,1,1148
imagined,1,1149
slip,1,1150
sounds,1,1151
falling,1,1152
pies,1,1153
pay,1,1154
contain,1,1155
fall,1,1156
recover,1,1157
declaring,1,1158
become,1,1159
proposed,1,1160
greatness,1,1161
gruffest,1,1162
w,1,1163
danny,1,1164
tiptoed,1,1165
rubbed,1,1166
scare,1,1167
room,1,1168
politeness,1,1169
smartest,1,1170
thrust,1,1171
stout,1,1172
below,1,1173
deserve,1,1174
case,1,1175
shrill,1,1176
brings,1,1177
successful,1,1178
washed,1,1179
selfishness,1,1180
brightened,1,1181
em,1,1182
xx,1,1183
shuffled,1,1184
sly,1,1185
saucy,1,1186
joins,1,1187
reward,1,1188
struggling,1,1189
harder,1,1190
branches,1,1191
completely,1,1192
against,1,1193
children,1,1194
sit,1,1195
beat,1,1196
became,1,1197
puts,1,1198
stones,1,1199
quarrel,1,1200
hit,1,1201
roared,1,1202
mustn't,1,1203
played,1,1204
"over,--a",1,1205
gazing,1,1206
porky,1,1207
tasted,1,1208
he'd,1,1209
wondering,1,1210
happens,1,1211
thank,1,1212
feed,1,1213
human,1,1214
drawled,1,1215
understood,1,1216
shuffling,1,1217
merrily,1,1218
goggly,1,1219
pussy,1,1220
dirty,1,1221
tear,1,1222
favors,1,1223
warm,1,1224
late,1,1225
tricks,1,1226
bitten,1,1227
chomped,1,1228
moment,1,1229
working,1,1230
till,1,1231
stumps,1,1232
broader,1,1233
trust,1,1234
death,1,1235
humiliated,1,1236
pricked,1,1237
"him,--soon",1,1238
thoughtless,1,1239
whispered,1,1240
convenient,1,1241
snap,1,1242
finer,1,1243
hung,1,1244
insists,1,1245
cheerfully,1,1246
footprints,1,1247
wrinkling,1,1248
smiled,1,1249
pailful,1,1250
upright,1,1251
lesson,1,1252
hungrier,1,1253
smooth,1,1254
laid,1,1255
possibly,1,1256
growl,1,1257
pays,1,1258
belongs,1,1259
this--he,1,1260
shallow,1,1261
thornton,1,1262
entered,1,1263
flash,1,1264
tipped,1,1265
common-sense,1,1266
dark,1,1267
happiness,1,1268
worth,1,1269
singers,1,1270
clinging,1,1271
meaning,1,1272
buzzing,1,1273
discouraged,1,1274
deeper,1,1275
comical,1,1276
spoiling,1,1277
tommy,1,1278
swift,1,1279
needn't,1,1280
shrieked,1,1281
safe,1,1282
happily,1,1283
hungry--hungry,1,1284
thoughtful,1,1285
bright,1,1286
equal,1,1287
blackbird,1,1288
impo'tant,1,1289
fears,1,1290
fully,1,1291
hemlock,1,1292
draw,1,1293
opposite,1,1294
sigh,1,1295
fix,1,1296
enjoyed,1,1297
smacked,1,1298
why-e-e,1,1299
finding,1,1300
whom,1,1301
hole,1,1302
interesting,1,1303
between,1,1304
however,1,1305
simply,1,1306
woodpecker,1,1307
spilled,1,1308
scowled,1,1309
stands,1,1310
odd,1,1311
cut,1,1312
lunches,1,1313
meeting,1,1314
sore,1,1315
eager,1,1316
sheer,1,1317
haunches,1,1318
xiii,1,1319
scratch,1,1320
waking,1,1321
fault,1,1322
xii,1,1323
chasing,1,1324
driving,1,1325
prepared,1,1326
do--rise,1,1327
cooled,1,1328
paper,1,1329
follow,1,1330
shout,1,1331
self-respecting,1,1332
dead,1,1333
catches,1,1334
rapidly,1,1335
arms,1,1336
chase,1,1337
none,1,1338
otherwise,1,1339
jerking,1,1340
wisdom,1,1341
recognized,1,1342
gotten,1,1343
protested,1,1344
bristle,1,1345
knife,1,1346
balance,1,1347
decided,1,1348
peep,1,1349
vented,1,1350
pulled,1,1351
eye,1,1352
shake,1,1353
enemy,1,1354
unpleasant,1,1355
brimming,1,1356
tempered,1,1357
xi,1,1358
jumped--jumped,1,1359
xviii,1,1360
whined,1,1361
write,1,1362
clung,1,1363
scurrying,1,1364
greedily,1,1365
wiped,1,1366
seat,1,1367
scrambling,1,1368
blame,1,1369
crash,1,1370
schemer,1,1371
yo,1,1372
bumped,1,1373
speaking,1,1374
attend,1,1375
scolds,1,1376
smallest,1,1377
studying,1,1378
lucky,1,1379
upset,1,1380
scoop,1,1381
both,1,1382
raspberries,1,1383
other's,1,1384
they're,1,1385
swim,1,1386
amounted,1,1387
easier,1,1388
striped,1,1389
usual,1,1390
lonely,1,1391
scared,1,1392
headfirst,1,1393
admitted,1,1394
begun,1,1395
tears,1,1396
grave,1,1397
"again--""help",1,1398
powerful,1,1399
he'll,1,1400
that'll,1,1401
blinked,1,1402
yourselves,1,1403
cawing,1,1404
hungrily,1,1405
them--for,1,1406
glare,1,1407
highest,1,1408
rouse,1,1409
hound,1,1410
scampered,1,1411
able,1,1412
touches,1,1413
scolding,1,1414
eagerly,1,1415
year,1,1416
dived,1,1417
clattering,1,1418
solemn,1,1419
suspiciously,1,1420
scrapper,1,1421
mere,1,1422
wren,1,1423
growls,1,1424
enjoy,1,1425
twinkle,1,1426
hoped,1,1427
past,1,1428
rule,1,1429
far-away,1,1430
disrespectful,1,1431
rise--anger,1,1432
vireo,1,1433
bluest,1,1434
twas,1,1435
briar-patch,1,1436
gently,1,1437
ways,1,1438
poor,1,1439
large,1,1440
ventured,1,1441
gloated,1,1442
fresh-caught,1,1443
hardest,1,1444
sweet,1,1445
redeye,1,1446
lying,1,1447
darkest,1,1448
proves,1,1449
nearest,1,1450
blow,1,1451
patiently,1,1452
pounded,1,1453
wondered,1,1454
to--ha,1,1455
henhouse,1,1456
blessed,1,1457
peeped,1,1458
taught,1,1459
path,1,1460
v,1,1461
helpless,1,1462
tracks,1,1463
slowest,1,1464
belonged,1,1465
safely,1,1466
call,1,1467
xxi,1,1468
persons,1,1469
folks,1,1470
startled,1,1471
awake,1,1472
short,1,1473
xxii,1,1474
footsteps,1,1475
afterward,1,1476
worry,1,1477
dream,1,1478
blacky's,1,1479
chickadee,1,1480
climber,1,1481
slow,1,1482
pushed,1,1483
viii,1,1484
stupidly,1,1485
racket,1,1486
pleasure,1,1487
drawing,1,1488
circle,1,1489
lies,1,1490
whatever,1,1491
spirit,1,1492
piece,1,1493
dreamer,1,1494
yelling,1,1495
smile's,1,1496
drew,1,1497
bush,1,1498
shivers,1,1499
accept,1,1500
sun-up,1,1501
xxiii,1,1502
meanwhile,1,1503
breezes,1,1504
except,1,1505
respected,1,1506
bark,1,1507
roam,1,1508
gathered,1,1509
welcome,1,1510
"himself,--how",1,1511
meadow,1,1512
grind,1,1513
walk,1,1514
comfortable,1,1515
willingly,1,1516
"habits,--you",1,1517
catching,1,1518
joined,1,1519
concluded,1,1520
shaking,1,1521
fairly,1,1522
bowser,1,1523
roar,1,1524
food,1,1525
wrapped,1,1526
appeared,1,1527
chuckle,1,1528
listener,1,1529
form,1,1530
faintest,1,1531
soberly,1,1532
appreciate,1,1533
kick,1,1534
faster,1,1535
enjoyment,1,1536
ability,1,1537
sparkled,1,1538
tit,1,1539
terror,1,1540
stripping,1,1541
helping,1,1542
orchard,1,1543
hawk,1,1544
news--great,1,1545
neat,1,1546
loudly,1,1547
peeping,1,1548
watered,1,1549
intent,1,1550
squealed,1,1551
greatly,1,1552
sheepishly,1,1553
badger,1,1554
whistles,1,1555
perch,1,1556
xvii,1,1557
hurrying,1,1558
prowling,1,1559
pretended,1,1560
shriek,1,1561
gaped,1,1562
believed,1,1563
robin,1,1564
friendly,1,1565
charged,1,1566
power,1,1567
