Word,Frequency,Rank
the,1629,1
and,844,2
to,721,3
a,627,4
she,537,5
it,526,6
of,508,7
said,462,8
i,400,9
alice,385,10
in,366,11
you,360,12
was,357,13
that,276,14
as,262,15
her,248,16
at,209,17
on,193,18
with,180,19
all,179,20
had,178,21
but,164,22
for,153,23
so,150,24
be,146,25
not,144,26
very,144,27
what,136,28
this,134,29
little,128,30
they,127,31
he,120,32
out,113,33
is,102,34
down,101,35
one,101,36
up,98,37
his,96,38
if,94,39
about,94,40
then,90,41
no,87,42
know,86,43
like,85,44
were,85,45
them,84,46
went,83,47
would,83,48
herself,83,49
again,82,50
do,81,51
have,80,52
when,79,53
could,77,54
or,76,55
there,75,56
thought,74,57
off,73,58
me,68,59
time,68,60
queen,68,61
into,67,62
see,66,63
how,64,64
did,62,65
your,62,66
who,61,67
king,61,68
don't,60,69
well,60,70
my,58,71
began,58,72
i'm,57,73
its,57,74
an,57,75
now,57,76
by,57,77
turtle,56,78
mock,56,79
gryphon,55,80
quite,55,81
hatter,55,82
it's,54,83
think,53,84
are,53,85
their,52,86
way,52,87
some,51,88
just,51,89
much,51,90
go,50,91
say,50,92
thing,49,93
which,49,94
only,49,95
first,49,96
more,48,97
here,48,98
head,48,99
voice,47,100
get,46,101
looked,45,102
never,45,103
got,45,104
come,45,105
must,44,106
rabbit,43,107
after,42,108
him,41,109
such,41,110
round,41,111
tone,40,112
came,40,113
over,40,114
duchess,39,115
dormouse,39,116
other,39,117
why,39,118
two,39,119
any,39,120
great,39,121
back,38,122
oh,38,123
mouse,38,124
been,38,125
before,37,126
from,36,127
cat,35,128
can,34,129
nothing,34,130
i've,34,131
last,33,132
march,33,133
large,33,134
that's,33,135
long,32,136
once,32,137
found,32,138
tell,31,139
will,31,140
hare,31,141
i'll,31,142
put,31,143
right,31,144
heard,30,145
looking,30,146
made,30,147
white,30,148
next,30,149
we,29,150
door,29,151
dear,29,152
replied,29,153
moment,29,154
might,28,155
things,28,156
can't,28,157
look,28,158
caterpillar,27,159
going,27,160
seemed,27,161
poor,27,162
eyes,27,163
should,27,164
make,26,165
three,26,166
upon,26,167
too,26,168
away,25,169
soon,25,170
shall,25,171
without,25,172
day,25,173
rather,25,174
there's,24,175
won't,24,176
sure,24,177
than,24,178
while,24,179
course,24,180
same,24,181
good,24,182
took,24,183
you're,23,184
added,23,185
felt,23,186
another,22,187
getting,22,188
yet,22,189
ever,21,190
half,21,191
till,21,192
wish,21,193
find,21,194
minute,21,195
words,21,196
take,21,197
hand,20,198
cried,20,199
sort,20,200
however,20,201
tried,19,202
please,19,203
anything,19,204
old,19,205
curious,19,206
feet,19,207
even,19,208
being,19,209
eat,18,210
house,18,211
something,18,212
wonder,18,213
use,18,214
soup,18,215
table,18,216
court,18,217
enough,17,218
talking,17,219
question,17,220
end,17,221
jury,17,222
asked,17,223
perhaps,17,224
sat,17,225
let,17,226
side,17,227
doesn't,16,228
under,16,229
high,16,230
indeed,16,231
bit,16,232
turned,16,233
spoke,16,234
hastily,16,235
ran,16,236
done,15,237
because,15,238
near,15,239
saying,15,240
called,15,241
idea,15,242
garden,15,243
gave,15,244
am,15,245
low,14,246
air,14,247
anxiously,14,248
mad,14,249
knew,14,250
change,14,251
remember,14,252
these,14,253
through,14,254
left,14,255
seen,14,256
trying,14,257
suppose,14,258
better,14,259
talk,14,260
speak,14,261
didn't,14,262
saw,14,263
ought,14,264
itself,14,265
set,14,266
face,14,267
us,14,268
certainly,14,269
silence,14,270
both,14,271
hear,14,272
really,13,273
sea,13,274
room,13,275
whole,13,276
people,13,277
cats,13,278
close,13,279
dodo,13,280
still,13,281
grow,13,282
dance,13,283
wouldn't,13,284
suddenly,13,285
kept,13,286
behind,13,287
where,13,288
beautiful,13,289
begin,13,290
far,13,291
cook,13,292
size,13,293
they're,13,294
may,13,295
beginning,13,296
yes,13,297
gone,13,298
try,12,299
used,12,300
game,12,301
hands,12,302
majesty,12,303
many,12,304
best,12,305
always,12,306
deal,12,307
tea,12,308
finished,12,309
arm,12,310
turning,12,311
every,12,312
chapter,12,313
among,12,314
baby,12,315
alice's,12,316
give,12,317
hardly,12,318
bill,12,319
pigeon,12,320
afraid,12,321
life,11,322
i'd,11,323
read,11,324
hurried,11,325
thinking,11,326
waited,11,327
nearly,11,328
tears,11,329
glad,11,330
keep,11,331
whether,11,332
hurry,11,333
minutes,11,334
growing,11,335
dinah,11,336
ask,11,337
wasn't,11,338
though,11,339
makes,11,340
offended,10,341
remarked,10,342
heads,10,343
gloves,10,344
child,10,345
small,10,346
foot,10,347
walked,10,348
own,10,349
else,10,350
turn,10,351
mind,10,352
having,10,353
children,10,354
footman,10,355
sight,10,356
creatures,10,357
yourself,10,358
name,10,359
remark,10,360
mean,10,361
you'd,10,362
fan,10,363
witness,10,364
either,10,365
repeated,10,366
conversation,10,367
word,10,368
lessons,10,369
mouth,10,370
bottle,10,371
soldiers,10,372
queer,10,373
those,10,374
rest,10,375
sitting,10,376
explain,10,377
everything,10,378
pool,10,379
opened,10,380
shook,9,381
shouted,9,382
key,9,383
interrupted,9,384
timidly,9,385
join,9,386
does,9,387
couldn't,9,388
serpent,9,389
tail,9,390
coming,9,391
hold,9,392
birds,9,393
puzzled,9,394
matter,9,395
want,9,396
together,9,397
leave,9,398
believe,9,399
rate,9,400
help,9,401
answer,9,402
reason,9,403
waiting,9,404
angrily,9,405
against,9,406
hall,9,407
few,9,408
knave,9,409
different,9,410
continued,9,411
call,9,412
glass,9,413
making,8,414
haven't,8,415
everybody,8,416
asleep,8,417
sister,8,418
mine,8,419
exactly,8,420
most,8,421
sit,8,422
nobody,8,423
least,8,424
whiting,8,425
meaning,8,426
opportunity,8,427
ready,8,428
lying,8,429
our,8,430
work,8,431
noticed,8,432
running,8,433
eagerly,8,434
pig,8,435
gardeners,8,436
top,8,437
appeared,8,438
mushroom,8,439
hearts,8,440
followed,8,441
moral,8,442
hadn't,8,443
play,8,444
happen,8,445
feel,8,446
fact,8,447
live,8,448
each,8,449
hard,8,450
five,8,451
it'll,8,452
slowly,8,453
seem,8,454
story,8,455
place,8,456
changed,8,457
nose,8,458
window,8,459
dry,8,460
twinkle,8,461
watch,8,462
party,8,463
beg,8,464
trial,7,465
sir,7,466
somebody,7,467
middle,7,468
isn't,7,469
has,7,470
business,7,471
larger,7,472
listen,7,473
grown,7,474
generally,7,475
deep,7,476
hedgehog,7,477
fall,7,478
evidence,7,479
history,7,480
draw,7,481
stood,7,482
book,7,483
eye,7,484
tarts,7,485
repeat,7,486
lobster,7,487
drink,7,488
myself,7,489
golden,7,490
she's,7,491
song,7,492
pleased,7,493
cheshire,7,494
hair,7,495
feeling,7,496
learn,7,497
world,7,498
pepper,7,499
queen's,7,500
manage,7,501
happened,7,502
lobsters,7,503
surprised,7,504
nonsense,7,505
neck,7,506
wood,7,507
lory,7,508
distance,7,509
chin,7,510
shoes,7,511
fetch,7,512
trees,7,513
tired,7,514
open,7,515
others,7,516
william,7,517
bright,7,518
silent,7,519
begun,7,520
slates,7,521
frightened,7,522
goes,7,523
soo--oop,7,524
dream,7,525
kind,7,526
wondering,7,527
shan't,6,528
you'll,6,529
pardon,6,530
loud,6,531
marked,6,532
understand,6,533
written,6,534
youth,6,535
fell,6,536
politely,6,537
stupid,6,538
leaves,6,539
english,6,540
sharp,6,541
trouble,6,542
broken,6,543
roof,6,544
executed,6,545
you've,6,546
between,6,547
sneezing,6,548
sleep,6,549
bread-and-butter,6,550
chorus,6,551
seven,6,552
told,6,553
liked,6,554
adventures,6,555
melancholy,6,556
puppy,6,557
croquet,6,558
ear,6,559
nice,6,560
trembling,6,561
sing,6,562
dreadfully,6,563
forgotten,6,564
subject,6,565
jumped,6,566
exclaimed,6,567
full,6,568
father,6,569
stand,6,570
times,6,571
almost,6,572
late,6,573
wow,6,574
arms,6,575
himself,6,576
inches,6,577
ten,6,578
write,6,579
four,6,580
sentence,6,581
stop,6,582
grin,6,583
across,5,584
dropped,5,585
walking,5,586
sounded,5,587
what's,5,588
strange,5,589
shut,5,590
number,5,591
treacle,5,592
taking,5,593
waving,5,594
prizes,5,595
chimney,5,596
twice,5,597
faces,5,598
ears,5,599
pocket,5,600
ah,5,601
case,5,602
shrill,5,603
happens,5,604
swim,5,605
shriek,5,606
walk,5,607
sleepy,5,608
fancy,5,609
quietly,5,610
sadly,5,611
stay,5,612
cut,5,613
aloud,5,614
pack,5,615
speaking,5,616
seems,5,617
flamingo,5,618
finish,5,619
pair,5,620
important,5,621
tis,5,622
meant,5,623
knee,5,624
likely,5,625
until,5,626
instantly,5,627
along,5,628
height,5,629
surprise,5,630
nervous,5,631
wrong,5,632
temper,5,633
remembered,5,634
often,5,635
hot,5,636
notice,5,637
home,5,638
nine,5,639
procession,5,640
angry,5,641
young,5,642
reply,5,643
drew,5,644
curiosity,5,645
impatiently,5,646
become,5,647
passed,5,648
dare,5,649
direction,5,650
asking,5,651
hookah,5,652
kid,5,653
confusion,5,654
let's,5,655
finger,5,656
swam,5,657
school,5,658
sighed,5,659
moved,5,660
shouldn't,5,661
executioner,5,662
crowded,5,663
eggs,5,664
nearer,5,665
altogether,5,666
sudden,5,667
usual,5,668
morning,5,669
new,5,670
rule,5,671
piece,5,672
sometimes,5,673
doing,5,674
whispered,5,675
tree,5,676
lizard,5,677
simple,5,678
man,5,679
interesting,5,680
girl,4,681
digging,4,682
box,4,683
begins,4,684
grass,4,685
severely,4,686
jurors,4,687
shoulder,4,688
taught,4,689
wanted,4,690
days,4,691
bats,4,692
perfectly,4,693
managed,4,694
water,4,695
frowning,4,696
capital,4,697
arches,4,698
short,4,699
led,4,700
lay,4,701
they'd,4,702
decidedly,4,703
fellow,4,704
care,4,705
screamed,4,706
jury-box,4,707
alas,4,708
fallen,4,709
outside,4,710
means,4,711
deeply,4,712
beau--ootiful,4,713
violently,4,714
bowed,4,715
quadrille,4,716
sharply,4,717
solemnly,4,718
sobs,4,719
verses,4,720
less,4,721
none,4,722
writing,4,723
they'll,4,724
suppressed,4,725
officers,4,726
thank,4,727
pointing,4,728
busily,4,729
paws,4,730
honour,4,731
hearing,4,732
breath,4,733
players,4,734
ordered,4,735
vanished,4,736
difficulty,4,737
twinkling,4,738
creature,4,739
alone,4,740
plan,4,741
answered,4,742
jumping,4,743
pictures,4,744
sides,4,745
reach,4,746
ann,4,747
french,4,748
jurymen,4,749
argument,4,750
mary,4,751
puzzling,4,752
shoulders,4,753
person,4,754
twelve,4,755
miss,4,756
tiny,4,757
uncomfortable,4,758
boots,4,759
sound,4,760
crumbs,4,761
taken,4,762
green,4,763
held,4,764
sounds,4,765
animals,4,766
earth,4,767
except,4,768
hours,4,769
beat,4,770
thoughtfully,4,771
confused,4,772
sky,4,773
tongue,4,774
crowd,4,775
mabel,4,776
verse,4,777
judge,4,778
m,4,779
carried,4,780
true,4,781
besides,4,782
stick,4,783
pale,4,784
doubt,4,785
several,4,786
lives,4,787
yer,4,788
second,4,789
thimble,4,790
kitchen,4,791
sigh,4,792
guinea-pigs,4,793
chance,4,794
dead,4,795
says,4,796
otherwise,4,797
consider,4,798
savage,4,799
bottom,4,800
tale,4,801
stuff,4,802
fast,4,803
porpoise,4,804
shrinking,4,805
fear,4,806
ventured,4,807
natural,4,808
paper,4,809
duck,4,810
passage,4,811
ground,4,812
age,4,813
indignantly,4,814
run,4,815
escape,4,816
dish,4,817
worth,4,818
grunted,4,819
since,4,820
fit,3,821
immediately,3,822
throw,3,823
doth,3,824
knocking,3,825
verdict,3,826
love,3,827
wrote,3,828
obliged,3,829
whisper,3,830
she'll,3,831
civil,3,832
notion,3,833
fly,3,834
rules,3,835
shore,3,836
hoarse,3,837
guessed,3,838
miles,3,839
carefully,3,840
questions,3,841
floor,3,842
particular,3,843
roses,3,844
courage,3,845
confusing,3,846
venture,3,847
fury,3,848
timid,3,849
instance,3,850
above,3,851
bringing,3,852
lived,3,853
noise,3,854
free,3,855
guess,3,856
hungry,3,857
worse,3,858
e--e--evening,3,859
livery,3,860
yours,3,861
hedgehogs,3,862
tossing,3,863
yesterday,3,864
unimportant,3,865
below,3,866
crown,3,867
duchess's,3,868
rose-tree,3,869
anxious,3,870
cakes,3,871
repeating,3,872
sulky,3,873
delight,3,874
hunting,3,875
cake,3,876
passion,3,877
whatever,3,878
kick,3,879
longer,3,880
music,3,881
instead,3,882
out-of-the-way,3,883
girls,3,884
eaglet,3,885
grinned,3,886
caucus-race,3,887
needn't,3,888
picked,3,889
remained,3,890
effect,3,891
dears,3,892
pattering,3,893
sighing,3,894
putting,3,895
reading,3,896
allow,3,897
pity,3,898
spectacles,3,899
figure,3,900
pressed,3,901
decided,3,902
finding,3,903
friend,3,904
poison,3,905
shaking,3,906
bring,3,907
paw,3,908
attending,3,909
real,3,910
tasted,3,911
moving,3,912
pleaded,3,913
upset,3,914
stopped,3,915
mentioned,3,916
o'clock,3,917
solemn,3,918
proper,3,919
pray,3,920
general,3,921
remarks,3,922
gently,3,923
mistake,3,924
owl,3,925
night,3,926
trial's,3,927
howling,3,928
tucked,3,929
croquet-ground,3,930
impossible,3,931
fur,3,932
rabbit's,3,933
folded,3,934
fond,3,935
joined,3,936
cry,3,937
follows,3,938
caught,3,939
beheaded,3,940
loudly,3,941
candle,3,942
fun,3,943
rabbit-hole,3,944
to-day,3,945
cautiously,3,946
mark,3,947
holding,3,948
dull,3,949
unfortunate,3,950
order,3,951
spread,3,952
speech,3,953
filled,3,954
lost,3,955
nor,3,956
serpents,3,957
around,3,958
cheered,3,959
smaller,3,960
trumpet,3,961
remarking,3,962
hush,3,963
tortoise,3,964
faster,3,965
cause,3,966
mouths,3,967
panther,3,968
snail,3,969
further,3,970
tails,3,971
considering,3,972
fish,3,973
possibly,3,974
directions,3,975
later,3,976
considered,3,977
dark,3,978
bat,3,979
sorts,3,980
sad,3,981
legs,3,982
opening,3,983
pieces,3,984
hoping,3,985
sense,3,986
nursing,3,987
move,3,988
turns,3,989
checked,3,990
themselves,3,991
whiskers,3,992
em,3,993
listening,3,994
advance,3,995
stairs,3,996
hanging,3,997
easily,3,998
master,3,999
growl,3,1000
knowledge,3,1001
elbow,3,1002
hurt,3,1003
nibbling,3,1004
funny,3,1005
he's,3,1006
corner,3,1007
forgetting,3,1008
telescope,3,1009
staring,3,1010
eager,3,1011
letter,3,1012
grand,3,1013
advantage,3,1014
bill's,3,1015
hers,3,1016
toes,3,1017
suit,3,1018
met,3,1019
hope,3,1020
slipped,3,1021
teacup,3,1022
choked,3,1023
watching,3,1024
grave,3,1025
crossed,3,1026
list,3,1027
crab,3,1028
somewhere,3,1029
muttering,3,1030
show,3,1031
wonderland,3,1032
gravely,3,1033
peeped,3,1034
handed,3,1035
succeeded,3,1036
catch,3,1037
expecting,3,1038
edge,3,1039
lady,3,1040
breathe,3,1041
alive,3,1042
settled,3,1043
certain,3,1044
brought,3,1045
sobbing,3,1046
week,3,1047
cards,3,1048
dogs,3,1049
fire,3,1050
plate,3,1051
mice,3,1052
guests,3,1053
butter,3,1054
tells,2,1055
doubtfully,2,1056
easy,2,1057
usually,2,1058
cushion,2,1059
clear,2,1060
yawned,2,1061
smile,2,1062
mixed,2,1063
matters,2,1064
half-past,2,1065
plates,2,1066
uneasily,2,1067
knot,2,1068
tea-time,2,1069
wandering,2,1070
busy,2,1071
thoughts,2,1072
occurred,2,1073
law,2,1074
changes,2,1075
morcar,2,1076
tea-party,2,1077
telling,2,1078
wise,2,1079
threw,2,1080
anger,2,1081
broke,2,1082
feeble,2,1083
earnestly,2,1084
throat,2,1085
lasted,2,1086
ferrets,2,1087
quiet,2,1088
hurriedly,2,1089
dreadful,2,1090
leaning,2,1091
afterwards,2,1092
recovered,2,1093
wretched,2,1094
feelings,2,1095
waistcoat-pocket,2,1096
curiouser,2,1097
stoop,2,1098
neatly,2,1099
slate,2,1100
fine,2,1101
bad,2,1102
rattling,2,1103
stretched,2,1104
wash,2,1105
missed,2,1106
purring,2,1107
ill,2,1108
mercia,2,1109
body,2,1110
miserable,2,1111
lie,2,1112
trembled,2,1113
regular,2,1114
royal,2,1115
ma,2,1116
wind,2,1117
ornamented,2,1118
stamping,2,1119
heavy,2,1120
thump,2,1121
flowers,2,1122
raised,2,1123
tut,2,1124
rush,2,1125
laughing,2,1126
muttered,2,1127
wide,2,1128
distant,2,1129
smiling,2,1130
manner,2,1131
invitation,2,1132
won,2,1133
execution,2,1134
thousand,2,1135
smallest,2,1136
falling,2,1137
ashamed,2,1138
hedge,2,1139
goose,2,1140
doors,2,1141
brightened,2,1142
curled,2,1143
twenty-four,2,1144
fountains,2,1145
dinn,2,1146
scream,2,1147
nibbled,2,1148
quick,2,1149
clever,2,1150
whose,2,1151
we're,2,1152
wig,2,1153
ring,2,1154
heart,2,1155
wildly,2,1156
parchment,2,1157
sending,2,1158
merely,2,1159
trotting,2,1160
personal,2,1161
shaped,2,1162
sent,2,1163
choice,2,1164
shorter,2,1165
chose,2,1166
flamingoes,2,1167
mystery,2,1168
inside,2,1169
interrupting,2,1170
takes,2,1171
startled,2,1172
smiled,2,1173
messages,2,1174
bird,2,1175
belongs,2,1176
narrow,2,1177
locks,2,1178
presently,2,1179
wet,2,1180
editions,2,1181
deny,2,1182
addressed,2,1183
secondly,2,1184
difficult,2,1185
raving,2,1186
extraordinary,2,1187
giddy,2,1188
safe,2,1189
nurse,2,1190
wine,2,1191
where's,2,1192
fancied,2,1193
became,2,1194
directly,2,1195
wonderful,2,1196
earls,2,1197
started,2,1198
cares,2,1199
explanation,2,1200
pause,2,1201
summer,2,1202
barrowful,2,1203
mustard,2,1204
authority,2,1205
beating,2,1206
ugly,2,1207
latitude,2,1208
rude,2,1209
excellent,2,1210
proud,2,1211
cauldron,2,1212
thistle,2,1213
older,2,1214
crash,2,1215
shouting,2,1216
weak,2,1217
denied,2,1218
flat,2,1219
lonely,2,1220
fright,2,1221
splashing,2,1222
fight,2,1223
year,2,1224
bite,2,1225
turtles,2,1226
twist,2,1227
entangled,2,1228
pinch,2,1229
giving,2,1230
goldfish,2,1231
taller,2,1232
position,2,1233
pigs,2,1234
kindly,2,1235
patiently,2,1236
washing,2,1237
beasts,2,1238
delightful,2,1239
playing,2,1240
race,2,1241
crying,2,1242
them--and,2,1243
carrying,2,1244
already,2,1245
meekly,2,1246
king's,2,1247
sorrow,2,1248
invited,2,1249
paris,2,1250
bark,2,1251
delighted,2,1252
sneezes,2,1253
luckily,2,1254
concluded,2,1255
dinah'll,2,1256
boy,2,1257
conqueror,2,1258
lefthand,2,1259
o,2,1260
ago,2,1261
tones,2,1262
doubtful,2,1263
directed,2,1264
wake,2,1265
closed,2,1266
stirring,2,1267
front,2,1268
rubbing,2,1269
clock,2,1270
wink,2,1271
jar,2,1272
lap,2,1273
frog,2,1274
jaws,2,1275
conclusion,2,1276
cup,2,1277
names,2,1278
neither,2,1279
treading,2,1280
we've,2,1281
spoon,2,1282
atom,2,1283
voices,2,1284
tumbling,2,1285
wandered,2,1286
beautifully,2,1287
comfits,2,1288
removed,2,1289
useful,2,1290
using,2,1291
panting,2,1292
thoroughly,2,1293
dancing,2,1294
encouraging,2,1295
forgot,2,1296
throwing,2,1297
unrolled,2,1298
sh,2,1299
wherever,2,1300
knowing,2,1301
squeaking,2,1302
drive,2,1303
scroll,2,1304
sang,2,1305
triumphantly,2,1306
row,2,1307
swimming,2,1308
painting,2,1309
comes,2,1310
hasn't,2,1311
shutting,2,1312
absurd,2,1313
imagine,2,1314
drunk,2,1315
forehead,2,1316
bank,2,1317
teacups,2,1318
sell,2,1319
rapidly,2,1320
mostly,2,1321
everything's,2,1322
nicely,2,1323
cat's,2,1324
dishes,2,1325
taste,2,1326
edwin,2,1327
advice,2,1328
dog,2,1329
nowhere,2,1330
hour,2,1331
collected,2,1332
fish-footman,2,1333
snatch,2,1334
singing,2,1335
courtiers,2,1336
plenty,2,1337
burn,2,1338
month,2,1339
sooner,2,1340
constant,2,1341
quickly,2,1342
accident,2,1343
mile,2,1344
picking,2,1345
shower,2,1346
relief,2,1347
stole,2,1348
contemptuously,2,1349
coaxing,2,1350
note-book,2,1351
branches,2,1352
sulkily,2,1353
ringlets,2,1354
cross-examine,2,1355
signed,2,1356
friends,2,1357
remarkable,2,1358
archbishop,2,1359
wants,2,1360
resting,2,1361
six,2,1362
learning,2,1363
yawning,2,1364
custody,2,1365
she'd,2,1366
dinner,2,1367
salt,2,1368
pat,2,1369
bend,2,1370
undertone,2,1371
unfolded,2,1372
concert,2,1373
pebbles,2,1374
break,2,1375
meet,2,1376
returned,2,1377
unless,2,1378
laughed,2,1379
quarrelling,2,1380
blasts,2,1381
laid,2,1382
showing,2,1383
brown,2,1384
singers,2,1385
dispute,2,1386
hint,2,1387
pinched,2,1388
sorrowful,2,1389
three-legged,2,1390
humbly,2,1391
simply,2,1392
pennyworth,2,1393
northumbria,2,1394
lovely,2,1395
follow,2,1396
label,2,1397
stretching,2,1398
sneeze,2,1399
longed,2,1400
knows,2,1401
assembled,2,1402
changing,2,1403
knife,2,1404
agree,2,1405
appear,2,1406
unpleasant,2,1407
part,2,1408
straight,2,1409
experiment,2,1410
evening,2,1411
proceed,2,1412
hit,2,1413
living,2,1414
crimson,2,1415
tiptoe,2,1416
wasting,2,1417
railway,2,1418
apples,2,1419
extremely,2,1420
advisable,2,1421
turtle's,2,1422
caused,2,1423
fashion,2,1424
watched,2,1425
ugh,2,1426
and--oh,2,1427
proves,2,1428
also,2,1429
declare,2,1430
smoking,2,1431
cool,2,1432
uglification,2,1433
pie,2,1434
proved,2,1435
dipped,2,1436
sensation,2,1437
footsteps,2,1438
line,2,1439
keeping,2,1440
pleasure,2,1441
present,2,1442
ordering,2,1443
presents,2,1444
guinea-pig,2,1445
offer,2,1446
executions,2,1447
sun,2,1448
longitude,2,1449
entirely,2,1450
persisted,2,1451
introduce,2,1452
catching,2,1453
struck,2,1454
violent,2,1455
forget,2,1456
cupboards,2,1457
wild,2,1458
alarm,2,1459
moment's,2,1460
blew,2,1461
learnt,2,1462
blow,2,1463
disappeared,2,1464
claws,2,1465
red,2,1466
unhappy,2,1467
fainting,1,1468
currants,1,1469
appearance,1,1470
muchness--you,1,1471
boy--and,1,1472
louder,1,1473
uncomfortably,1,1474
given,1,1475
bursting,1,1476
mournful,1,1477
honest,1,1478
cartwheels,1,1479
muddle,1,1480
declared,1,1481
eats,1,1482
fellows,1,1483
furious,1,1484
nodded,1,1485
received,1,1486
overcome,1,1487
shakespeare,1,1488
fortunately,1,1489
zigzag,1,1490
prize,1,1491
can;--but,1,1492
bother,1,1493
works,1,1494
buttons,1,1495
they've,1,1496
interrupt,1,1497
couple,1,1498
bough,1,1499
they--you've,1,1500
entrance,1,1501
lines,1,1502
meat,1,1503
hoarsely,1,1504
pretty,1,1505
delay,1,1506
bear,1,1507
ix,1,1508
it--once,1,1509
purple,1,1510
carroll,1,1511
collar,1,1512
fender,1,1513
tureen,1,1514
buttercup,1,1515
shape,1,1516
pine-apple,1,1517
today,1,1518
rising,1,1519
boldly,1,1520
lesson,1,1521
trot,1,1522
shifting,1,1523
violence,1,1524
improve,1,1525
plainly,1,1526
empty,1,1527
tremulous,1,1528
flinging,1,1529
sixteenth,1,1530
immense,1,1531
fills,1,1532
rushed,1,1533
expected,1,1534
shade,1,1535
game's,1,1536
one's,1,1537
rumbling,1,1538
tea--not,1,1539
energetic,1,1540
straightening,1,1541
patted,1,1542
visit,1,1543
canary,1,1544
finishing,1,1545
whenever,1,1546
beheading,1,1547
sharing,1,1548
burning,1,1549
way--never,1,1550
loving,1,1551
askance,1,1552
cardboard,1,1553
rome--no,1,1554
managing,1,1555
centre,1,1556
"is--""take",1,1557
common,1,1558
existence,1,1559
shelves,1,1560
uncommon,1,1561
daresay,1,1562
squeaked,1,1563
pleasant,1,1564
hers--she,1,1565
dodged,1,1566
bag,1,1567
desperate,1,1568
daisy-chain,1,1569
heap,1,1570
reasons,1,1571
grazed,1,1572
arithmetic--ambition,1,1573
rome,1,1574
hopeless,1,1575
save,1,1576
furrows,1,1577
kills,1,1578
balls,1,1579
pattern,1,1580
treated,1,1581
toss,1,1582
canterbury,1,1583
feathers,1,1584
soldier,1,1585
awfully,1,1586
grey,1,1587
stingy,1,1588
disagree,1,1589
dressed,1,1590
them--all,1,1591
that--only,1,1592
sneezed,1,1593
rises,1,1594
happening,1,1595
agony,1,1596
contempt,1,1597
examining,1,1598
jogged,1,1599
sorry,1,1600
tillie,1,1601
swallowing,1,1602
fidgeted,1,1603
skurried,1,1604
maps,1,1605
airs,1,1606
settle,1,1607
lizard's,1,1608
skimming,1,1609
reeling,1,1610
precious,1,1611
rubbed,1,1612
warning,1,1613
ravens,1,1614
comfort,1,1615
toys,1,1616
derision,1,1617
then--always,1,1618
sticks,1,1619
tinkling,1,1620
knock,1,1621
rapped,1,1622
explanations,1,1623
permitted,1,1624
mustard-mine,1,1625
argue,1,1626
laugh,1,1627
thick,1,1628
soothing,1,1629
ones,1,1630
lewis,1,1631
favoured,1,1632
known,1,1633
butterfly,1,1634
contradicted,1,1635
walrus,1,1636
cold,1,1637
died,1,1638
eyes.--'tell,1,1639
station,1,1640
righthand,1,1641
oldest,1,1642
wags,1,1643
bitter--and--and,1,1644
content,1,1645
pop,1,1646
stupidest,1,1647
"is--""the",1,1648
fairy-tales,1,1649
forwards,1,1650
whistling,1,1651
france,1,1652
fumbled,1,1653
christmas,1,1654
partner,1,1655
hid,1,1656
raw,1,1657
search,1,1658
boon,1,1659
worried,1,1660
judging,1,1661
pence,1,1662
tight,1,1663
canvas,1,1664
doubling,1,1665
sheep-bells,1,1666
croqueted,1,1667
hate,1,1668
shy,1,1669
dropping,1,1670
writing-desks,1,1671
printed,1,1672
baked,1,1673
kings,1,1674
crash)--'now,1,1675
prisoner's,1,1676
within--a,1,1677
refreshments,1,1678
farmer,1,1679
lest,1,1680
child-life,1,1681
oyster,1,1682
chatte,1,1683
planning,1,1684
croqueting,1,1685
fat,1,1686
worm,1,1687
garden--how,1,1688
untwist,1,1689
daughter,1,1690
stalk,1,1691
advise,1,1692
strength,1,1693
jack-in-the-box,1,1694
terms,1,1695
distance--but,1,1696
ache,1,1697
hearth,1,1698
pace,1,1699
hide,1,1700
riddles,1,1701
flappers,1,1702
trims,1,1703
vote,1,1704
fluttered,1,1705
paint,1,1706
snout,1,1707
ma'am,1,1708
fond--of--of,1,1709
languid,1,1710
hot-tempered,1,1711
eaten,1,1712
kill,1,1713
yet--oh,1,1714
punished,1,1715
skirt,1,1716
rats,1,1717
eleventh,1,1718
cucumber-frames,1,1719
low-spirited,1,1720
pretexts,1,1721
dig,1,1722
nest,1,1723
night-air,1,1724
more--as,1,1725
grant,1,1726
adventures--beginning,1,1727
raven,1,1728
respect,1,1729
egg,1,1730
gay,1,1731
stiff,1,1732
climb,1,1733
applause,1,1734
completely,1,1735
them--'i,1,1736
partners,1,1737
geography,1,1738
passionate,1,1739
houses,1,1740
animal's,1,1741
barley-sugar,1,1742
memory,1,1743
roared,1,1744
years,1,1745
morsel,1,1746
scaly,1,1747
played,1,1748
jelly-fish,1,1749
farm-yard--while,1,1750
settling,1,1751
puss,1,1752
strings,1,1753
inquired,1,1754
hat,1,1755
shepherd,1,1756
likes,1,1757
crawled,1,1758
wait,1,1759
ours,1,1760
ladder?--why,1,1761
lacie,1,1762
slate-pencil,1,1763
cherry-tart,1,1764
schoolroom,1,1765
merrily,1,1766
chimney?--nay,1,1767
feared,1,1768
"muchness""--did",1,1769
son,1,1770
lazy,1,1771
means--to--make--anything--prettier,1,1772
wag,1,1773
incessantly,1,1774
mouse-traps,1,1775
sister's,1,1776
becoming,1,1777
abide,1,1778
atheling,1,1779
answers,1,1780
speed,1,1781
swallow,1,1782
tunnel,1,1783
after-time,1,1784
tricks,1,1785
look-out,1,1786
x,1,1787
encouraged,1,1788
largest,1,1789
mallets,1,1790
mouse--of,1,1791
clearer,1,1792
invented,1,1793
spades,1,1794
annoyed,1,1795
by-the-bye,1,1796
clearly,1,1797
vi,1,1798
jury-men,1,1799
twinkled,1,1800
sluggard,1,1801
appealed,1,1802
rabbit's--'pat,1,1803
crouched,1,1804
conger-eel,1,1805
ancient,1,1806
solid,1,1807
fifteenth,1,1808
guilt,1,1809
tipped,1,1810
dunce,1,1811
fourteenth,1,1812
kiss,1,1813
doze,1,1814
pig-baby,1,1815
stays,1,1816
denying,1,1817
muscular,1,1818
clinging,1,1819
shrink,1,1820
crashed,1,1821
share,1,1822
addressing,1,1823
paused,1,1824
cur,1,1825
upstairs,1,1826
him--how,1,1827
panted,1,1828
hjckrrh,1,1829
occasionally,1,1830
milk-jug,1,1831
introduced,1,1832
placed,1,1833
ending,1,1834
machines,1,1835
family,1,1836
learned,1,1837
poky,1,1838
fifth,1,1839
fourth,1,1840
dreamed,1,1841
voice--the,1,1842
chop,1,1843
leant,1,1844
tougher,1,1845
knuckles,1,1846
star-fish,1,1847
grinning,1,1848
shillings,1,1849
glanced,1,1850
calmly,1,1851
drinking,1,1852
whom,1,1853
multiplication,1,1854
noises,1,1855
muchness,1,1856
twenty,1,1857
begged,1,1858
pounds,1,1859
furrow,1,1860
tied,1,1861
desperately,1,1862
baby--the,1,1863
bank--the,1,1864
gravy,1,1865
mouse--a,1,1866
terribly,1,1867
odd,1,1868
quarrel,1,1869
meeting,1,1870
accusation,1,1871
winter,1,1872
overhead,1,1873
dinah's,1,1874
dog's,1,1875
sands,1,1876
complaining,1,1877
remedies,1,1878
whiles,1,1879
downwards,1,1880
irritated,1,1881
leaders,1,1882
listened,1,1883
sour--and,1,1884
xii,1,1885
retire,1,1886
now--don't,1,1887
turkey,1,1888
forty-two,1,1889
denial,1,1890
hearthrug,1,1891
knocked,1,1892
eyelids,1,1893
curtain,1,1894
day-school,1,1895
bore,1,1896
nile,1,1897
processions,1,1898
est,1,1899
roughly,1,1900
poured,1,1901
execution--once,1,1902
piteous,1,1903
shiver,1,1904
pope,1,1905
darkness,1,1906
curtseying,1,1907
lower,1,1908
driest,1,1909
saucepan,1,1910
vague,1,1911
heels,1,1912
resource,1,1913
daisies,1,1914
roast,1,1915
important--unimportant--unimportant--important,1,1916
neighbouring,1,1917
officer,1,1918
reduced,1,1919
unable,1,1920
chains,1,1921
picture,1,1922
seen--everything,1,1923
brush,1,1924
wider,1,1925
uncorked,1,1926
stolen,1,1927
sob,1,1928
pie-crust,1,1929
modern,1,1930
offend,1,1931
arguments,1,1932
sign,1,1933
dried,1,1934
marmalade,1,1935
right-hand,1,1936
attempted,1,1937
tremble,1,1938
rise,1,1939
appearing,1,1940
hung,1,1941
flashed,1,1942
pass,1,1943
prisoner,1,1944
engraved,1,1945
journey,1,1946
circle,1,1947
rope--will,1,1948
tea-tray,1,1949
depends,1,1950
straightened,1,1951
mineral,1,1952
couples,1,1953
pool--she,1,1954
truthful,1,1955
book-shelves,1,1956
flavour,1,1957
mischief,1,1958
toffee,1,1959
arm-chair,1,1960
fix,1,1961
pleases,1,1962
hedges,1,1963
he'll,1,1964
that'll,1,1965
alice)--'and,1,1966
england,1,1967
sorrows,1,1968
highest,1,1969
thunder,1,1970
afore,1,1971
nasty,1,1972
interest,1,1973
puppy's,1,1974
someone,1,1975
theirs,1,1976
blades,1,1977
promised,1,1978
woke,1,1979
pleasing,1,1980
moderate,1,1981
sentenced,1,1982
chrysalis--you,1,1983
memorandum,1,1984
growls,1,1985
enjoy,1,1986
salmon,1,1987
hoped,1,1988
lessen,1,1989
scale,1,1990
disappointment,1,1991
pulling,1,1992
dates,1,1993
fork,1,1994
disobey,1,1995
touch,1,1996
cost,1,1997
rattle,1,1998
shiny,1,1999
respectful,1,2000
present--at,1,2001
snorting,1,2002
simpleton,1,2003
speaker,1,2004
camomile,1,2005
commotion,1,2006
herald,1,2007
if--if,1,2008
remaining,1,2009
who's,1,2010
pairs,1,2011
lark,1,2012
"is--""birds",1,2013
rustled,1,2014
die,1,2015
therefore,1,2016
flew,1,2017
wondered,1,2018
recognised,1,2019
first--they,1,2020
ridges,1,2021
wings,1,2022
rosetree,1,2023
riddle,1,2024
saucepans,1,2025
v,1,2026
"again--""before",1,2027
rearing,1,2028
understood,1,2029
reasonable,1,2030
consultation,1,2031
so--and,1,2032
flurry,1,2033
persons,1,2034
forepaws,1,2035
somehow,1,2036
pretending,1,2037
worry,1,2038
crawling,1,2039
hippopotamus,1,2040
ceiling,1,2041
lazily,1,2042
bound,1,2043
viii,1,2044
growling,1,2045
thirteen,1,2046
shedding,1,2047
dreamy,1,2048
flock,1,2049
truth,1,2050
accounting,1,2051
puffed,1,2052
used--and,1,2053
brushing,1,2054
field,1,2055
spell,1,2056
yet--and,1,2057
draggled,1,2058
involved,1,2059
trickling,1,2060
produced,1,2061
you--are,1,2062
race-course,1,2063
remembering,1,2064
hiss,1,2065
teases,1,2066
country,1,2067
normans,1,2068
vinegar,1,2069
branch,1,2070
frying-pan,1,2071
length,1,2072
sharks,1,2073
slates'll,1,2074
audibly,1,2075
insolence,1,2076
boxed,1,2077
meanwhile,1,2078
rat-hole,1,2079
minding,1,2080
figures,1,2081
chuckled,1,2082
character,1,2083
spoken,1,2084
welcome,1,2085
annoy,1,2086
curls,1,2087
moon,1,2088
grins,1,2089
fish)--and,1,2090
comfortable,1,2091
prison,1,2092
sprawling,1,2093
crossly,1,2094
complained,1,2095
punching,1,2096
standing,1,2097
presented,1,2098
rabbit-hole--and,1,2099
hollow,1,2100
form,1,2101
consented,1,2102
pencil,1,2103
quarrelled,1,2104
soles,1,2105
milk,1,2106
leap,1,2107
alternately,1,2108
uneasy,1,2109
velvet,1,2110
queer-looking,1,2111
wife,1,2112
mournfully,1,2113
t,1,2114
woman,1,2115
other--bill,1,2116
mouse--to,1,2117
fairly,1,2118
writhing,1,2119
humble,1,2120
hatching,1,2121
curtsey,1,2122
closely,1,2123
bowing,1,2124
"else""--but",1,2125
jaw,1,2126
arrum,1,2127
scolded,1,2128
writing-desk,1,2129
sweet-tempered,1,2130
fair,1,2131
know--and,1,2132
seldom,1,2133
listeners,1,2134
happy,1,2135
failure,1,2136
engaged,1,2137
tidy,1,2138
lad!--here,1,2139
without--maybe,1,2140
nevertheless,1,2141
waters,1,2142
win,1,2143
burst,1,2144
bones,1,2145
cutting,1,2146
places,1,2147
enormous,1,2148
frighten,1,2149
curving,1,2150
double,1,2151
justice,1,2152
despair,1,2153
handsome,1,2154
footman's,1,2155
beak,1,2156
slate--oh,1,2157
yelp,1,2158
expression,1,2159
wander,1,2160
conquest,1,2161
growled,1,2162
reaching,1,2163
mouse's,1,2164
letters,1,2165
guard,1,2166
iv,1,2167
noticing,1,2168
bee,1,2169
bristling,1,2170
foolish,1,2171
murdering,1,2172
drop,1,2173
downward,1,2174
maybe,1,2175
sisters,1,2176
pink,1,2177
corner--no,1,2178
now--but,1,2179
doorway,1,2180
flapper,1,2181
absence,1,2182
turn-up,1,2183
poker,1,2184
sixpence,1,2185
sits,1,2186
shrieks,1,2187
linked,1,2188
eyes--and,1,2189
producing,1,2190
back-somersault,1,2191
banquet,1,2192
telescopes,1,2193
oneself,1,2194
tie,1,2195
it!--that,1,2196
stockings,1,2197
bear?--mind,1,2198
riper,1,2199
prevent,1,2200
pencils,1,2201
weren't,1,2202
vii,1,2203
waste,1,2204
fanning,1,2205
"course--""i",1,2206
spoke--fancy,1,2207
promising,1,2208
clapping,1,2209
least--at,1,2210
you--all,1,2211
hundred,1,2212
prosecute,1,2213
kissed,1,2214
rose,1,2215
a--i'm,1,2216
anywhere,1,2217
ii,1,2218
grew,1,2219
extras,1,2220
elbows,1,2221
lifted,1,2222
alarmed,1,2223
brass,1,2224
d,1,2225
injure,1,2226
pepper-box,1,2227
flame,1,2228
stigand,1,2229
underneath,1,2230
sink,1,2231
crazy,1,2232
good-naturedly,1,2233
sea-shore,1,2234
send,1,2235
killing,1,2236
idiotic,1,2237
proposal,1,2238
yelled,1,2239
water-well,1,2240
powdered,1,2241
grumbled,1,2242
looking-glass,1,2243
finds,1,2244
unwillingly,1,2245
vanishing,1,2246
screaming,1,2247
ledge,1,2248
choosing,1,2249
particular--here,1,2250
good-natured,1,2251
state,1,2252
patience,1,2253
barking,1,2254
fits,1,2255
reeds--the,1,2256
w,1,2257
arch,1,2258
red-hot,1,2259
brain,1,2260
labelled,1,2261
by--the,1,2262
wriggling,1,2263
fig,1,2264
"is--""oh",1,2265
lit,1,2266
altered,1,2267
manners,1,2268
marched,1,2269
brave,1,2270
choking,1,2271
inwards,1,2272
signify,1,2273
attended,1,2274
scrambling,1,2275
lately,1,2276
games,1,2277
fitted,1,2278
iii,1,2279
juror,1,2280
ridiculous,1,2281
clubs,1,2282
deserved,1,2283
wrapping,1,2284
choke,1,2285
inquisitively,1,2286
door--i,1,2287
housemaid,1,2288
crocodile,1,2289
seaography,1,2290
wearily,1,2291
hopeful,1,2292
hate--c,1,2293
push,1,2294
sky-rocket,1,2295
neighbour,1,2296
twentieth,1,2297
land,1,2298
remain,1,2299
rock,1,2300
grunt,1,2301
tumbled,1,2302
chimneys,1,2303
burnt,1,2304
undoing,1,2305
belong,1,2306
caterpillar's,1,2307
tittered,1,2308
adding,1,2309
you.--come,1,2310
dormouse's,1,2311
provoking,1,2312
is--oh,1,2313
he'd,1,2314
it's--it's,1,2315
furiously,1,2316
steam-engine,1,2317
executes,1,2318
ou,1,2319
accounts,1,2320
cheeks,1,2321
conduct,1,2322
promise,1,2323
whoever,1,2324
washing--extra,1,2325
disgust,1,2326
hm,1,2327
cheated,1,2328
wept,1,2329
measure,1,2330
thanked,1,2331
tide,1,2332
reality--the,1,2333
licking,1,2334
within,1,2335
shingle--will,1,2336
london,1,2337
lock,1,2338
capering,1,2339
never-ending,1,2340
expressing,1,2341
lowing,1,2342
onions,1,2343
sugar,1,2344
immediate,1,2345
yards,1,2346
dripping,1,2347
bed,1,2348
occasional,1,2349
woman--but,1,2350
lastly,1,2351
executioner's,1,2352
face--and,1,2353
questions.--how,1,2354
condemn,1,2355
axes,1,2356
ate,1,2357
cart-horse,1,2358
bone,1,2359
footmen,1,2360
pulled,1,2361
feebly,1,2362
hated,1,2363
splendidly,1,2364
queer-shaped,1,2365
teeth,1,2366
along--'catch,1,2367
wooden,1,2368
fanned,1,2369
laughter,1,2370
cries,1,2371
uncommonly,1,2372
feather,1,2373
grammar,1,2374
voices--'hold,1,2375
head--brandy,1,2376
glaring,1,2377
trials,1,2378
squeeze,1,2379
ye,1,2380
squeezed,1,2381
birthday,1,2382
lips,1,2383
impertinent,1,2384
sternly,1,2385
graceful,1,2386
then--i,1,2387
breeze,1,2388
pleasanter,1,2389
peering,1,2390
unjust,1,2391
things--i,1,2392
toast,1,2393
i--i'm,1,2394
fancy--who's,1,2395
fire-irons,1,2396
blown,1,2397
submitted,1,2398
balanced,1,2399
hatter's,1,2400
gazing,1,2401
somersault,1,2402
invent,1,2403
company,1,2404
acceptance,1,2405
accidentally,1,2406
bathing,1,2407
rich,1,2408
lesson-books,1,2409
bent,1,2410
limbs,1,2411
gained,1,2412
actually,1,2413
opinion,1,2414
deepest,1,2415
spot,1,2416
rustling,1,2417
argued,1,2418
"is--""be",1,2419
bawled,1,2420
pictured,1,2421
chanced,1,2422
sizes,1,2423
encourage,1,2424
to-night,1,2425
tulip-roots,1,2426
slightest,1,2427
pet,1,2428
death,1,2429
seriously,1,2430
thunderstorm,1,2431
backs,1,2432
stopping,1,2433
exact,1,2434
pronounced,1,2435
drowned,1,2436
dive,1,2437
howled,1,2438
purpose,1,2439
unusually,1,2440
edgar,1,2441
then!--bill's,1,2442
arm-in-arm,1,2443
grief,1,2444
morals,1,2445
cheerfully,1,2446
throne,1,2447
past,1,2448
upright,1,2449
cucumber-frame,1,2450
passing,1,2451
meal,1,2452
terrier,1,2453
relieved,1,2454
attempt,1,2455
coast,1,2456
loveliest,1,2457
ignorant,1,2458
loose,1,2459
teaching,1,2460
tea-things,1,2461
sends,1,2462
subjects,1,2463
trampled,1,2464
circumstances,1,2465
scratching,1,2466
dozing,1,2467
clasped,1,2468
mayn't,1,2469
flower-pot,1,2470
needs,1,2471
rightly,1,2472
diligently,1,2473
wits,1,2474
shrimp,1,2475
whispers,1,2476
shrieked,1,2477
inclined,1,2478
flower-beds,1,2479
patriotic,1,2480
australia,1,2481
pointed,1,2482
protection,1,2483
wore,1,2484
towards,1,2485
i--i,1,2486
shock,1,2487
places--all,1,2488
globe,1,2489
good-bye,1,2490
opposite,1,2491
then--she,1,2492
gather,1,2493
holiday,1,2494
bright-eyed,1,2495
lullaby,1,2496
readily,1,2497
else's,1,2498
cleared,1,2499
eels,1,2500
explained,1,2501
behead,1,2502
ada,1,2503
things--everything,1,2504
supple,1,2505
vegetable,1,2506
weeks,1,2507
waist,1,2508
pour,1,2509
seaside,1,2510
pitied,1,2511
flown,1,2512
returning,1,2513
upsetting,1,2514
sage,1,2515
series,1,2516
handwriting,1,2517
inkstand,1,2518
say--that's,1,2519
pretend,1,2520
emphasis,1,2521
"be""--or",1,2522
william's,1,2523
tops,1,2524
locked,1,2525
beautify,1,2526
speak--and,1,2527
head's,1,2528
first--verdict,1,2529
prove,1,2530
shark,1,2531
coward,1,2532
joys,1,2533
histories,1,2534
rippling,1,2535
pressing,1,2536
axis,1,2537
respectable,1,2538
hatters,1,2539
seals,1,2540
cattle,1,2541
leading,1,2542
mouse--o,1,2543
cheap,1,2544
nurse--and,1,2545
saves,1,2546
denies,1,2547
ink,1,2548
carry,1,2549
cannot,1,2550
orange,1,2551
sobbed,1,2552
spite,1,2553
parts,1,2554
coils,1,2555
vulgar,1,2556
charges,1,2557
lesson-book,1,2558
fading,1,2559
puzzle,1,2560
him--it,1,2561
dainties,1,2562
murder,1,2563
variations,1,2564
distraction,1,2565
creep,1,2566
usurpation,1,2567
buttered,1,2568
xi,1,2569
fifteen,1,2570
beloved,1,2571
closer,1,2572
magpie,1,2573
comfortably,1,2574
soft,1,2575
pegs,1,2576
treat,1,2577
exclamation,1,2578
classics,1,2579
latin,1,2580
suppress,1,2581
blacking,1,2582
enough--i,1,2583
shyly,1,2584
attempts,1,2585
spreading,1,2586
oblong,1,2587
losing,1,2588
gallons,1,2589
attends,1,2590
ground--and,1,2591
difficulties,1,2592
shining,1,2593
drawling,1,2594
brother's,1,2595
reminding,1,2596
fancying,1,2597
stool,1,2598
kettle,1,2599
insult,1,2600
accustomed,1,2601
imitated,1,2602
trusts,1,2603
adjourn,1,2604
fireplace,1,2605
calling,1,2606
kneel,1,2607
whereupon,1,2608
tastes,1,2609
evidently,1,2610
clean,1,2611
rudeness,1,2612
uglifying,1,2613
practice,1,2614
corners,1,2615
elegant,1,2616
quicker,1,2617
affair,1,2618
fishes,1,2619
twelfth,1,2620
raising,1,2621
able,1,2622
result,1,2623
eating,1,2624
suet,1,2625
magic,1,2626
cross,1,2627
blame,1,2628
flung,1,2629
faint,1,2630
steady,1,2631
account,1,2632
refused,1,2633
fixed,1,2634
obstacle,1,2635
frog-footman,1,2636
beast,1,2637
affectionately,1,2638
treacle-well--eh,1,2639
beauti--ful,1,2640
helpless,1,2641
sand,1,2642
mouths--and,1,2643
seated,1,2644
seeing,1,2645
snappishly,1,2646
ways,1,2647
chief,1,2648
mine--a,1,2649
cunning,1,2650
shilling,1,2651
march--just,1,2652
doubled-up,1,2653
teapot,1,2654
thin--and,1,2655
minded,1,2656
bleeds,1,2657
wood--(she,1,2658
beds,1,2659
antipathies,1,2660
severity,1,2661
educations--in,1,2662
various,1,2663
whistle,1,2664
dismay,1,2665
arrived,1,2666
know--no,1,2667
tomorrow,1,2668
softly,1,2669
thatched,1,2670
setting,1,2671
newspapers,1,2672
drawling--the,1,2673
sisters--they,1,2674
bread-knife,1,2675
haste,1,2676
swallowed,1,2677
adoption,1,2678
ridge,1,2679
saucer,1,2680
elsie,1,2681
esq,1,2682
flying,1,2683
curly,1,2684
queerest,1,2685
possible,1,2686
stupidly,1,2687
one--but,1,2688
afford,1,2689
farther,1,2690
slippery,1,2691
familiarly,1,2692
yet--it's,1,2693
clamour,1,2694
pun,1,2695
shared,1,2696
drawing,1,2697
frontispiece,1,2698
eel,1,2699
pardoned,1,2700
knelt,1,2701
lodging,1,2702
zealand,1,2703
carrier,1,2704
smoke,1,2705
childhood,1,2706
folding,1,2707
fighting,1,2708
arrow,1,2709
act,1,2710
crept,1,2711
ointment--one,1,2712
dreaming,1,2713
uncivil,1,2714
positively,1,2715
lamps,1,2716
indignant,1,2717
thrown,1,2718
to--to,1,2719
uglify,1,2720
down--here,1,2721
drawling-master,1,2722
books,1,2723
that?--it,1,2724
execute,1,2725
subdued,1,2726
helped,1,2727
signifies,1,2728
roots,1,2729
"simply--""never",1,2730
impatient,1,2731
hurrying,1,2732
see--how,1,2733
gloves--that,1,2734
arranged,1,2735
queens,1,2736
secret,1,2737
treacle-well,1,2738
belt,1,2739
terror,1,2740
banks,1,2741
turtle--we,1,2742
harm,1,2743
shake,1,2744
flustered,1,2745
gloomily,1,2746
splashed,1,2747
animal,1,2748
rabbits,1,2749
avoid,1,2750
splash,1,2751
custard,1,2752
neat,1,2753
mad--at,1,2754
undo,1,2755
favourite,1,2756
riddles.--i,1,2757
contemptuous,1,2758
counting,1,2759
blows,1,2760
quiver,1,2761
leaving,1,2762
ourselves,1,2763
cackled,1,2764
conversations,1,2765
idiot,1,2766
ahem,1,2767
believed,1,2768
lose,1,2769
unlocking,1,2770
faintly,1,2771
mice--oh,1,2772
peeping,1,2773
a-piece,1,2774
diamonds,1,2775
