Word,Frequency,Rank
the,53,1
you,52,2
or,45,3
to,43,4
of,38,5
and,31,6
this,30,7
project,27,8
etext,27,9
for,20,10
if,20,11
a,20,12
by,18,13
other,17,14
it,16,15
is,15,16
gutenberg,14,17
may,14,18
any,12,19
not,10,20
from,10,21
be,9,22
small,9,23
print,8,24
that,8,25
one,8,26
we,7,27
your,7,28
in,7,29
get,7,30
do,6,31
copyright,6,32
medium,6,33
our,6,34
etexts,6,35
form,6,36
files,6,37
no,6,38
on,6,39
copy,5,40
as,5,41
can,5,42
damages,5,43
money,5,44
so,5,45
including,5,46
with,5,47
information,5,48
public,5,49
have,5,50
all,5,51
million,5,52
distribute,5,53
statement,5,54
give,5,55
gutenberg-tm,5,56
each,5,57
domain,5,58
cd,5,59
illinois,4,60
received,4,61
legal,4,62
at,4,63
receive,4,64
within,4,65
liability,4,66
college,4,67
work,4,68
benedictine,4,69
person,4,70
refund,4,71
such,4,72
but,4,73
among,4,74
even,4,75
things,4,76
per,3,77
warranties,3,78
equivalent,3,79
are,3,80
electronically,3,81
copies,3,82
paid,3,83
most,3,84
these,3,85
disk,3,86
return,3,87
about,3,88
also,3,89
below,3,90
association,3,91
days,3,92
ftp,3,93
internet,3,94
than,3,95
us,3,96
following,3,97
replacement,3,98
under,3,99
expense,3,100
request,3,101
characters,3,102
computer,3,103
states,3,104
limited,3,105
mget,2,106
use,2,107
donations,2,108
program,2,109
don't,2,110
should,2,111
set,2,112
year,2,113
will,2,114
additional,2,115
defect,2,116
free,2,117
derive,2,118
book,2,119
cost,2,120
disclaimers,2,121
disclaims,2,122
fee,2,123
wish,2,124
hour,2,125
time,2,126
dollars,2,127
been,2,128
either,2,129
sending,2,130
consequential,2,131
only,2,132
want,2,133
books,2,134
its,2,135
hart,2,136
distribution,2,137
royalties,2,138
must,2,139
made,2,140
trademark,2,141
email,2,142
directly,2,143
agree,2,144
proprietary,2,145
fees,2,146
s,2,147
implied,2,148
contain,2,149
bitnet,2,150
plain,2,151
send,2,152
using,2,153
profits,2,154
word,2,155
ebcdic,2,156
defects,2,157
prepare,2,158
author,2,159
apply,2,160
end,2,161
please,2,162
they,2,163
used,2,164
hundred,2,165
software,2,166
read,2,167
royalty,2,168
united,2,169
michael,2,170
take,2,171
more,2,172
receiving,2,173
william,2,174
intended,2,175
an,2,176
gut,2,177
efforts,2,178
ascii,2,179
choose,2,180
ibc,2,181
users,2,182
proofread,2,183
warranty,2,184
produce,2,185
readable,2,186
physical,2,187
has,2,188
long,2,189
project's,2,190
indicate,2,191
note,2,192
provide,2,193
wrong,2,194
how,2,195
some,2,196
text,2,197
when,2,198
tax,2,199
readers,2,200
without,2,201
hypertext,2,202
alternatively,2,203
got,2,204
james,1,205
ten,1,206
readily,1,207
trillion,1,208
convey,1,209
fails,1,210
ended,1,211
professor,1,212
subscriptions,1,213
king,1,214
lewis,1,215
binary,1,216
due,1,217
x,1,218
authors,1,219
matters,1,220
express,1,221
above,1,222
hart@uiucvmd,1,223
could,1,224
negligence,1,225
body,1,226
accepts,1,227
inaccurate,1,228
productivity,1,229
purpose,1,230
thus,1,231
charles,1,232
exclusion,1,233
mcimail,1,234
strict,1,235
automatically,1,236
remedies,1,237
right,1,238
pages,1,239
tell,1,240
list,1,241
allow,1,242
executive,1,243
delete,1,244
click,1,245
lawyers,1,246
someone,1,247
ocr,1,248
provided,1,249
clearly,1,250
estimate,1,251
virus,1,252
equipment,1,253
reader,1,254
contains,1,255
ever,1,256
defective,1,257
modify,1,258
shakespeare,1,259
go,1,260
p,1,261
scanning,1,262
newsletter,1,263
general,1,264
periodic,1,265
thornton,1,266
entered,1,267
calculated,1,268
works,1,269
print!**for,1,270
new,1,271
before,1,272
etc,1,273
references,1,274
etext/etext91,1,275
away,1,276
expends,1,277
audience,1,278
does,1,279
distributed,1,280
compuserve,1,281
pro,1,282
letters,1,283
tel,1,284
box,1,285
payable,1,286
incidental,1,287
codes,1,288
indemnity,1,289
dollar,1,290
members,1,291
transcribe,1,292
then,1,293
point,1,294
second,1,295
tells,1,296
as-is,1,297
case,1,298
carroll,1,299
applicable,1,300
damage,1,301
incomplete,1,302
searched,1,303
edited,1,304
machines,1,305
might,1,306
alter,1,307
explanatory,1,308
alteration,1,309
zip,1,310
tm,1,311
honor,1,312
those,1,313
tilde,1,314
deductible,1,315
would,1,316
owns,1,317
legally,1,318
notice,1,319
value,1,320
why,1,321
displayed,1,322
forth,1,323
asterisk,1,324
resulting,1,325
fitness,1,326
instance,1,327
requires,1,328
blake,1,329
etext92,1,330
john,1,331
net,1,332
corpus,1,333
discover,1,334
described,1,335
errors,1,336
now,1,337
what's,1,338
file,1,339
end*the,1,340
walt,1,341
b,1,342
into,1,343
indirectly,1,344
month,1,345
hours,1,346
72600.2026@compuserve.com,1,347
selections,1,348
melville,1,349
arise,1,350
expected,1,351
identify,1,352
indemnify,1,353
here,1,354
start**the,1,355
rules,1,356
however,1,357
through,1,358
type,1,359
try,1,360
punitive,1,361
extent,1,362
index200.gut,1,363
burgess,1,364
index100.gut,1,365
estimated,1,366
damaged,1,367
think,1,368
reading,1,369
which,1,370
mac,1,371
three,1,372
rights,1,373
line,1,374
date,1,375
bryant,1,376
there,1,377
pay,1,378
removed,1,379
property,1,380
prefer,1,381
party,1,382
edgeworth,1,383
need,1,384
dir,1,385
two,1,386
expenses,1,387
source,1,388
december,1,389
cone,1,390
prepared,1,391
contract,1,392
paper,1,393
displays,1,394
contribution,1,395
number,1,396
something,1,397
identified,1,398
too,1,399
password,1,400
director,1,401
punctuation,1,402
original,1,403
mark-up,1,404
conversion,1,405
like,1,406
goal,1,407
deleted,1,408
opportunity,1,409
kind,1,410
page,1,411
semi-generic,1,412
see,1,413
harmless,1,414
underline,1,415
every,1,416
analyzed,1,417
allowable,1,418
merchantability,1,419
provisions,1,420
particular,1,421
accept,1,422
"100,000,000=trillion",1,423
converted,1,424
compressed,1,425
cause,1,426
jane,1,427
hart@vmd.cso.uiuc.edu,1,428
mrcnext.cso.uiuc.edu,1,429
newsletters,1,430
considerable,1,431
annual,1,432
machine,1,433
costs,1,434
although,1,435
gratefully,1,436
il,1,437
exclusions,1,438
permission,1,439
included,1,440
sarah,1,441
chesterton,1,442
k,1,443
suggest,1,444
cannot,1,445
exact,1,446
transcription,1,447
etexts**start,1,448
paying,1,449
champaign,1,450
know,1,451
beginning,1,452
attmail,1,453
law,1,454
sue,1,455
etext93,1,456
addition,1,457
anonymous,1,458
http://gutenberg.net,1,459
breach,1,460
already,1,461
special,1,462
new.gut,1,463
milton,1,464
intellectual,1,465
remove,1,466
contributions,1,467
part,1,468
hold,1,469
upping,1,470
calculate,1,471
attorney,1,472
disclaimer,1,473
header,1,474
data,1,475
directors,1,476
sort,1,477
fifty,1,478
limitation,1,479
etexts*ver.04.29.93*end,1,480
create,1,481
bible,1,482
g,1,483
login,1,484
gutenberg/ibc,1,485
thousand,1,486
austen,1,487
o,1,488
modification,1,489
license,1,490
understand,1,491
emulator,1,492
processors,1,493
w,1,494
infringement,1,495
projected,1,496
agents,1,497
taxes,1,498
nominally,1,499
four,1,500
possibility,1,501
whitman,1,502
otherwise,1,503
bin,1,504
mail,1,505
your@login,1,506
despite,1,507
officers,1,508
links,1,509
licenses,1,510
conservative,1,511
corrupt,1,512
archives,1,513
method,1,514
etext/etext93,1,515
were,1,516
advisor,1,517
herman,1,518
etext/articles,1,519
written,1,520
required,1,521
selected,1,522
cessing,1,523
indirect,1,524
fault,1,525
what,1,526
means,1,527
kramer,1,528
maria,1,529
titles,1,530
