Word,Frequency,Rank
and,627,1
the,579,2
i,530,3
to,446,4
you,390,5
of,354,6
that,285,7
a,258,8
not,256,9
is,250,10
in,225,11
my,209,12
it,198,13
caesar,190,14
me,187,15
he,176,16
for,176,17
him,166,18
this,166,19
will,163,20
brutus,161,21
his,157,22
bru,153,23
your,149,24
with,149,25
haue,147,26
be,147,27
but,141,28
so,139,29
as,133,30
what,126,31
shall,125,32
do,119,33
thou,115,34
all,109,35
are,109,36
then,107,37
cassi,107,38
by,100,39
we,95,40
no,93,41
our,93,42
cassius,85,43
if,84,44
on,81,45
antony,75,46
did,74,47
come,74,48
good,70,49
o,69,50
know,68,51
when,67,52
was,65,53
they,65,54
men,64,55
enter,64,56
let,64,57
now,63,58
vs,62,59
their,61,60
them,60,61
at,59,62
am,57,63
thy,56,64
heere,56,65
thee,55,66
man,55,67
from,49,68
ant,48,69
there,48,70
well,48,71
vpon,47,72
which,47,73
or,44,74
lord,44,75
day,44,76
would,44,77
why,43,78
yet,42,79
some,41,80
go,41,81
should,40,82
selfe,39,83
like,39,84
these,39,85
noble,39,86
caes,39,87
rome,38,88
cask,38,89
night,38,90
caesars,38,91
heare,38,92
tell,37,93
such,37,94
say,37,95
see,37,96
brut,37,97
may,37,98
must,36,99
hath,35,100
speake,35,101
stand,35,102
giue,35,103
were,35,104
more,34,105
how,34,106
loue,34,107
one,34,108
an,33,109
caska,32,110
where,32,111
vp,32,112
doth,30,113
too,30,114
hand,29,115
much,29,116
death,29,117
feare,29,118
euery,28,119
who,28,120
luc,28,121
most,28,122
had,27,123
looke,27,124
any,27,125
out,27,126
make,26,127
cinna,26,128
lucius,26,129
great,26,130
messala,25,131
art,25,132
gods,25,133
friends,25,134
time,25,135
blood,24,136
nor,24,137
done,23,138
octauius,23,139
sir,23,140
titinius,23,141
downe,23,142
tis,23,143
beare,23,144
take,23,145
heart,23,146
exeunt,22,147
friend,22,148
till,22,149
thinke,22,150
mine,21,151
cas,21,152
marke,20,153
word,20,154
can,19,155
about,19,156
thing,19,157
forth,19,158
messa,19,159
leaue,19,160
off,19,161
away,18,162
romans,18,163
fire,18,164
world,18,165
octa,18,166
true,18,167
againe,18,168
bid,17,169
neuer,17,170
euen,17,171
things,17,172
finde,17,173
wrong,17,174
could,17,175
decius,17,176
capitoll,17,177
peace,17,178
made,17,179
hee,16,180
put,16,181
euer,16,182
stay,16,183
place,16,184
por,16,185
spirit,16,186
thus,16,187
liue,16,188
hands,15,189
better,15,190
cause,15,191
comes,15,192
name,15,193
wee'l,15,194
dead,15,195
many,15,196
morrow,15,197
lucillius,14,198
house,14,199
into,14,200
hast,14,201
honourable,14,202
doe,14,203
once,14,204
eyes,14,205
dye,14,206
roman,14,207
way,14,208
set,14,209
himselfe,14,210
follow,14,211
part,14,212
vnto,14,213
other,13,214
body,13,215
else,13,216
fellow,13,217
metellus,13,218
might,13,219
therefore,13,220
hold,13,221
boy,13,222
mark,13,223
caius,13,224
within,13,225
shew,13,226
face,13,227
portia,13,228
sword,13,229
ile,13,230
life,12,231
backe,12,232
bad,12,233
mighty,12,234
fell,12,235
exit,12,236
before,12,237
best,12,238
hence,12,239
hearts,12,240
words,12,241
home,12,242
march,12,243
first,12,244
pindarus,12,245
brother,12,246
very,12,247
run,12,248
publius,11,249
after,11,250
her,11,251
meane,11,252
fall,11,253
ser,11,254
flye,11,255
beares,11,256
master,11,257
philippi,11,258
get,11,259
still,11,260
honor,11,261
trebonius,11,262
cicero,11,263
owne,11,264
sicke,11,265
selues,11,266
send,11,267
crowne,11,268
ho,10,269
sure,10,270
farewell,10,271
yours,10,272
cry,10,273
people,10,274
pardon,10,275
bring,10,276
two,10,277
meete,10,278
full,10,279
keepe,10,280
matter,10,281
nothing,10,282
cass,10,283
sooth,10,284
vse,10,285
answer,10,286
strong,10,287
rest,10,288
gentle,10,289
gone,10,290
cato,10,291
being,10,292
generall,10,293
onely,9,294
sayes,9,295
worthy,9,296
enough,9,297
heard,9,298
sleepe,9,299
bloody,9,300
worke,9,301
strato,9,302
indeed,9,303
directly,9,304
both,9,305
meanes,9,306
common,9,307
awake,9,308
vnder,9,309
cymber,9,310
ligarius,9,311
those,9,312
traitors,9,313
enemy,9,314
lye,9,315
strange,8,316
reasons,8,317
turne,8,318
lepidus,8,319
last,8,320
seeke,8,321
please,8,322
poet,8,323
old,8,324
poore,8,325
vile,8,326
hoe,8,327
loues,8,328
change,8,329
minde,8,330
ambitious,8,331
none,8,332
welcome,8,333
along,8,334
calphurnia,8,335
streets,8,336
tent,8,337
volumnius,8,338
did'st,8,339
stirre,8,340
hard,8,341
yong,8,342
talke,8,343
ouer,8,344
against,8,345
tongue,8,346
meet,8,347
deere,8,348
dangerous,8,349
countrymen,8,350
seene,8,351
rather,8,352
alas,8,353
appeare,7,354
she,7,355
read,7,356
reason,7,357
ill,7,358
kill,7,359
while,7,360
farre,7,361
three,7,362
alarum,7,363
durst,7,364
said,7,365
army,7,366
pray,7,367
wife,7,368
mou'd,7,369
end,7,370
letters,7,371
spirits,7,372
senators,7,373
saw,7,374
walke,7,375
thought,7,376
fashion,7,377
bed,7,378
beene,7,379
respect,7,380
enterprize,7,381
remember,7,382
came,7,383
let's,7,384
houre,7,385
cannot,7,386
shake,7,387
leade,7,388
cin,7,389
sonne,7,390
fit,6,391
there's,6,392
another,6,393
yes,6,394
seruant,6,395
cold,6,396
neere,6,397
wish,6,398
high,6,399
hide,6,400
clocke,6,401
vertue,6,402
ides,6,403
times,6,404
same,6,405
trade,6,406
weepe,6,407
nay,6,408
though,6,409
through,6,410
claudio,6,411
left,6,412
cut,6,413
eye,6,414
gold,6,415
ere,6,416
clit,6,417
field,6,418
ghost,6,419
enemies,6,420
voyce,6,421
alone,6,422
power,6,423
wilt,6,424
base,6,425
themselues,6,426
beleeue,6,427
hart,6,428
went,6,429
redresse,6,430
together,6,431
ha,6,432
lookes,6,433
passe,6,434
further,6,435
state,6,436
patience,6,437
senate,6,438
thrice,6,439
point,6,440
pompeyes,6,441
course,6,442
certaine,6,443
tane,6,444
em,6,445
ye,6,446
reade,6,447
fetch,6,448
funerall,6,449
lucil,6,450
right,6,451
going,6,452
hearke,6,453
satisfied,6,454
weake,6,455
call,6,456
valiant,6,457
lou'd,6,458
deci,6,459
hither,6,460
found,6,461
truly,6,462
dayes,6,463
since,6,464
smile,5,465
honest,5,466
offended,5,467
aliue,5,468
fly,5,469
wherein,5,470
fight,5,471
presse,5,472
little,5,473
long,5,474
note,5,475
actus,5,476
pitty,5,477
here,5,478
cai,5,479
least,5,480
seuerall,5,481
breake,5,482
wine,5,483
madam,5,484
roome,5,485
calp,5,486
spoke,5,487
marcus,5,488
suite,5,489
sicknesse,5,490
opinion,5,491
gaue,5,492
titin,5,493
wounds,5,494
ride,5,495
whether,5,496
tit,5,497
woman,5,498
pulpit,5,499
wherefore,5,500
clitus,5,501
without,5,502
whose,5,503
speak,5,504
speech,5,505
head,5,506
soules,5,507
resolu'd,5,508
angry,5,509
fare,5,510
endure,5,511
perceiue,5,512
braue,5,513
mutiny,5,514
prepare,5,515
deed,5,516
earth,5,517
seeme,5,518
instrument,5,519
tooke,5,520
offer'd,5,521
giues,5,522
flatterers,5,523
heauen,5,524
side,5,525
fla,5,526
nature,5,527
dagger,5,528
free,5,529
blame,5,530
statue,5,531
burne,5,532
mettle,5,533
speakes,5,534
shout,5,535
age,5,536
souldier,5,537
mur,5,538
flauius,5,539
tyber,5,540
worth,5,541
brought,5,542
heauens,5,543
shalt,4,544
lesse,4,545
lay,4,546
light,4,547
noblest,4,548
humour,4,549
thoughts,4,550
humor,4,551
yee,4,552
wise,4,553
feeble,4,554
number,4,555
patient,4,556
knowne,4,557
heads,4,558
flood,4,559
sirra,4,560
treb,4,561
new,4,562
goes,4,563
clouds,4,564
worse,4,565
dreadfull,4,566
breefely,4,567
warre,4,568
runne,4,569
antonio,4,570
presently,4,571
sit,4,572
yea,4,573
manet,4,574
wisely,4,575
freedome,4,576
borne,4,577
cynna,4,578
ayre,4,579
fearefull,4,580
does,4,581
withall,4,582
safe,4,583
iulius,4,584
dreame,4,585
coward,4,586
legions,4,587
thunder,4,588
morning,4,589
kinde,4,590
monstrous,4,591
quite,4,592
sight,4,593
sirs,4,594
glad,4,595
thine,4,596
behold,4,597
fault,4,598
businesse,4,599
begge,4,600
mee,4,601
grace,4,602
gowne,4,603
winde,4,604
thinkes,4,605
who's,4,606
foorth,4,607
whil'st,4,608
mindes,4,609
swords,4,610
liberty,4,611
deny'd,4,612
honors,4,613
fortune,4,614
reuenge,4,615
newes,4,616
teares,4,617
call'd,4,618
musicke,4,619
chanc'd,4,620
liuing,4,621
faults,4,622
halfe,4,623
greefes,4,624
eare,4,625
cic,4,626
ambition,4,627
ought,4,628
signe,4,629
fooles,4,630
sake,4,631
sound,4,632
battaile,4,633
tempt,4,634
round,4,635
sad,4,636
ceremonies,4,637
taken,4,638
besides,4,639
lies,4,640
constant,4,641
held,4,642
armes,4,643
generals,4,644
dare,4,645
begin,4,646
health,4,647
almost,4,648
offence,4,649
eares,4,650
growne,4,651
plucke,4,652
weare,4,653
stra,4,654
oath,4,655
purpose,4,656
doubt,4,657
dost,4,658
preuent,4,659
smiles,4,660
beware,4,661
plebeians,4,662
straight,4,663
cob,4,664
ground,4,665
king,4,666
fast,4,667
strike,4,668
write,4,669
masters,4,670
depart,4,671
giuen,4,672
knaue,4,673
pleasure,4,674
present,4,675
teare,4,676
pompey,4,677
triumph,4,678
deeds,4,679
var,4,680
that's,4,681
dwell,4,682
look,4,683
th,4,684
conspirators,4,685
hee's,4,686
red,4,687
soone,3,688
turnes,3,689
matters,3,690
desire,3,691
according,3,692
limbes,3,693
ioy,3,694
what's,3,695
ancestors,3,696
low,3,697
windowes,3,698
ordinary,3,699
romane,3,700
yeeld,3,701
told,3,702
horse,3,703
god,3,704
beseech,3,705
because,3,706
charge,3,707
fled,3,708
dard,3,709
content,3,710
thinking,3,711
led,3,712
manner,3,713
proscription,3,714
a-while,3,715
palme,3,716
hot,3,717
fearing,3,718
children,3,719
drop,3,720
cowards,3,721
prythee,3,722
knew,3,723
streetes,3,724
regard,3,725
lep,3,726
conference,3,727
secrets,3,728
foote,3,729
ne're,3,730
immortall,3,731
villaines,3,732
sweare,3,733
ready,3,734
stood,3,735
lyon,3,736
dying,3,737
toward,3,738
do'st,3,739
sinke,3,740
saue,3,741
crown'd,3,742
fates,3,743
bee,3,744
priuate,3,745
therein,3,746
country-men,3,747
greefe,3,748
visit,3,749
knowes,3,750
soothsayer,3,751
honour,3,752
honour'd,3,753
bold,3,754
pluckt,3,755
aduantage,3,756
proper,3,757
awe,3,758
rage,3,759
twas,3,760
powers,3,761
already,3,762
truth,3,763
sort,3,764
country,3,765
permission,3,766
question,3,767
stare,3,768
sodaine,3,769
sweet,3,770
stab,3,771
brings,3,772
apt,3,773
dardanius,3,774
battell,3,775
bin,3,776
soule,3,777
bondman,3,778
happy,3,779
receiue,3,780
motion,3,781
bones,3,782
answered,3,783
reioyce,3,784
vrge,3,785
haile,3,786
conquest,3,787
order,3,788
brow,3,789
shame,3,790
shores,3,791
doest,3,792
pind,3,793
hundred,3,794
conspiracie,3,795
alarums,3,796
aboue,3,797
construe,3,798
comming,3,799
mouth,3,800
mothers,3,801
turn'd,3,802
cruell,3,803
forme,3,804
images,3,805
crosse,3,806
traine,3,807
condition,3,808
tydings,3,809
popillius,3,810
taste,3,811
goe,3,812
women,3,813
trash,3,814
promise,3,815
steele,3,816
trouble,3,817
market,3,818
idle,3,819
is't,3,820
gentlemen,3,821
become,3,822
glories,3,823
teeth,3,824
laughter,3,825
successe,3,826
stones,3,827
constancie,3,828
proofe,3,829
affayres,3,830
taper,3,831
late,3,832
sunne,3,833
buried,3,834
bend,3,835
mother,3,836
loose,3,837
ple,3,838
second,3,839
answer'd,3,840
close,3,841
greater,3,842
lightning,3,843
spurre,3,844
mans,3,845
danger,3,846
dangers,3,847
hill,3,848
sardis,3,849
silence,3,850
graunt,3,851
honesty,3,852
publike,3,853
neede,3,854
consider,3,855
parts,3,856
kisse,3,857
met,3,858
rise,3,859
kneele,3,860
hope,3,861
refus'd,3,862
oft,3,863
bosome,3,864
heere's,3,865
sleep'st,3,866
iudge,3,867
metel,3,868
commend,3,869
haste,3,870
walkes,3,871
huge,3,872
deede,3,873
amisse,3,874
lady,3,875
fingers,3,876
yonder,3,877
flourish,3,878
varrus,3,879
ran,3,880
wrong'd,3,881
forget,3,882
graues,3,883
makes,3,884
noyse,3,885
consent,3,886
friendly,3,887
false,2,888
weeping,2,889
ended,2,890
deliuer,2,891
soldiers,2,892
bribes,2,893
calles,2,894
throw,2,895
window,2,896
discouer,2,897
ceremony,2,898
whereto,2,899
shew'd,2,900
troopes,2,901
obiects,2,902
itching,2,903
walking,2,904
bids,2,905
third,2,906
philosophy,2,907
butchers,2,908
shewes,2,909
opens,2,910
wildenesse,2,911
hounds,2,912
need,2,913
strooke,2,914
dyes,2,915
sawcy,2,916
knee,2,917
ages,2,918
helpe,2,919
billes,2,920
exploit,2,921
spectacle,2,922
render,2,923
was't,2,924
councell,2,925
strucke,2,926
rites,2,927
gate,2,928
witnesse,2,929
vpward,2,930
sold,2,931
bondage,2,932
pricke,2,933
listen,2,934
glory,2,935
hie,2,936
sutors,2,937
sorry,2,938
loe,2,939
mad,2,940
something,2,941
breed,2,942
fathers,2,943
wonder,2,944
comfort,2,945
worst,2,946
seale,2,947
speede,2,948
writ,2,949
hauing,2,950
laugh,2,951
strokes,2,952
wound,2,953
commanders,2,954
throng,2,955
tyrants,2,956
wrongs,2,957
curre,2,958
groaning,2,959
royall,2,960
faces,2,961
yeares,2,962
hell,2,963
fierce,2,964
dec,2,965
quality,2,966
issue,2,967
ioyn'd,2,968
vtterance,2,969
fresh,2,970
confesse,2,971
countries,2,972
watch,2,973
smiling,2,974
speaking,2,975
strength,2,976
yesterday,2,977
destruction,2,978
sea,2,979
agen,2,980
thriue,2,981
falling,2,982
proceeded,2,983
yoake,2,984
valour,2,985
princes,2,986
whole,2,987
temper'd,2,988
plaine,2,989
care,2,990
grant,2,991
bury,2,992
euill,2,993
riu'd,2,994
deerer,2,995
octauio's,2,996
grone,2,997
lippes,2,998
begins,2,999
duty,2,1000
houses,2,1001
ring,2,1002
spoyle,2,1003
preuention,2,1004
higher,2,1005
ope,2,1006
elder,2,1007
swore,2,1008
c,2,1009
bestow,2,1010
passion,2,1011
indeede,2,1012
speed,2,1013
brest,2,1014
soft,2,1015
mend,2,1016
slumber,2,1017
slight,2,1018
peeces,2,1019
defend,2,1020
colour,2,1021
liu'd,2,1022
lyons,2,1023
bankes,2,1024
murellus,2,1025
ladder,2,1026
whisper,2,1027
lupercall,2,1028
effect,2,1029
draw,2,1030
cato's,2,1031
com'st,2,1032
demand,2,1033
bond,2,1034
battailes,2,1035
y,2,1036
ciuill,2,1037
woe,2,1038
marching,2,1039
lyes,2,1040
sees,2,1041
mirth,2,1042
verses,2,1043
market-place,2,1044
ghosts,2,1045
vouchsafe,2,1046
faith,2,1047
loued'st,2,1048
sucke,2,1049
dispos'd,2,1050
shooes,2,1051
thrusting,2,1052
spurne,2,1053
sparkes,2,1054
fortunate,2,1055
creatures,2,1056
tremble,2,1057
sights,2,1058
reueng'd,2,1059
prisoner,2,1060
eight,2,1061
rid,2,1062
sufficeth,2,1063
cobl,2,1064
holyday,2,1065
seuen,2,1066
cast,2,1067
sufferance,2,1068
bent,2,1069
starres,2,1070
stoope,2,1071
artemidorus,2,1072
augurers,2,1073
touches,2,1074
slew,2,1075
ours,2,1076
preferre,2,1077
added,2,1078
pin,2,1079
terrible,2,1080
merry,2,1081
i'th,2,1082
reuerence,2,1083
audience,2,1084
moue,2,1085
strife,2,1086
contented,2,1087
poor,2,1088
qualitie,2,1089
dyest,2,1090
rendred,2,1091
purposes,2,1092
aside,2,1093
attaine,2,1094
beasts,2,1095
haire,2,1096
cuts,2,1097
lend,2,1098
descend,2,1099
slaues,2,1100
vnbraced,2,1101
olympus,2,1102
impossible,2,1103
seeing,2,1104
fawne,2,1105
sorrow,2,1106
offered,2,1107
grow,2,1108
kill'd,2,1109
cæsar,2,1110
mess,2,1111
browes,2,1112
foolerie,2,1113
pub,2,1114
proclaime,2,1115
worthinesse,2,1116
drum,2,1117
bound,2,1118
enuy,2,1119
drawes,2,1120
abuse,2,1121
cryed,2,1122
lusty,2,1123
slay,2,1124
betimes,2,1125
bond-man,2,1126
raise,2,1127
creature,2,1128
impatience,2,1129
practice,2,1130
die,2,1131
mistrust,2,1132
ingratitude,2,1133
knees,2,1134
faire,2,1135
bondmen,2,1136
steale,2,1137
sutor,2,1138
aske,2,1139
fret,2,1140
indure,2,1141
wisedome,2,1142
dreames,2,1143
daggers,2,1144
commoners,2,1145
moreouer,2,1146
saide,2,1147
holy,2,1148
crost,2,1149
temper,2,1150
names,2,1151
often,2,1152
tragedie,2,1153
diuell,2,1154
barren,2,1155
holds,2,1156
lost,2,1157
leather,2,1158
deseru'd,2,1159
commons,2,1160
ease,2,1161
stay'd,2,1162
gouern'd,2,1163
ambitions,2,1164
canst,2,1165
liues,2,1166
condemn'd,2,1167
buriall,2,1168
necessary,2,1169
iust,2,1170
euils,2,1171
intreat,2,1172
touch,2,1173
immediately,2,1174
store,2,1175
heeles,2,1176
action,2,1177
iealous,2,1178
pleasures,2,1179
reflection,2,1180
slept,2,1181
blowes,2,1182
abide,2,1183
ensigne,2,1184
bloods,2,1185
fill,2,1186
personall,2,1187
truely,2,1188
mens,2,1189
each,2,1190
beside,2,1191
intended,2,1192
obserue,2,1193
thanke,2,1194
feast,2,1195
streame,2,1196
rushing,2,1197
walk'd,2,1198
honorable,2,1199
marry,2,1200
start,2,1201
doore,2,1202
priests,2,1203
harme,2,1204
next,2,1205
sell,2,1206
leane,2,1207
push,2,1208
perhaps,2,1209
prickt,2,1210
corpes,2,1211
louer,2,1212
tents,2,1213
vttermost,2,1214
blunt,2,1215
married,2,1216
assure,2,1217
rash,2,1218
drachmaes,2,1219
parting,2,1220
tide,2,1221
try,2,1222
credit,2,1223
pay,2,1224
iudgement,2,1225
lowe,2,1226
vnderneath,2,1227
driue,2,1228
italy,2,1229
should'st,2,1230
conspirator,2,1231
fantasie,2,1232
growing,2,1233
street,2,1234
exalted,2,1235
seem'd,2,1236
bleed,2,1237
rich,2,1238
swet,2,1239
stabb'd,2,1240
asse,2,1241
beholding,2,1242
spot,2,1243
peece,2,1244
yond,2,1245
knocke,2,1246
tyrant,2,1247
souldiers,2,1248
among,2,1249
porch,2,1250
choose,2,1251
mightie,2,1252
tending,2,1253
fauour,2,1254
benefit,2,1255
hung,2,1256
past,2,1257
brands,2,1258
harke,2,1259
pale,2,1260
early,2,1261
griefe,2,1262
banish'd,2,1263
countenance,2,1264
open,2,1265
popil,2,1266
familiar,2,1267
straine,2,1268
whilst,2,1269
asleepe,2,1270
reades,2,1271
towards,2,1272
lena,2,1273
hilts,2,1274
arm'd,2,1275
sting,2,1276
enuious,2,1277
gallant,2,1278
ha's,2,1279
calphurnia's,2,1280
mourning,2,1281
curse,2,1282
cly,2,1283
leaden,2,1284
chance,2,1285
paper,2,1286
letter,2,1287
infants,2,1288
showts,2,1289
forgetfull,2,1290
prodigies,2,1291
deceiu'd,2,1292
yeeres,2,1293
chasticement,2,1294
chariot,2,1295
vnknowne,2,1296
heauy,2,1297
tweene,2,1298
1.ple,2,1299
acte,2,1300
heereafter,2,1301
fiery,2,1302
drinke,2,1303
bathe,2,1304
decree,2,1305
greeke,2,1306
incorporate,2,1307
perils,2,1308
narrow,2,1309
seru'd,2,1310
doores,2,1311
sometime,2,1312
nod,2,1313
ranke,2,1314
thicke,2,1315
abroad,2,1316
instruments,2,1317
ayme,2,1318
fear'd,2,1319
willing,2,1320
mantle,2,1321
murderers,2,1322
leads,2,1323
arme,2,1324
serues,2,1325
cobler,2,1326
know'st,2,1327
neyther,2,1328
rule,2,1329
swell,2,1330
beast,2,1331
testament,2,1332
leape,2,1333
partly,2,1334
playes,2,1335
wing,2,1336
either,2,1337
humble,2,1338
iustice,2,1339
stands,2,1340
softly,2,1341
bleeding,2,1342
flint,2,1343
knockes,2,1344
schoole,2,1345
ouercame,2,1346
vnfold,2,1347
sway'd,2,1348
a-nights,2,1349
volum,2,1350
slaine,2,1351
seuenty,2,1352
vrg'd,2,1353
mooue,2,1354
conditions,2,1355
error,2,1356
batchellor,2,1357
secret,2,1358
droppes,2,1359
stretcht,2,1360
spurres,2,1361
terror,2,1362
clau,2,1363
louers,2,1364
rul'd,2,1365
east,2,1366
betweene,2,1367
shed,2,1368
deaths,2,1369
vpon's,1,1370
palter,1,1371
conceited,1,1372
o're-shot,1,1373
liue-long,1,1374
north,1,1375
i'me,1,1376
defence,1,1377
making,1,1378
debt,1,1379
scarffes,1,1380
deerely,1,1381
kites,1,1382
byrth,1,1383
appetite,1,1384
vs'd,1,1385
beaten,1,1386
throat,1,1387
bay'd,1,1388
entrailes,1,1389
inforced,1,1390
meales,1,1391
drinkes,1,1392
gliding,1,1393
victorie,1,1394
julius,1,1395
swallow'd,1,1396
shakespeare,1,1397
chafing,1,1398
villains,1,1399
cumber,1,1400
elders,1,1401
vexeth,1,1402
spare,1,1403
sleeue,1,1404
necessities,1,1405
hye,1,1406
mistook,1,1407
dine,1,1408
kerchiefe,1,1409
mourne,1,1410
kingly,1,1411
tyrannie,1,1412
lawfull,1,1413
lines,1,1414
disprooue,1,1415
ripe,1,1416
offices,1,1417
delay,1,1418
conscience,1,1419
vppe,1,1420
a-foot,1,1421
purchase,1,1422
stal'de,1,1423
mortified,1,1424
misconstrued,1,1425
quicke,1,1426
wide,1,1427
not'st,1,1428
addrest,1,1429
neats,1,1430
lights,1,1431
apace,1,1432
worships,1,1433
has,1,1434
shape,1,1435
inclos'd,1,1436
sounded,1,1437
lamented,1,1438
gaze,1,1439
showted,1,1440
mischieuous,1,1441
gastly,1,1442
soyle,1,1443
pitch,1,1444
excepted,1,1445
repaire,1,1446
choller,1,1447
physicall,1,1448
single,1,1449
gouerne,1,1450
friendship,1,1451
shoulder,1,1452
except,1,1453
hates,1,1454
yeelded,1,1455
petition,1,1456
wolfe,1,1457
semblance,1,1458
sawe,1,1459
blockes,1,1460
pocket,1,1461
engendred,1,1462
embrace,1,1463
whereof,1,1464
skie,1,1465
dy'de,1,1466
reliques,1,1467
oakes,1,1468
anger,1,1469
deceitfull,1,1470
orchards,1,1471
torches,1,1472
could'st,1,1473
vnderstood,1,1474
tarrying,1,1475
seemes,1,1476
answere,1,1477
sham'd,1,1478
growes,1,1479
vanquish'd,1,1480
baite,1,1481
signall,1,1482
prethee,1,1483
contribution,1,1484
foure,1,1485
pluck'd,1,1486
meate,1,1487
signified,1,1488
fatall,1,1489
tried,1,1490
barke,1,1491
addition,1,1492
greeue,1,1493
rob,1,1494
hony-lesse,1,1495
sheath,1,1496
farwell,1,1497
mischeefe,1,1498
barres,1,1499
discomfort,1,1500
smell,1,1501
betwixt,1,1502
south,1,1503
countrey-men,1,1504
vanishest,1,1505
vntill,1,1506
feathers,1,1507
womans,1,1508
greeu'd,1,1509
protest,1,1510
cooling,1,1511
professe,1,1512
kindle,1,1513
vndone,1,1514
afterwards,1,1515
threaten'd,1,1516
carrions,1,1517
touched,1,1518
enfranchisement,1,1519
greeuously,1,1520
leagues,1,1521
fawning,1,1522
difference,1,1523
appear'd,1,1524
liefe,1,1525
taking,1,1526
grey,1,1527
wretched,1,1528
traitor,1,1529
oathes,1,1530
resolution,1,1531
youths,1,1532
courage,1,1533
rubbish,1,1534
hazards,1,1535
determined,1,1536
ruffle,1,1537
staine,1,1538
exigent,1,1539
discourse,1,1540
warie,1,1541
stoop,1,1542
spoiles,1,1543
shallowes,1,1544
vnfirme,1,1545
night-cappes,1,1546
streete,1,1547
doo't,1,1548
tempest-dropping-fire,1,1549
becomes,1,1550
bussling,1,1551
dang'rous,1,1552
tell-tale,1,1553
charractery,1,1554
request,1,1555
lightens,1,1556
repose,1,1557
melancholies,1,1558
counsell,1,1559
ventures,1,1560
fasten,1,1561
necke,1,1562
cushions,1,1563
infirmitie,1,1564
fine,1,1565
foole,1,1566
fury,1,1567
whelped,1,1568
warning,1,1569
genius,1,1570
expectation,1,1571
wash,1,1572
displeas'd,1,1573
heed,1,1574
note-booke,1,1575
new-fir'd,1,1576
swimme,1,1577
ingrafted,1,1578
raw,1,1579
ore-swell,1,1580
digest,1,1581
senslesse,1,1582
water,1,1583
lacke,1,1584
naked,1,1585
chayre,1,1586
allow'd,1,1587
train'd,1,1588
cheeke,1,1589
chimney,1,1590
yoaked,1,1591
honours,1,1592
hollow,1,1593
noise,1,1594
sterrile,1,1595
scap'd,1,1596
receyuing,1,1597
shakes,1,1598
ears,1,1599
a-weary,1,1600
fulfill,1,1601
hides,1,1602
ransomes,1,1603
trembled,1,1604
antonio's,1,1605
rabblement,1,1606
sauing,1,1607
ocean,1,1608
seat,1,1609
ashamed,1,1610
bowle,1,1611
troy,1,1612
dum,1,1613
co[m]monwealth,1,1614
threat,1,1615
retentiue,1,1616
tarry,1,1617
fauors,1,1618
shouted,1,1619
o're,1,1620
wreath,1,1621
conquerors,1,1622
rascall,1,1623
mightier,1,1624
wish'd,1,1625
insurrection,1,1626
maiesticke,1,1627
buy,1,1628
hungry,1,1629
tops,1,1630
disconsolate,1,1631
flowers,1,1632
affabilitie,1,1633
tut,1,1634
drawing,1,1635
pledge,1,1636
strucken,1,1637
warnings,1,1638
hate,1,1639
neglect,1,1640
flatterer,1,1641
willes,1,1642
citizen,1,1643
praising,1,1644
brauery,1,1645
illuminate,1,1646
dungeon,1,1647
besmeare,1,1648
predictions,1,1649
imminent,1,1650
value,1,1651
tyred,1,1652
waxe,1,1653
lest,1,1654
fawn'd,1,1655
smoake,1,1656
curtesie,1,1657
repute,1,1658
accents,1,1659
deckt,1,1660
firme,1,1661
fat,1,1662
diuided,1,1663
tinctures,1,1664
pre-formed,1,1665
phantasma,1,1666
captiue,1,1667
bowels,1,1668
squadrons,1,1669
indifferently,1,1670
hated,1,1671
pretors,1,1672
post,1,1673
execution,1,1674
sinewes,1,1675
greatnesse,1,1676
kindnesse,1,1677
thousand,1,1678
owe,1,1679
billow,1,1680
slip,1,1681
lowlynesse,1,1682
back,1,1683
farthest,1,1684
blacke,1,1685
legges,1,1686
father'd,1,1687
mention,1,1688
vildely,1,1689
appoint,1,1690
dy'd,1,1691
hedge,1,1692
thorow,1,1693
choice,1,1694
howre,1,1695
apply,1,1696
scope,1,1697
captiuitie,1,1698
sirrah,1,1699
dint,1,1700
knot,1,1701
hastie,1,1702
vniuersall,1,1703
case,1,1704
causes,1,1705
wrangle,1,1706
vtter,1,1707
fiue,1,1708
womens,1,1709
formost,1,1710
searching,1,1711
showt,1,1712
prostrate,1,1713
arriu'd,1,1714
prick'd,1,1715
murther,1,1716
summes,1,1717
soundlesse,1,1718
tear,1,1719
quick,1,1720
encourag'd,1,1721
wrought,1,1722
describ'd,1,1723
propos'd,1,1724
findes,1,1725
puts,1,1726
intermit,1,1727
latest,1,1728
hatch'd,1,1729
memory,1,1730
comment,1,1731
vpper,1,1732
villager,1,1733
elbowes,1,1734
conceit,1,1735
wearie,1,1736
reuiuing,1,1737
gamesom,1,1738
closet,1,1739
notwithstanding,1,1740
chidden,1,1741
braines,1,1742
scandall,1,1743
twentie,1,1744
tenure,1,1745
subiect,1,1746
liable,1,1747
parchment,1,1748
arose,1,1749
controuersie,1,1750
strings,1,1751
wounded,1,1752
ouerthrow,1,1753
coronets,1,1754
likes,1,1755
wait,1,1756
pleasing,1,1757
sisters,1,1758
looking,1,1759
messenger,1,1760
wayes,1,1761
multitude,1,1762
answering,1,1763
merrily,1,1764
ate,1,1765
clap,1,1766
tapor,1,1767
orator,1,1768
cried,1,1769
an't,1,1770
presume,1,1771
ore-sway,1,1772
sent,1,1773
plunged,1,1774
frighted,1,1775
labouring,1,1776
ore,1,1777
meditating,1,1778
limbe,1,1779
liued,1,1780
loosing,1,1781
fam'd,1,1782
pluto's,1,1783
trust,1,1784
oration,1,1785
chose,1,1786
brau'd,1,1787
watchfull,1,1788
boldly,1,1789
farther,1,1790
bar'd,1,1791
speak'st,1,1792
motiues,1,1793
throwes,1,1794
sawce,1,1795
vision,1,1796
sayst,1,1797
surly,1,1798
cup,1,1799
sennit,1,1800
glow,1,1801
vnnumbred,1,1802
receiued,1,1803
sickly,1,1804
walls,1,1805
adde,1,1806
statillius,1,1807
coarse,1,1808
conioyntly,1,1809
waspish,1,1810
touch'd,1,1811
property,1,1812
breathed,1,1813
vnkindnesse,1,1814
monarkes,1,1815
trophees,1,1816
oct,1,1817
ore-watch'd,1,1818
dropt,1,1819
bring'st,1,1820
plucking,1,1821
insupportable,1,1822
prize,1,1823
bird,1,1824
lodge,1,1825
foule,1,1826
doublet,1,1827
iron,1,1828
cloake,1,1829
conquests,1,1830
couchings,1,1831
with-holds,1,1832
loads,1,1833
dishonor,1,1834
lionnesse,1,1835
yeelds,1,1836
strengthen,1,1837
quartus,1,1838
cowardly,1,1839
keepes,1,1840
a-part,1,1841
ayre-lesse,1,1842
yong-man,1,1843
seruile,1,1844
history,1,1845
powres,1,1846
cride,1,1847
extremities,1,1848
share,1,1849
tu,1,1850
tardie,1,1851
stretch,1,1852
parthia,1,1853
1.sold,1,1854
former,1,1855
hazard,1,1856
stomacke,1,1857
tune,1,1858
scorning,1,1859
linkes,1,1860
trees,1,1861
discard,1,1862
weighing,1,1863
recreate,1,1864
attyre,1,1865
range,1,1866
tokens,1,1867
courtesies,1,1868
batchellour,1,1869
soundly,1,1870
vnmeritable,1,1871
bosomes,1,1872
guide,1,1873
burneth,1,1874
seate,1,1875
sport,1,1876
needs,1,1877
prouender,1,1878
where's,1,1879
twixt,1,1880
presage,1,1881
glanced,1,1882
primus,1,1883
beyond,1,1884
remaines,1,1885
whom,1,1886
empty,1,1887
infranchisement,1,1888
twenty,1,1889
faithfull,1,1890
inflame,1,1891
ivlivs,1,1892
recounts,1,1893
bastardie,1,1894
disturbed,1,1895
attaines,1,1896
night-gowne,1,1897
vexed,1,1898
lane,1,1899
sighing,1,1900
laments,1,1901
papers,1,1902
stampt,1,1903
ferret,1,1904
praise,1,1905
clymate,1,1906
corruption,1,1907
br,1,1908
hopes,1,1909
receiuest,1,1910
brauely,1,1911
boldest,1,1912
arises,1,1913
voyd,1,1914
doing,1,1915
darke,1,1916
euening,1,1917
knocks,1,1918
mourn'd,1,1919
seduc'd,1,1920
lying,1,1921
fierie,1,1922
toucht,1,1923
tradesmans,1,1924
shriller,1,1925
weigh,1,1926
nobler,1,1927
swound,1,1928
sland'rous,1,1929
compare,1,1930
heraulds,1,1931
cares,1,1932
sex,1,1933
arbors,1,1934
wauing,1,1935
interim,1,1936
mender,1,1937
blew,1,1938
pause,1,1939
moued,1,1940
seen,1,1941
stake,1,1942
epicurus,1,1943
belou'd,1,1944
vnaccustom'd,1,1945
offall,1,1946
wer't,1,1947
befriend,1,1948
skies,1,1949
mes,1,1950
yawn'd,1,1951
cal,1,1952
murd'rous,1,1953
runnes,1,1954
shell,1,1955
whilest,1,1956
walles,1,1957
bargaine,1,1958
lyable,1,1959
busie,1,1960
dumbe,1,1961
desires,1,1962
you'l,1,1963
foes,1,1964
harlot,1,1965
battlements,1,1966
shaking,1,1967
purgers,1,1968
dip,1,1969
a-float,1,1970
booke,1,1971
maske,1,1972
theater,1,1973
prey,1,1974
blaze,1,1975
refuse,1,1976
tyranny,1,1977
bigge,1,1978
bang,1,1979
rude,1,1980
thither,1,1981
striue,1,1982
arming,1,1983
enforc'd,1,1984
rated,1,1985
forrest,1,1986
bloodie,1,1987
neerer,1,1988
bequeathing,1,1989
proud,1,1990
doomesday,1,1991
scratch'd,1,1992
wenches,1,1993
afear'd,1,1994
liberties,1,1995
waited,1,1996
beest,1,1997
older,1,1998
withal,1,1999
foot,1,2000
alchymie,1,2001
maisters,1,2002
behauiours,1,2003
banquetting,1,2004
villaine,1,2005
sham'st,1,2006
shouting,1,2007
pawse,1,2008
rogues,1,2009
officers,1,2010
presence,1,2011
reares,1,2012
blest,1,2013
chopt,1,2014
good-night,1,2015
decline,1,2016
forc'd,1,2017
thank,1,2018
euerlasting,1,2019
lofty,1,2020
faile,1,2021
forgot,1,2022
shadowes,1,2023
wast,1,2024
fright,1,2025
posture,1,2026
consorted,1,2027
preuaile,1,2028
bouge,1,2029
disrobe,1,2030
enterred,1,2031
necessitie,1,2032
ly,1,2033
recount,1,2034
horses,1,2035
formall,1,2036
consequence,1,2037
intend,1,2038
expedition,1,2039
grudge,1,2040
vnderlings,1,2041
replication,1,2042
wherfore,1,2043
warres,1,2044
carkasse,1,2045
hidden,1,2046
ruddy,1,2047
establish,1,2048
eagerly,1,2049
wel,1,2050
rauens,1,2051
expounded,1,2052
neruij,1,2053
chace,1,2054
hacke,1,2055
horrid,1,2056
weapons,1,2057
husbanded,1,2058
louest,1,2059
seldome,1,2060
hearing,1,2061
proceede,1,2062
soare,1,2063
seuerally,1,2064
disperse,1,2065
henceforth,1,2066
testie,1,2067
torch-light,1,2068
tride,1,2069
stares,1,2070
commended,1,2071
passions,1,2072
3.ple,1,2073
affection,1,2074
players,1,2075
contaminate,1,2076
mace,1,2077
sacrifice,1,2078
houres,1,2079
amaz'd,1,2080
vnpurged,1,2081
doubtfull,1,2082
think,1,2083
layest,1,2084
mount,1,2085
threatning,1,2086
honourably,1,2087
opinions,1,2088
choak'd,1,2089
choaked,1,2090
dreamt,1,2091
yesternight,1,2092
sowre,1,2093
current,1,2094
view,1,2095
infus'd,1,2096
dimme,1,2097
mean,1,2098
spirited,1,2099
purpled,1,2100
mine's,1,2101
deuise,1,2102
attendants,1,2103
taught,1,2104
speeches,1,2105
instigations,1,2106
faction,1,2107
path,1,2108
oh,1,2109
vntrod,1,2110
determine,1,2111
feauer,1,2112
straite,1,2113
obseru'd,1,2114
vanished,1,2115
muffling,1,2116
occupation,1,2117
nice,1,2118
guilty,1,2119
costly,1,2120
fatter,1,2121
2.ple,1,2122
cursed,1,2123
climber,1,2124
brook'd,1,2125
eagles,1,2126
apron,1,2127
vngently,1,2128
commit,1,2129
confounded,1,2130
malice,1,2131
abridg'd,1,2132
domesticke,1,2133
petitions,1,2134
litter'd,1,2135
piercing,1,2136
reading,1,2137
look'd,1,2138
cynicke,1,2139
amaze,1,2140
horsemen,1,2141
alwayes,1,2142
beauty,1,2143
dash,1,2144
eyther,1,2145
feele,1,2146
ordered,1,2147
faine,1,2148
waues,1,2149
ascend,1,2150
mountaine,1,2151
fond,1,2152
grauity,1,2153
touching,1,2154
carue,1,2155
figures,1,2156
eate,1,2157
reeke,1,2158
chaire,1,2159
melteth,1,2160
mocke,1,2161
obey,1,2162
contriuer,1,2163
fears,1,2164
belike,1,2165
cleane,1,2166
benches,1,2167
channell,1,2168
confines,1,2169
noted,1,2170
greeuous,1,2171
hurle,1,2172
groane,1,2173
walk,1,2174
banished,1,2175
diuers,1,2176
roares,1,2177
rayes,1,2178
couer'd,1,2179
imitations,1,2180
instantly,1,2181
offering,1,2182
standing,1,2183
guiltinesse,1,2184
concluded,1,2185
custome,1,2186
proceeding,1,2187
aueng'd,1,2188
threats,1,2189
twere,1,2190
height,1,2191
element,1,2192
dam,1,2193
arguing,1,2194
alreadie,1,2195
disclose,1,2196
suffered,1,2197
feeding,1,2198
fortunes,1,2199
artimedorus,1,2200
squeale,1,2201
serue,1,2202
ouerthrowne,1,2203
distract,1,2204
wee,1,2205
shooke,1,2206
thunder-stone,1,2207
outward,1,2208
receiu'd,1,2209
robbers,1,2210
sacrificers,1,2211
puisant,1,2212
brute,1,2213
mixt,1,2214
stroken,1,2215
moneths,1,2216
mischeefes,1,2217
horsses,1,2218
funerals,1,2219
citizens,1,2220
thorough,1,2221
simple,1,2222
begg'd,1,2223
cautelous,1,2224
neigh,1,2225
followed,1,2226
scedule,1,2227
learne,1,2228
spouts,1,2229
slewe,1,2230
vessell,1,2231
bastard,1,2232
assur'd,1,2233
partake,1,2234
wil,1,2235
haires,1,2236
accidentall,1,2237
wrathfully,1,2238
griefes,1,2239
companion,1,2240
sate,1,2241
modestie,1,2242
naturall,1,2243
worldly,1,2244
praying,1,2245
disgest,1,2246
moe,1,2247
threw,1,2248
marriage,1,2249
cals,1,2250
entertaine,1,2251
couetous,1,2252
sweetly,1,2253
crouch,1,2254
free-men,1,2255
burst,1,2256
driues,1,2257
hackt,1,2258
winters,1,2259
losses,1,2260
shold,1,2261
applauses,1,2262
consum'd,1,2263
dogge,1,2264
glasses,1,2265
search,1,2266
pit,1,2267
how-euer,1,2268
clamors,1,2269
wander,1,2270
perform'd,1,2271
aule,1,2272
school-boy,1,2273
dull,1,2274
neither,1,2275
cheere,1,2276
toyles,1,2277
guard,1,2278
wont,1,2279
angell,1,2280
sides,1,2281
reuels,1,2282
disclos'd,1,2283
heares,1,2284
mouthes,1,2285
tag-ragge,1,2286
foolish,1,2287
knottie,1,2288
plague,1,2289
ruines,1,2290
sheepe,1,2291
wheeles,1,2292
downward,1,2293
ordinance,1,2294
petty,1,2295
fray,1,2296
couert,1,2297
prophesie,1,2298
want,1,2299
cancell,1,2300
thaw'd,1,2301
hats,1,2302
niggard,1,2303
notice,1,2304
retreat,1,2305
swoonded,1,2306
nobly,1,2307
affraid,1,2308
absence,1,2309
misgiuing,1,2310
bleede,1,2311
vtmost,1,2312
absent,1,2313
sits,1,2314
bethinke,1,2315
losse,1,2316
flattered,1,2317
winne,1,2318
thirtie,1,2319
serpents,1,2320
split,1,2321
workman,1,2322
birds,1,2323
slaying,1,2324
enclosed,1,2325
flearing,1,2326
dishonourable,1,2327
vttered,1,2328
forgaue,1,2329
speechlesse,1,2330
wonderfull,1,2331
appearing,1,2332
vow,1,2333
slaughter,1,2334
garland,1,2335
pella,1,2336
returning,1,2337
infirmities,1,2338
millions,1,2339
saying,1,2340
incertaine,1,2341
dogges,1,2342
profession,1,2343
hearse,1,2344
setting,1,2345
supporting,1,2346
insisted,1,2347
ask'd,1,2348
engagements,1,2349
torrent,1,2350
slighted,1,2351
throwing,1,2352
rose,1,2353
stuffe,1,2354
free-man,1,2355
deafe,1,2356
presented,1,2357
senate-house,1,2358
incenses,1,2359
egge,1,2360
apparition,1,2361
natiue,1,2362
pure,1,2363
shadow,1,2364
acting,1,2365
obscurely,1,2366
firmament,1,2367
out-liue,1,2368
coniure,1,2369
stomackes,1,2370
cyn,1,2371
stab'd,1,2372
strawes,1,2373
flame,1,2374
seruice,1,2375
learn'd,1,2376
bestride,1,2377
low-crooked-curtsies,1,2378
counters,1,2379
healthfull,1,2380
affections,1,2381
flauio,1,2382
mouths,1,2383
madmen,1,2384
killing,1,2385
diuision,1,2386
fearefulnesse,1,2387
bayed,1,2388
person,1,2389
sober,1,2390
betray'd,1,2391
clapp'd,1,2392
mayest,1,2393
augmented,1,2394
clowds,1,2395
youthfull,1,2396
lambe,1,2397
mortall,1,2398
enforced,1,2399
young,1,2400
fountaine,1,2401
obseruer,1,2402
yeare,1,2403
crying,1,2404
sterner,1,2405
mirrors,1,2406
crimson'd,1,2407
vnlesse,1,2408
euills,1,2409
showting,1,2410
harme's,1,2411
produce,1,2412
chides,1,2413
tharsus,1,2414
caska's,1,2415
apprehensiue,1,2416
ore-read,1,2417
satisfie,1,2418
impatiently,1,2419
hunters,1,2420
winds,1,2421
drowsily,1,2422
security,1,2423
earely,1,2424
sway,1,2425
mood,1,2426
bee'st,1,2427
strew,1,2428
voyage,1,2429
con'd,1,2430
offences,1,2431
mechanicall,1,2432
sauage,1,2433
falser,1,2434
study,1,2435
elements,1,2436
safety,1,2437
rhewmy,1,2438
shrieke,1,2439
thigh,1,2440
driuen,1,2441
games,1,2442
vnder-goe,1,2443
companies,1,2444
gentler,1,2445
gates,1,2446
demeanor,1,2447
impart,1,2448
transformed,1,2449
earnes,1,2450
stronger,1,2451
flash,1,2452
meere,1,2453
rudenesse,1,2454
wake,1,2455
depend,1,2456
hilles,1,2457
attempt,1,2458
lowly,1,2459
canopy,1,2460
hang'd,1,2461
wood,1,2462
spaine,1,2463
scoena,1,2464
land,1,2465
quarrell,1,2466
heap'd,1,2467
whatsoeuer,1,2468
compasse,1,2469
dismisse,1,2470
proscriptions,1,2471
vseth,1,2472
fuller,1,2473
feete,1,2474
loath,1,2475
tapers,1,2476
buzzing,1,2477
adder,1,2478
remaine,1,2479
omnes,1,2480
sleepy,1,2481
brothers,1,2482
countrey,1,2483
alliance,1,2484
opening,1,2485
childe,1,2486
breast,1,2487
steeds,1,2488
2.sold,1,2489
abler,1,2490
whit,1,2491
craues,1,2492
sensible,1,2493
voyces,1,2494
hoping,1,2495
climb'd,1,2496
damned,1,2497
reme[m]ber,1,2498
et,1,2499
thunder-bolts,1,2500
pitteous,1,2501
weary,1,2502
progresse,1,2503
sounds,1,2504
preuayl'd,1,2505
subtle,1,2506
crowd,1,2507
pearch'd,1,2508
senses,1,2509
reputed,1,2510
voluntary,1,2511
wept,1,2512
peoples,1,2513
fifteene,1,2514
measure,1,2515
drops,1,2516
whet,1,2517
prima,1,2518
intrailes,1,2519
desir'd,1,2520
teach,1,2521
season,1,2522
cryedst,1,2523
apes,1,2524
star'd,1,2525
deriu'd,1,2526
laught,1,2527
theatre,1,2528
natures,1,2529
falles,1,2530
glasse,1,2531
immediate,1,2532
rout,1,2533
naughty,1,2534
conceptions,1,2535
worthier,1,2536
sooth-sayer,1,2537
vnborne,1,2538
forgets,1,2539
drizel'd,1,2540
arriue,1,2541
basis,1,2542
northerne,1,2543
wisht,1,2544
quarter'd,1,2545
menace,1,2546
wiues,1,2547
womanish,1,2548
discouered,1,2549
fields,1,2550
aeneas,1,2551
prepar'd,1,2552
sweatie,1,2553
stricken,1,2554
vol,1,2555
performance,1,2556
parley,1,2557
daughter,1,2558
below,1,2559
warne,1,2560
dignities,1,2561
madman,1,2562
conceyu'd,1,2563
vanish,1,2564
smil'd,1,2565
numbers,1,2566
lowd,1,2567
guesse,1,2568
bookes,1,2569
cobble,1,2570
stole,1,2571
actors,1,2572
expect,1,2573
paid,1,2574
corporall,1,2575
louing,1,2576
kissing,1,2577
leades,1,2578
wofull,1,2579
wrath,1,2580
siluer,1,2581
vnscorch'd,1,2582
neighbors,1,2583
lips,1,2584
tempests,1,2585
portents,1,2586
stale,1,2587
sawcie,1,2588
foam'd,1,2589
entreat,1,2590
story,1,2591
meerely,1,2592
beat,1,2593
contriue,1,2594
mean'st,1,2595
assembly,1,2596
enemie,1,2597
refresht,1,2598
rests,1,2599
feeds,1,2600
count,1,2601
cogitations,1,2602
cowardice,1,2603
shrew'd,1,2604
dy,1,2605
ague,1,2606
sixe,1,2607
furnish'd,1,2608
peepe,1,2609
scene,1,2610
company,1,2611
melting,1,2612
hangs,1,2613
began,1,2614
resting,1,2615
murrellus,1,2616
far,1,2617
breath,1,2618
tongue-tyed,1,2619
rumor,1,2620
name's,1,2621
sign'd,1,2622
aye,1,2623
acrosse,1,2624
teethes,1,2625
concaue,1,2626
armies,1,2627
slaue,1,2628
thewes,1,2629
vnshak'd,1,2630
angel,1,2631
wel-beloued,1,2632
dinner,1,2633
vnkindely,1,2634
grasped,1,2635
thirsty,1,2636
readie,1,2637
shreeking,1,2638
emulation,1,2639
check'd,1,2640
repeale,1,2641
chollericke,1,2642
render'd,1,2643
cull,1,2644
force,1,2645
errand,1,2646
heede,1,2647
handy-worke,1,2648
strikes,1,2649
staines,1,2650
load,1,2651
carelesly,1,2652
easily,1,2653
carpenter,1,2654
places,1,2655
befall,1,2656
leuying,1,2657
shrunke,1,2658
coffers,1,2659
tearmes,1,2660
enlarge,1,2661
break,1,2662
wonders,1,2663
sayings,1,2664
pulpits,1,2665
pre-ordinance,1,2666
shine,1,2667
richest,1,2668
chew,1,2669
meddle,1,2670
shrewdly,1,2671
doers,1,2672
mock'd,1,2673
suffers,1,2674
complexion,1,2675
inroll'd,1,2676
lacks,1,2677
cognisance,1,2678
acted,1,2679
mid-night,1,2680
encreaseth,1,2681
vpmost,1,2682
sports,1,2683
prodigious,1,2684
constantly,1,2685
bootlesse,1,2686
shop,1,2687
money,1,2688
auoyd,1,2689
perceiu'd,1,2690
heape,1,2691
reply,1,2692
compell'd,1,2693
birth-day,1,2694
charme,1,2695
prayers,1,2696
gorging,1,2697
vnassayleable,1,2698
bonds,1,2699
hauocke,1,2700
beads,1,2701
sardians,1,2702
purpos'd,1,2703
particle,1,2704
spouting,1,2705
stinglesse,1,2706
improue,1,2707
stinking,1,2708
hee'l,1,2709
treason,1,2710
stemming,1,2711
hibla,1,2712
gray-beards,1,2713
richer,1,2714
holiday,1,2715
dreampt,1,2716
outlarie,1,2717
ascended,1,2718
stolne,1,2719
fantasies,1,2720
report,1,2721
submitting,1,2722
prou'd,1,2723
pipes,1,2724
hugge,1,2725
bright,1,2726
decay,1,2727
confidence,1,2728
coniur'd,1,2729
dies,1,2730
seest,1,2731
fed,1,2732
doubted,1,2733
incompast,1,2734
rightly,1,2735
hurtled,1,2736
calculate,1,2737
annoy,1,2738
bowl,1,2739
rawe,1,2740
greets,1,2741
limitation,1,2742
heyres,1,2743
wasted,1,2744
he's,1,2745
labour'd,1,2746
hole,1,2747
praetors,1,2748
triall,1,2749
trod,1,2750
sought,1,2751
quintus,1,2752
husbands,1,2753
roar'd,1,2754
campe,1,2755
interpose,1,2756
omitted,1,2757
spake,1,2758
vnicornes,1,2759
bay,1,2760
drawne,1,2761
lift,1,2762
fires,1,2763
stayes,1,2764
sacred,1,2765
masker,1,2766
suffering,1,2767
turning,1,2768
sparke,1,2769
seek,1,2770
humours,1,2771
resort,1,2772
writings,1,2773
darts,1,2774
tertius,1,2775
combin'd,1,2776
signifies,1,2777
compact,1,2778
foe,1,2779
scorn'd,1,2780
weakenesse,1,2781
ninth,1,2782
also,1,2783
silent,1,2784
exhalations,1,2785
superstitious,1,2786
errands,1,2787
dreamer,1,2788
remorse,1,2789
greeting,1,2790
visage,1,2791
crowes,1,2792
surgeon,1,2793
surest,1,2794
otherwise,1,2795
arts,1,2796
buffet,1,2797
ouer-earnest,1,2798
beggers,1,2799
noone-day,1,2800
wafter,1,2801
promis'd,1,2802
heauie,1,2803
chide,1,2804
tarquin,1,2805
counsels,1,2806
howting,1,2807
troubled,1,2808
vulgar,1,2809
hony-heauy-dew,1,2810
rime,1,2811
suppe,1,2812
charges,1,2813
agree,1,2814
behinde,1,2815
brutish,1,2816
exorcist,1,2817
bending,1,2818
marrie,1,2819
courtesie,1,2820
trickes,1,2821
points,1,2822
recouer,1,2823
repealing,1,2824
astonish,1,2825
cauerne,1,2826
degrees,1,2827
kingdome,1,2828
acquainted,1,2829
sayd,1,2830
venom,1,2831
vaunting,1,2832
painted,1,2833
giuing,1,2834
cry'de,1,2835
indirection,1,2836
labio,1,2837
attempts,1,2838
rebell,1,2839
holes,1,2840
auoyded,1,2841
hew,1,2842
appertaine,1,2843
putting,1,2844
gentlenesse,1,2845
disposed,1,2846
maine,1,2847
dwelling,1,2848
lowest,1,2849
smallest,1,2850
crown,1,2851
portentous,1,2852
dar'st,1,2853
entire,1,2854
annoying,1,2855
darknesse,1,2856
tributaries,1,2857
leafe,1,2858
musing,1,2859
returne,1,2860
swim,1,2861
warriours,1,2862
wholsome,1,2863
howted,1,2864
disposing,1,2865
pleas'd,1,2866
towres,1,2867
factious,1,2868
graze,1,2869
car,1,2870
mo,1,2871
ruby,1,2872
coffin,1,2873
begun,1,2874
mark'd,1,2875
assemble,1,2876
carries,1,2877
dewes,1,2878
modestly,1,2879
napkins,1,2880
indifferent,1,2881
heires,1,2882
space,1,2883
glaz'd,1,2884
affrighted,1,2885
vnkindest,1,2886
moone,1,2887
whizzing,1,2888
calender,1,2889
gently,1,2890
messengers,1,2891
list,1,2892
whiles,1,2893
remain'd,1,2894
kil'st,1,2895
scolding,1,2896
eating,1,2897
spleene,1,2898
paines,1,2899
moou'd,1,2900
dust,1,2901
captiues,1,2902
enioy,1,2903
faint,1,2904
bees,1,2905
dismember,1,2906
gustie,1,2907
office,1,2908
dis-ioynes,1,2909
sicken,1,2910
hideous,1,2911
finis,1,2912
pulling,1,2913
yon,1,2914
peeuish,1,2915
meeke,1,2916
new-planted,1,2917
high-sighted-tyranny,1,2918
mischiefe,1,2919
spaniell,1,2920
hindes,1,2921
bow,1,2922
cloakes,1,2923
suburbs,1,2924
formes,1,2925
song,1,2926
hisse,1,2927
coine,1,2928
large,1,2929
vesture,1,2930
basest,1,2931
hinder,1,2932
apparrell,1,2933
regions,1,2934
secundus,1,2935
knock'd,1,2936
selfe-same,1,2937
deale,1,2938
erebus,1,2939
faculties,1,2940
flourish'd,1,2941
y'haue,1,2942
eternall,1,2943
sickely,1,2944
perswasion,1,2945
roate,1,2946
leysure,1,2947
deare,1,2948
hatefull,1,2949
minded,1,2950
appear,1,2951
4.ple,1,2952
stubborne,1,2953
stirr'd,1,2954
repayre,1,2955
think'st,1,2956
closset,1,2957
orchard,1,2958
flattery,1,2959
legacie,1,2960
feede,1,2961
may'st,1,2962
foame,1,2963
thunders,1,2964
brim,1,2965
wring,1,2966
safely,1,2967
lethee,1,2968
entreated,1,2969
waste,1,2970
flesh,1,2971
fixt,1,2972
eruptions,1,2973
robe,1,2974
mart,1,2975
stonie,1,2976
inkindled,1,2977
summers,1,2978
worthles,1,2979
instances,1,2980
ranging,1,2981
desiring,1,2982
brasse,1,2983
reueller,1,2984
comets,1,2985
burnes,1,2986
proues,1,2987
colossus,1,2988
on't,1,2989
possible,1,2990
party,1,2991
meditates,1,2992
flames,1,2993
miseries,1,2994
slippery,1,2995
mak'st,1,2996
lordship,1,2997
rocke,1,2998
lustre,1,2999
censure,1,3000
elephants,1,3001
shapes,1,3002
cimber,1,3003
bow'd,1,3004
iigging,1,3005
seal'd,1,3006
tempted,1,3007
seruants,1,3008
carrion,1,3009
piece,1,3010
pul'd,1,3011
veyl'd,1,3012
smatch,1,3013
presents,1,3014
supper,1,3015
inuenomed,1,3016
vnluckily,1,3017
ingag'd,1,3018
sometimes,1,3019
sleeke-headed,1,3020
iades,1,3021
satisfaction,1,3022
quartered,1,3023
crept,1,3024
deepe,1,3025
defeat,1,3026
accoutred,1,3027
rankes,1,3028
pittifull,1,3029
offer,1,3030
locke,1,3031
vngentle,1,3032
vowes,1,3033
sodainly,1,3034
dish,1,3035
beginning,1,3036
william,1,3037
ancestor,1,3038
starre,1,3039
bidding,1,3040
legacies,1,3041
breathlesse,1,3042
vndeseruers,1,3043
salutation,1,3044
triumphes,1,3045
appeas'd,1,3046
protester,1,3047
catching,1,3048
redder,1,3049
aswell,1,3050
impatient,1,3051
break'st,1,3052
euerie,1,3053
crests,1,3054
firebrands,1,3055
anchyses,1,3056
storme,1,3057
stage,1,3058
vntyr'd,1,3059
prouidence,1,3060
girle,1,3061
sentence,1,3062
bath'd,1,3063
vntouch'd,1,3064
feares,1,3065
contagion,1,3066
stop,1,3067
interpreted,1,3068
wit,1,3069
perillous,1,3070
apparant,1,3071
followes,1,3072
lottery,1,3073
blow,1,3074
compell,1,3075
defiance,1,3076
alasse,1,3077
treasure,1,3078
three-fold,1,3079
loines,1,3080
wisedom,1,3081
dyed,1,3082
gracious,1,3083
danke,1,3084
grug'd,1,3085
nimblenesse,1,3086
encounter,1,3087
tower,1,3088
sennet,1,3089
marr'd,1,3090
extenuated,1,3091
antonies,1,3092
rent,1,3093
talk'd,1,3094
lose,1,3095
insuppressiue,1,3096
peazants,1,3097
lighted,1,3098
regarded,1,3099
