Word,Frequency,Rank
the,993,1
and,862,2
to,683,3
of,610,4
i,547,5
you,522,6
my,502,7
a,497,8
it,415,9
in,384,10
that,361,11
ham,337,12
is,315,13
not,300,14
his,285,15
this,275,16
with,254,17
your,253,18
but,249,19
for,241,20
me,228,21
lord,211,22
as,205,23
what,200,24
he,196,25
be,191,26
so,189,27
him,178,28
haue,175,29
king,171,30
will,149,31
no,137,32
our,130,33
we,128,34
on,123,35
are,121,36
if,111,37
all,109,38
then,108,39
shall,107,40
thou,105,41
by,105,42
come,104,43
or,103,44
hamlet,100,45
good,98,46
do,96,47
her,95,48
hor,95,49
let,94,50
now,92,51
thy,90,52
more,89,53
how,89,54
they,88,55
from,87,56
enter,85,57
was,81,58
oh,81,59
at,81,60
most,77,61
like,77,62
there,76,63
well,70,64
know,69,65
tis,69,66
would,68,67
selfe,67,68
them,67,69
loue,65,70
may,65,71
sir,62,72
qu,62,73
vs,62,74
did,60,75
why,60,76
which,60,77
laer,60,78
giue,59,79
must,58,80
ile,58,81
thee,58,82
hath,57,83
ophe,56,84
speake,55,85
make,54,86
should,54,87
an,53,88
too,53,89
where,53,90
am,52,91
such,52,92
out,52,93
when,51,94
say,51,95
vpon,50,96
doe,50,97
father,50,98
very,49,99
pol,49,100
their,48,101
go,48,102
one,46,103
man,46,104
some,45,105
see,45,106
heere,45,107
she,44,108
mine,44,109
these,44,110
had,44,111
time,44,112
tell,43,113
rosin,43,114
much,43,115
heauen,43,116
thinke,42,117
thus,41,118
mother,40,119
who,40,120
horatio,40,121
queene,39,122
play,39,123
polon,38,124
night,38,125
o,38,126
yet,37,127
laertes,35,128
vp,35,129
death,35,130
can,34,131
both,34,132
againe,34,133
soule,33,134
th,33,135
nor,32,136
take,32,137
life,31,138
looke,31,139
owne,31,140
could,31,141
mar,31,142
might,30,143
dead,30,144
heare,30,145
heart,29,146
clo,29,147
made,29,148
pray,28,149
ophelia,28,150
away,27,151
other,27,152
into,27,153
indeed,27,154
whose,27,155
nothing,27,156
leaue,27,157
cannot,27,158
doth,27,159
hast,27,160
nay,26,161
downe,26,162
matter,26,163
head,26,164
were,26,165
thing,25,166
hold,25,167
god,25,168
day,24,169
neuer,24,170
world,24,171
nature,24,172
call,23,173
exeunt,23,174
comes,23,175
put,22,176
though,22,177
set,22,178
sweet,22,179
done,21,180
mad,21,181
euen,21,182
two,21,183
ghost,21,184
earth,21,185
true,21,186
madnesse,21,187
denmarke,20,188
fathers,20,189
poore,20,190
i'th,20,191
himselfe,20,192
polonius,20,193
against,20,194
faire,20,195
sonne,20,196
eyes,20,197
england,20,198
those,20,199
guild,20,200
follow,20,201
deere,20,202
feare,20,203
seene,20,204
words,19,205
about,19,206
till,19,207
hand,19,208
meanes,19,209
once,19,210
players,19,211
within,19,212
shew,19,213
off,19,214
friends,19,215
great,19,216
exit,18,217
does,18,218
hee,18,219
still,18,220
osr,18,221
part,18,222
thoughts,17,223
long,17,224
old,17,225
before,17,226
guildensterne,17,227
end,17,228
keepe,17,229
beleeue,17,230
eare,17,231
goe,17,232
first,17,233
any,17,234
there's,16,235
body,16,236
bee,16,237
sword,16,238
speech,16,239
art,16,240
daughter,16,241
welcome,16,242
noble,16,243
makes,16,244
farewell,15,245
ere,15,246
marry,15,247
stand,15,248
kin,15,249
many,15,250
that's,15,251
betweene,15,252
since,15,253
watch,14,254
liue,14,255
heard,14,256
o're,14,257
youth,14,258
sent,14,259
eye,14,260
thine,14,261
better,14,262
therefore,14,263
spirit,14,264
question,14,265
tongue,14,266
ha's,14,267
rest,14,268
drinke,14,269
after,13,270
marke,13,271
little,13,272
last,13,273
beene,13,274
without,13,275
goes,13,276
while,13,277
else,13,278
vertue,13,279
same,13,280
fortinbras,13,281
none,13,282
finde,13,283
cause,13,284
gertrude,13,285
vse,13,286
saw,13,287
state,13,288
thought,13,289
is't,13,290
breath,13,291
beare,13,292
said,13,293
wee'l,13,294
gone,13,295
reynol,13,296
fit,12,297
blood,12,298
helpe,12,299
reason,12,300
something,12,301
meane,12,302
farre,12,303
ayre,12,304
foule,12,305
euer,12,306
madam,12,307
faith,12,308
friend,12,309
bring,12,310
grace,12,311
gentlemen,12,312
remember,12,313
selues,12,314
further,12,315
forme,12,316
purpose,12,317
honest,11,318
what's,11,319
reuenge,11,320
please,11,321
fire,11,322
passion,11,323
things,11,324
stay,11,325
kinde,11,326
villaine,11,327
best,11,328
ha,11,329
winde,11,330
newes,11,331
way,11,332
word,11,333
in't,11,334
each,11,335
bed,11,336
excellent,11,337
right,11,338
dost,11,339
rosincrance,11,340
verie,11,341
being,11,342
greefe,10,343
businesse,10,344
sleepe,10,345
free,10,346
hell,10,347
iudgement,10,348
marcellus,10,349
minde,10,350
barn,10,351
murther,10,352
mee,10,353
graue,10,354
twere,10,355
giuen,10,356
full,10,357
together,10,358
action,10,359
voyce,10,360
doubt,10,361
ye,10,362
face,10,363
late,10,364
let's,10,365
second,10,366
command,10,367
alone,10,368
guil,10,369
oft,10,370
pyrrhus,10,371
lady,10,372
heauens,10,373
strange,9,374
fine,9,375
alas,9,376
neere,9,377
hora,9,378
three,9,379
get,9,380
hands,9,381
sweare,9,382
eares,9,383
draw,9,384
name,9,385
brothers,9,386
fortune,9,387
fellow,9,388
gentleman,9,389
young,9,390
ought,9,391
answer,9,392
peace,9,393
walke,9,394
armes,9,395
seeme,9,396
phrase,9,397
offence,9,398
thankes,9,399
gho,9,400
goodnight,9,401
deare,9,402
act,9,403
light,8,404
conscience,8,405
ioy,8,406
another,8,407
seemes,8,408
common,8,409
teares,8,410
fell,8,411
kings,8,412
lay,8,413
worke,8,414
blacke,8,415
fall,8,416
whole,8,417
sit,8,418
soft,8,419
barnardo,8,420
breake,8,421
woe,8,422
sight,8,423
custome,8,424
top,8,425
wife,8,426
power,8,427
wilt,8,428
fran,8,429
lost,8,430
thousand,8,431
men,8,432
duty,8,433
husband,8,434
fashion,8,435
deed,8,436
yong,8,437
euery,8,438
seeke,8,439
queen,8,440
came,8,441
pale,8,442
ground,8,443
maiesty,8,444
hither,8,445
age,8,446
on't,8,447
lye,8,448
desire,7,449
shewes,7,450
knowne,7,451
thanke,7,452
bad,7,453
beseech,7,454
noise,7,455
hope,7,456
here,7,457
times,7,458
memory,7,459
sure,7,460
borne,7,461
takes,7,462
through,7,463
law,7,464
charge,7,465
dust,7,466
too't,7,467
gaue,7,468
grow,7,469
obey,7,470
sister,7,471
wee,7,472
bin,7,473
woman,7,474
receiue,7,475
letters,7,476
shame,7,477
lookes,7,478
sound,7,479
hamlets,7,480
maiestie,7,481
almost,7,482
lesse,7,483
musicke,7,484
giues,7,485
brother,7,486
bar,7,487
false,6,488
backe,6,489
ho,6,490
shape,6,491
sayes,6,492
enough,6,493
fare,6,494
note,6,495
foole,6,496
peece,6,497
bid,6,498
ill,6,499
cold,6,500
vnderstand,6,501
yours,6,502
fat,6,503
gods,6,504
quicke,6,505
scull,6,506
anon,6,507
damned,6,508
keepes,6,509
withall,6,510
effect,6,511
needs,6,512
dane,6,513
pardon,6,514
drown'd,6,515
cast,6,516
begge,6,517
moue,6,518
honor,6,519
maid,6,520
truth,6,521
place,6,522
fortunes,6,523
double,6,524
writ,6,525
neither,6,526
hot,6,527
poyson,6,528
lordship,6,529
loues,6,530
home,6,531
dumbe,6,532
touch,6,533
danish,6,534
mouth,6,535
mothers,6,536
crowne,6,537
wrong,6,538
round,6,539
sorrow,6,540
season,6,541
begin,6,542
wits,6,543
seruice,6,544
buried,6,545
circumstance,6,546
water,6,547
laugh,6,548
table,6,549
proofe,6,550
he's,6,551
beard,6,552
ranke,6,553
dangerous,6,554
list,6,555
wager,6,556
marriage,6,557
vowes,6,558
christian,6,559
generall,6,560
gracious,6,561
dayes,6,562
shalt,5,563
houre,5,564
damn'd,5,565
onely,5,566
hit,5,567
blessing,5,568
quiet,5,569
desperate,5,570
particular,5,571
dutie,5,572
yes,5,573
discourse,5,574
doo't,5,575
wholsome,5,576
whereon,5,577
fie,5,578
lacke,5,579
france,5,580
gainst,5,581
perchance,5,582
short,5,583
confesse,5,584
sea,5,585
presently,5,586
braines,5,587
prythee,5,588
dread,5,589
forth,5,590
dreame,5,591
land,5,592
conceit,5,593
braine,5,594
buriall,5,595
foyles,5,596
saue,5,597
told,5,598
lords,5,599
audience,5,600
twas,5,601
bound,5,602
drowne,5,603
thinkes,5,604
hence,5,605
sodaine,5,606
twelue,5,607
knaue,5,608
alexander,5,609
wisedome,5,610
naturall,5,611
dye,5,612
dull,5,613
themselues,5,614
longer,5,615
spirits,5,616
holds,5,617
speak,5,618
went,5,619
sing,5,620
adue,5,621
fellowes,5,622
flesh,5,623
halfe,5,624
disposition,5,625
soules,5,626
osricke,5,627
passe,5,628
yeare,5,629
do's,5,630
guilty,5,631
cocke,5,632
ambition,5,633
patience,5,634
vnder,5,635
perhaps,5,636
point,5,637
march,5,638
teach,5,639
try,5,640
treason,5,641
in's,5,642
course,5,643
cries,5,644
health,5,645
slaue,5,646
forgot,5,647
sense,5,648
countenance,5,649
loose,5,650
report,5,651
mans,5,652
silence,5,653
freely,5,654
e'ene,5,655
visage,5,656
wicked,5,657
behinde,5,658
kingdome,5,659
norwey,5,660
hoa,5,661
returne,5,662
arme,5,663
you'l,5,664
morrow,5,665
beast,5,666
heere's,5,667
vnto,5,668
found,5,669
vilde,5,670
warrant,5,671
sometimes,5,672
slaine,5,673
brought,5,674
commission,5,675
truly,5,676
look,5,677
carriages,5,678
french,5,679
gifts,4,680
making,4,681
throw,4,682
whereto,4,683
sleepes,4,684
imagination,4,685
image,4,686
chamber,4,687
wide,4,688
lights,4,689
shortly,4,690
violence,4,691
distracted,4,692
wherein,4,693
visit,4,694
answere,4,695
growes,4,696
foure,4,697
gallowes,4,698
safety,4,699
cornelius,4,700
bodies,4,701
heate,4,702
wretched,4,703
beautie,4,704
discretion,4,705
shal,4,706
twice,4,707
vnkle,4,708
mercy,4,709
rites,4,710
hide,4,711
kill,4,712
nights,4,713
diuell,4,714
yea,4,715
flye,4,716
messenger,4,717
knew,4,718
impart,4,719
return'd,4,720
hecuba,4,721
speed,4,722
ist,4,723
cup,4,724
spade,4,725
priam,4,726
twill,4,727
kill'd,4,728
weepe,4,729
closes,4,730
whom,4,731
stood,4,732
left,4,733
morning,4,734
seeming,4,735
quite,4,736
heerein,4,737
horrible,4,738
figure,4,739
ladies,4,740
nunnery,4,741
direct,4,742
glad,4,743
fault,4,744
honour,4,745
toward,4,746
hearing,4,747
affection,4,748
buy,4,749
lend,4,750
cursed,4,751
extasie,4,752
seeing,4,753
already,4,754
meant,4,755
would'st,4,756
meete,4,757
prison,4,758
liberty,4,759
t,4,760
turne,4,761
wil,4,762
modestie,4,763
cannon,4,764
bones,4,765
bore,4,766
incestuous,4,767
base,4,768
brow,4,769
tragedie,4,770
weare,4,771
fauour,4,772
ease,4,773
sits,4,774
reynoldo,4,775
trumpet,4,776
heeles,4,777
rose,4,778
natiue,4,779
aboue,4,780
send,4,781
lands,4,782
mortall,4,783
instant,4,784
comming,4,785
think,4,786
kept,4,787
force,4,788
start,4,789
prologue,4,790
doore,4,791
white,4,792
stronger,4,793
next,4,794
turn'd,4,795
snow,4,796
drift,4,797
thrice,4,798
flourish,4,799
vnnaturall,4,800
idle,4,801
acte,4,802
certaine,4,803
it's,4,804
ouer,4,805
colour,4,806
bene,4,807
count,4,808
asse,4,809
motiue,4,810
norway,4,811
thrift,4,812
length,4,813
tooke,4,814
growne,4,815
pate,4,816
whether,4,817
choose,4,818
meet,4,819
awhile,4,820
consequence,4,821
others,4,822
strong,4,823
arm'd,4,824
starre,4,825
danger,4,826
shot,4,827
woo't,4,828
thence,4,829
gentle,4,830
sings,4,831
heauy,4,832
humbly,4,833
honestie,4,834
tale,4,835
begun,4,836
fast,4,837
court,4,838
moone,4,839
bloud,4,840
tend,4,841
blame,4,842
past,4,843
warlike,4,844
lou'd,4,845
masters,4,846
show,4,847
bosome,4,848
cunning,4,849
either,4,850
attendant,4,851
commend,4,852
seal'd,4,853
lies,4,854
hang,4,855
sleeping,4,856
fingers,4,857
frame,4,858
violent,4,859
forget,4,860
stage,4,861
rather,4,862
secret,4,863
wit,4,864
followes,4,865
treasure,4,866
lose,4,867
processe,3,868
offended,3,869
aduice,3,870
matters,3,871
lines,3,872
foote,3,873
vnckle,3,874
vice,3,875
maids,3,876
leaues,3,877
fight,3,878
bitter,3,879
appeare,3,880
proue,3,881
dyes,3,882
read,3,883
patient,3,884
was't,3,885
quantitie,3,886
house,3,887
iustly,3,888
termes,3,889
argall,3,890
counsell,3,891
rosincrane,3,892
wonder,3,893
admiration,3,894
pipe,3,895
wed,3,896
wisest,3,897
sides,3,898
royall,3,899
content,3,900
repent,3,901
thinking,3,902
wish,3,903
high,3,904
vnderstanding,3,905
clouds,3,906
worse,3,907
cap,3,908
hower,3,909
elsonower,3,910
here's,3,911
heauenly,3,912
smiling,3,913
arras,3,914
a-while,3,915
bloody,3,916
pace,3,917
dreadfull,3,918
priest,3,919
staid,3,920
goodly,3,921
remaines,3,922
clay,3,923
soueraigne,3,924
presence,3,925
entertainment,3,926
norman,3,927
mistris,3,928
children,3,929
inobled,3,930
distemper,3,931
manet,3,932
desires,3,933
subiect,3,934
wheele,3,935
vses,3,936
feed,3,937
likes,3,938
delight,3,939
wayes,3,940
assay,3,941
indeede,3,942
bap,3,943
aboord,3,944
least,3,945
affliction,3,946
iephta,3,947
cry,3,948
begger,3,949
cals,3,950
change,3,951
ignorance,3,952
property,3,953
player,3,954
tame,3,955
ones,3,956
where's,3,957
rapier,3,958
faithfull,3,959
wanton,3,960
praise,3,961
stands,3,962
heartily,3,963
ambassadors,3,964
nony,3,965
vouchsafe,3,966
clowne,3,967
coarse,3,968
sore,3,969
pause,3,970
honourable,3,971
third,3,972
beating,3,973
election,3,974
tenders,3,975
neerer,3,976
creatures,3,977
bestow,3,978
flat,3,979
angels,3,980
delights,3,981
knowes,3,982
starres,3,983
honour'd,3,984
bold,3,985
close,3,986
hercules,3,987
rat,3,988
rage,3,989
strooke,3,990
wretch,3,991
breefe,3,992
appear'd,3,993
loe,3,994
formes,3,995
beauty,3,996
cosin,3,997
whil'st,3,998
faine,3,999
i'm,3,1000
mountaine,3,1001
liege,3,1002
suffer,3,1003
courtier,3,1004
speciall,3,1005
scena,3,1006
along,3,1007
liued,3,1008
ee'n,3,1009
boy,3,1010
practice,3,1011
sunne,3,1012
dreames,3,1013
spring,3,1014
caught,3,1015
sirs,3,1016
expresse,3,1017
hearts,3,1018
outward,3,1019
receiu'd,3,1020
wherefore,3,1021
sate,3,1022
loued,3,1023
alacke,3,1024
voltemand,3,1025
burst,3,1026
vnseene,3,1027
pit,3,1028
dyed,3,1029
imports,3,1030
order,3,1031
guard,3,1032
wont,3,1033
foolish,3,1034
skill,3,1035
tables,3,1036
bent,3,1037
iest,3,1038
ambitious,3,1039
saies,3,1040
sicke,3,1041
faults,3,1042
liberall,3,1043
liues,3,1044
argument,3,1045
iust,3,1046
fixt,3,1047
dew,3,1048
stuffe,3,1049
kisses,3,1050
stirre,3,1051
person,3,1052
mens,3,1053
vnlesse,3,1054
vncle,3,1055
obserue,3,1056
exercise,3,1057
feast,3,1058
appeares,3,1059
passing,3,1060
louing,3,1061
tender,3,1062
affaire,3,1063
guilt,3,1064
braue,3,1065
meere,3,1066
wittenberg,3,1067
masse,3,1068
giuing,3,1069
tempt,3,1070
poyson'd,3,1071
prepare,3,1072
censure,3,1073
married,3,1074
remembrance,3,1075
rash,3,1076
shadow,3,1077
steele,3,1078
teare,3,1079
falles,3,1080
accident,3,1081
pay,3,1082
sticke,3,1083
killes,3,1084
crimes,3,1085
confession,3,1086
dare,3,1087
stole,3,1088
tane,3,1089
lets,3,1090
generous,3,1091
funerall,3,1092
lead,3,1093
rich,3,1094
prou'd,3,1095
salt,3,1096
bend,3,1097
reueng'd,3,1098
touching,3,1099
soldiers,3,1100
hard,3,1101
hangers,3,1102
speakes,3,1103
whilst,3,1104
gather,3,1105
husbands,3,1106
estate,3,1107
hill,3,1108
command'ment,3,1109
blesse,3,1110
few,3,1111
letter,3,1112
edge,3,1113
otherwise,3,1114
neede,3,1115
carry,3,1116
murder,3,1117
withdraw,3,1118
straight,3,1119
sixe,3,1120
if't,3,1121
assume,3,1122
quality,3,1123
maine,3,1124
oddes,3,1125
infinite,3,1126
thicke,3,1127
mock,3,1128
ten,3,1129
rapiers,3,1130
indifferent,3,1131
new,3,1132
horse,3,1133
valiant,3,1134
spundge,3,1135
bow,3,1136
actor,3,1137
iudge,3,1138
safely,3,1139
visitation,3,1140
saile,3,1141
hits,3,1142
possible,3,1143
did'st,3,1144
1.play,3,1145
present,3,1146
vnfold,3,1147
been,3,1148
choyce,3,1149
sends,3,1150
deepe,3,1151
offer,3,1152
sun,3,1153
locke,3,1154
booke,3,1155
sence,3,1156
effects,3,1157
recouer,3,1158
stop,3,1159
mes,3,1160
gonzago,3,1161
shake,3,1162
prince,3,1163
consent,3,1164
encounter,3,1165
gaming,3,1166
currants,2,1167
deliuer,2,1168
voice,2,1169
weary,2,1170
defence,2,1171
smile,2,1172
vs'd,2,1173
canker,2,1174
nightly,2,1175
buzze,2,1176
brooke,2,1177
drinkes,2,1178
baser,2,1179
vnworthy,2,1180
plots,2,1181
fore,2,1182
delay,2,1183
fellowship,2,1184
according,2,1185
wrote,2,1186
throate,2,1187
begins,2,1188
twixt,2,1189
sending,2,1190
limbes,2,1191
breathing,2,1192
blasted,2,1193
memorie,2,1194
prodigall,2,1195
repaire,2,1196
apart,2,1197
arrant,2,1198
single,2,1199
friendship,2,1200
wise,2,1201
soultry,2,1202
slightly,2,1203
whereof,2,1204
destroy,2,1205
bulke,2,1206
strangely,2,1207
broke,2,1208
burning,2,1209
rugged,2,1210
purposes,2,1211
throat,2,1212
excellence,2,1213
somthing,2,1214
shipwright,2,1215
puh,2,1216
seas,2,1217
rebellious,2,1218
larded,2,1219
ifaith,2,1220
treacherie,2,1221
tribute,2,1222
held,2,1223
soldier,2,1224
dispatch,2,1225
rises,2,1226
equall,2,1227
scripture,2,1228
pious,2,1229
diet,2,1230
likely,2,1231
impon'd,2,1232
caesar,2,1233
becomes,2,1234
breed,2,1235
wilde,2,1236
pregnant,2,1237
clown,2,1238
precious,2,1239
necke,2,1240
actus,2,1241
turnes,2,1242
vnction,2,1243
shee'l,2,1244
wash,2,1245
capitall,2,1246
collection,2,1247
seale,2,1248
hauing,2,1249
pitty,2,1250
embrace,2,1251
cheeke,2,1252
iudgements,2,1253
lobby,2,1254
station,2,1255
faces,2,1256
leuies,2,1257
profit,2,1258
arrowes,2,1259
gent,2,1260
voltumand,2,1261
hid,2,1262
flowers,2,1263
minds,2,1264
weigh'd,2,1265
plaid,2,1266
lest,2,1267
orchard,2,1268
pretty,2,1269
countries,2,1270
prayer,2,1271
grosse,2,1272
needfull,2,1273
sorry,2,1274
mars,2,1275
falling,2,1276
saylors,2,1277
teeth,2,1278
obligation,2,1279
cheerefully,2,1280
imperiall,2,1281
drumme,2,1282
palme,2,1283
lookt,2,1284
pluck,2,1285
warre,2,1286
scope,2,1287
own,2,1288
galls,2,1289
pittie,2,1290
secrecie,2,1291
ah,2,1292
purging,2,1293
traile,2,1294
e'ne,2,1295
wittingly,2,1296
depends,2,1297
venome,2,1298
houses,2,1299
puts,2,1300
ring,2,1301
odde,2,1302
expell,2,1303
doue,2,1304
ophel,2,1305
hat,2,1306
wait,2,1307
beguile,2,1308
cried,2,1309
merit,2,1310
find,2,1311
working,2,1312
beares,2,1313
fate,2,1314
lap,2,1315
birth,2,1316
choller,2,1317
euill,2,1318
for't,2,1319
laide,2,1320
ioue,2,1321
renish,2,1322
merrie,2,1323
haply,2,1324
falne,2,1325
findes,2,1326
francisco,2,1327
defend,2,1328
pole,2,1329
fantasie,2,1330
shoote,2,1331
inclination,2,1332
o'th,2,1333
blowne,2,1334
trade,2,1335
liquor,2,1336
powres,2,1337
digge,2,1338
confine,2,1339
deny,2,1340
naked,2,1341
toe,2,1342
witchcraft,2,1343
acts,2,1344
tune,2,1345
wormwood,2,1346
seekes,2,1347
sicknesse,2,1348
swift,2,1349
vouchers,2,1350
safe,2,1351
gall,2,1352
sport,2,1353
com'st,2,1354
demand,2,1355
scourge,2,1356
throwne,2,1357
roome,2,1358
aduancement,2,1359
beyond,2,1360
passionate,2,1361
sweat,2,1362
maiesticall,2,1363
twenty,2,1364
contriue,2,1365
trickes,2,1366
reading,2,1367
corruption,2,1368
cut,2,1369
meeting,2,1370
rellish,2,1371
pesant,2,1372
lyes,2,1373
weazell,2,1374
instrument,2,1375
sinne,2,1376
treacherous,2,1377
rouse,2,1378
forbid,2,1379
recoueries,2,1380
scale,2,1381
roughly,2,1382
seen,2,1383
spoke,2,1384
diadem,2,1385
olde,2,1386
t'haue,2,1387
pastime,2,1388
lament,2,1389
solemne,2,1390
enact,2,1391
twaine,2,1392
finding,2,1393
shooes,2,1394
rotten,2,1395
importing,2,1396
wel,2,1397
picture,2,1398
offences,2,1399
pestilent,2,1400
sweete,2,1401
rude,2,1402
mutes,2,1403
capeable,2,1404
thither,2,1405
comedie,2,1406
wormes,2,1407
doomesday,2,1408
tremble,2,1409
sinnes,2,1410
tongues,2,1411
prisoner,2,1412
iot,2,1413
flaming,2,1414
occasion,2,1415
deliuer'd,2,1416
officers,2,1417
basket,2,1418
blest,2,1419
suite,2,1420
platforme,2,1421
sable,2,1422
shadowes,2,1423
wisely,2,1424
builds,2,1425
tedious,2,1426
awe,2,1427
thunder,2,1428
murderer,2,1429
maiden,2,1430
proper,2,1431
vengeance,2,1432
tryall,2,1433
horrid,2,1434
confound,2,1435
propose,2,1436
cost,2,1437
author,2,1438
maiesties,2,1439
houres,2,1440
who's,2,1441
doubtfull,2,1442
mason,2,1443
poysoner,2,1444
opinions,2,1445
occasions,2,1446
view,2,1447
amazement,2,1448
wings,2,1449
diuinity,2,1450
beasts,2,1451
haire,2,1452
ioyne,2,1453
powers,2,1454
hey,2,1455
middle,2,1456
had'st,2,1457
epitaph,2,1458
awake,2,1459
craft,2,1460
sorrie,2,1461
y'are,2,1462
tricke,2,1463
wag,2,1464
greeue,2,1465
look'd,2,1466
stone,2,1467
city,2,1468
alwayes,2,1469
proclaime,2,1470
scape,2,1471
sort,2,1472
country,2,1473
golden,2,1474
childe,2,1475
ouer-done,2,1476
tearmes,2,1477
pluckes,2,1478
drawes,2,1479
windes,2,1480
mount,2,1481
desart,2,1482
spoken,2,1483
envenom'd,2,1484
belike,2,1485
greene,2,1486
pronounc'd,2,1487
paire,2,1488
fines,2,1489
fares,2,1490
creature,2,1491
heau'n,2,1492
mouse,2,1493
enemies,2,1494
translate,2,1495
knees,2,1496
terme,2,1497
eternall,2,1498
apt,2,1499
pleasures,2,1500
purse,2,1501
aske,2,1502
intent,2,1503
moneths,2,1504
la,2,1505
aloofe,2,1506
thou'lt,2,1507
crew,2,1508
followed,2,1509
melt,2,1510
daggers,2,1511
waxes,2,1512
harsh,2,1513
assur'd,2,1514
wildely,2,1515
briefe,2,1516
neglected,2,1517
laying,2,1518
melancholly,2,1519
mountaines,2,1520
happy,2,1521
morne,2,1522
vndertake,2,1523
mark,2,1524
sworne,2,1525
motion,2,1526
win,2,1527
bell,2,1528
liest,2,1529
dogge,2,1530
knauish,2,1531
cheere,2,1532
often,2,1533
apprehension,2,1534
disclos'd,2,1535
heares,2,1536
ours,2,1537
liuing,2,1538
barbary,2,1539
plague,2,1540
celestiall,2,1541
prophesie,2,1542
want,2,1543
oath,2,1544
guts,2,1545
els,2,1546
thirtie,2,1547
mirth,2,1548
canst,2,1549
wonderfull,2,1550
saide,2,1551
vow,2,1552
necessary,2,1553
profound,2,1554
forc'd,2,1555
nine,2,1556
mettle,2,1557
intreat,2,1558
reade,2,1559
variable,2,1560
laid,2,1561
greefes,2,1562
a'th,2,1563
exchange,2,1564
hundred,2,1565
horridly,2,1566
fals,2,1567
coldly,2,1568
apparition,2,1569
pure,2,1570
persons,2,1571
for's,2,1572
coniure,2,1573
iealousie,2,1574
flame,2,1575
whale,2,1576
distrust,2,1577
troubles,2,1578
walkes,2,1579
graue-maker,2,1580
wouldest,2,1581
fits,2,1582
dozen,2,1583
labour,2,1584
tush,2,1585
ha't,2,1586
peculiar,2,1587
bruite,2,1588
vnion,2,1589
bird,2,1590
driue,2,1591
absurd,2,1592
nation,2,1593
region,2,1594
poleak,2,1595
sonnes,2,1596
fee,2,1597
saluation,2,1598
moneth,2,1599
by'th,2,1600
bare,2,1601
fooles,2,1602
cruell,2,1603
swearing,2,1604
guildenstern,2,1605
assurance,2,1606
neyther,2,1607
returnes,2,1608
potent,2,1609
admit,2,1610
quit,2,1611
collected,2,1612
haste,2,1613
sensible,2,1614
cerimony,2,1615
red,2,1616
taken,2,1617
frankely,2,1618
courtiers,2,1619
couch,2,1620
grapple,2,1621
month,2,1622
sooner,2,1623
imployment,2,1624
wipe,2,1625
habite,2,1626
magots,2,1627
spurnes,2,1628
fye,2,1629
natures,2,1630
glasse,2,1631
burnes,2,1632
talke,2,1633
inward,2,1634
lome,2,1635
wafts,2,1636
mighty,2,1637
armour,2,1638
below,2,1639
lasting,2,1640
vantage,2,1641
s[aint,2,1642
lowd,2,1643
actors,2,1644
voyage,2,1645
shuffling,2,1646
em,2,1647
easinesse,2,1648
should'st,2,1649
cheefe,2,1650
ends,2,1651
fancy,2,1652
story,2,1653
meerely,2,1654
fetch,2,1655
opposition,2,1656
seem'd,2,1657
nephewes,2,1658
asking,2,1659
allowed,2,1660
wants,2,1661
rub,2,1662
accent,2,1663
aye,2,1664
theame,2,1665
has,2,1666
pursue,2,1667
leysure,2,1668
moment,2,1669
readie,2,1670
anticke,2,1671
fond,2,1672
enterprize,2,1673
pardon'd,2,1674
lungs,2,1675
carpenter,2,1676
going,2,1677
blowes,2,1678
charitable,2,1679
dishonour,2,1680
eate,2,1681
finger,2,1682
dignity,2,1683
rew,2,1684
throne,2,1685
broad,2,1686
suffers,2,1687
complexion,2,1688
mischance,2,1689
smooth,2,1690
chast,2,1691
forehead,2,1692
cal'd,2,1693
griefe,2,1694
auoyd,2,1695
reply,2,1696
open,2,1697
ignorant,2,1698
succession,2,1699
faculty,2,1700
preuent,2,1701
match,2,1702
rise,2,1703
richer,2,1704
sting,2,1705
rests,2,1706
hurt,2,1707
wondrous,2,1708
wine,2,1709
bestow'd,2,1710
towards,2,1711
beware,2,1712
bonds,2,1713
sigh,2,1714
blast,2,1715
vpon't,2,1716
ice,2,1717
pith,2,1718
heauie,2,1719
garden,2,1720
demands,2,1721
hitherto,2,1722
chance,2,1723
violets,2,1724
bodie,2,1725
foe,2,1726
signifie,2,1727
assistant,2,1728
side,2,1729
die,2,1730
graces,2,1731
toy,2,1732
sourse,2,1733
do't,2,1734
nose,2,1735
dirt,2,1736
beggers,2,1737
senselesse,2,1738
baby,2,1739
allowance,2,1740
promis'd,2,1741
consider,2,1742
fiery,2,1743
vulgar,2,1744
guest,2,1745
lucianus,2,1746
breeding,2,1747
weeds,2,1748
fishmonger,2,1749
enemy,2,1750
distraction,2,1751
points,2,1752
attendants,2,1753
painted,2,1754
seru'd,2,1755
doores,2,1756
camell,2,1757
i'ue,2,1758
rewards,2,1759
whips,2,1760
kettle,2,1761
secunda,2,1762
dry,2,1763
mind,2,1764
fauours,2,1765
pleas'd,2,1766
got,2,1767
willing,2,1768
forgiue,2,1769
former,2,1770
happily,2,1771
serues,2,1772
playing,2,1773
yeares,2,1774
conuert,2,1775
trumpets,2,1776
clownes,2,1777
strike,2,1778
spred,2,1779
volt,2,1780
know'st,2,1781
assignes,2,1782
peepe,2,1783
obedience,2,1784
diuel,2,1785
fro[m,2,1786
lust,2,1787
hearers,2,1788
remoue,2,1789
malicious,2,1790
weaknesse,2,1791
songs,2,1792
burne,2,1793
truant,2,1794
secure,2,1795
angell,2,1796
ape,2,1797
suppresse,2,1798
church,2,1799
closset,2,1800
feede,2,1801
ioyes,2,1802
obseruance,2,1803
waste,2,1804
passage,2,1805
schollers,2,1806
wonted,2,1807
issue,2,1808
byrlady,2,1809
slow,2,1810
chappell,2,1811
scoene,2,1812
character,2,1813
catch,2,1814
dismall,2,1815
shapes,2,1816
deede,2,1817
they'l,2,1818
pleasure,2,1819
wary,2,1820
run,2,1821
seruants,2,1822
gate,2,1823
supper,2,1824
weapon,2,1825
rogue,2,1826
step,2,1827
fighting,2,1828
ros,2,1829
keene,2,1830
escape,2,1831
bak'd,2,1832
cease,2,1833
wake,2,1834
axe,2,1835
willingly,2,1836
infaith,2,1837
wrong'd,2,1838
weake,2,1839
wild,2,1840
prouidence,2,1841
naught,2,1842
horses,2,1843
recorder,2,1844
precepts,2,1845
contagion,2,1846
grownd,2,1847
blow,2,1848
rul'd,2,1849
noyse,2,1850
hee's,2,1851
feature,2,1852
proclaimes,2,1853
serpent,2,1854
method,2,1855
suites,2,1856
blush,2,1857
weede,1,1858
weeping,1,1859
repentance,1,1860
aduise,1,1861
hems,1,1862
royally,1,1863
sixteene,1,1864
ended,1,1865
conceited,1,1866
enuiously,1,1867
remainder,1,1868
wart,1,1869
iuggel'd,1,1870
enquire,1,1871
bearing,1,1872
north,1,1873
recognizances,1,1874
o'that,1,1875
maruels,1,1876
vertuous,1,1877
crafty,1,1878
implements,1,1879
debt,1,1880
immediately,1,1881
don'd,1,1882
beards,1,1883
index,1,1884
conueniently,1,1885
deerely,1,1886
hammes,1,1887
kites,1,1888
inheritor,1,1889
clossets,1,1890
beteene,1,1891
russet,1,1892
chaplesse,1,1893
appetite,1,1894
oathes,1,1895
prai'st,1,1896
ragges,1,1897
beaten,1,1898
poniards,1,1899
monsters,1,1900
ordenance,1,1901
addresse,1,1902
gorge,1,1903
target,1,1904
beget,1,1905
soone,1,1906
mocke,1,1907
possitiuely,1,1908
eats,1,1909
graue's,1,1910
drop,1,1911
l[ord,1,1912
fra,1,1913
thirty,1,1914
coarses,1,1915
affaires,1,1916
instances,1,1917
accidentall,1,1918
scarft,1,1919
op'd,1,1920
shakespeare,1,1921
villany,1,1922
seal,1,1923
plac't,1,1924
crimefull,1,1925
griefes,1,1926
blankes,1,1927
horrors,1,1928
shift,1,1929
empire,1,1930
kneeles,1,1931
forty,1,1932
rebellion,1,1933
gray,1,1934
wither'd,1,1935
disioynt,1,1936
ceremony,1,1937
sterrill,1,1938
vertues,1,1939
buttons,1,1940
timbred,1,1941
punisht,1,1942
vnpacke,1,1943
couple,1,1944
falsely,1,1945
expectansie,1,1946
obiects,1,1947
scarse,1,1948
suppliance,1,1949
prankes,1,1950
vsurpe,1,1951
buzzers,1,1952
reaches,1,1953
streame,1,1954
lapwing,1,1955
riuer,1,1956
entrance,1,1957
buffets,1,1958
bearers,1,1959
knife,1,1960
beckens,1,1961
venom'd,1,1962
humour,1,1963
shell,1,1964
ripe,1,1965
tarre,1,1966
whipt,1,1967
bewept,1,1968
slaughter,1,1969
prolongs,1,1970
tormenting,1,1971
kibe,1,1972
slips,1,1973
praying,1,1974
glimpses,1,1975
forgeries,1,1976
dexterity,1,1977
homage,1,1978
vnripe,1,1979
scullion,1,1980
warlicke,1,1981
runnes,1,1982
hey-day,1,1983
depriu'd,1,1984
tels,1,1985
weedy,1,1986
whirle-winde,1,1987
highly,1,1988
obstinate,1,1989
tether,1,1990
abuses,1,1991
especially,1,1992
dar'd,1,1993
chide,1,1994
sorrowes,1,1995
philosophy,1,1996
dugge,1,1997
gender,1,1998
shipped,1,1999
repast,1,2000
gon,1,2001
sounded,1,2002
heyre,1,2003
leasure,1,2004
lesson,1,2005
euer-preserued,1,2006
embracing,1,2007
dido,1,2008
postscript,1,2009
seruices,1,2010
farme,1,2011
shamefull,1,2012
ambassador,1,2013
iudicious,1,2014
arriued,1,2015
whisper,1,2016
defectiue,1,2017
kild,1,2018
betime,1,2019
carriage,1,2020
cicatrice,1,2021
spend,1,2022
gouerne,1,2023
lasts,1,2024
shoulder,1,2025
vnhand,1,2026
musick,1,2027
busie,1,2028
shark'd,1,2029
friending,1,2030
groundlings,1,2031
hurts,1,2032
worthy,1,2033
faulconers,1,2034
hardly,1,2035
cousend,1,2036
pocket,1,2037
vnbated,1,2038
birds,1,2039
accurst,1,2040
brauery,1,2041
excrements,1,2042
compound,1,2043
vp-hoorded,1,2044
ask't,1,2045
behoues,1,2046
defeate,1,2047
houer,1,2048
behauiour,1,2049
earnest,1,2050
vnmaske,1,2051
stooping,1,2052
neighbor,1,2053
anger,1,2054
therein,1,2055
neptunes,1,2056
pronouncing,1,2057
low,1,2058
welcom,1,2059
besmerch,1,2060
buyes,1,2061
talkes,1,2062
died,1,2063
beautifed,1,2064
tugging,1,2065
behaued,1,2066
saylor,1,2067
commings,1,2068
slaughters,1,2069
flaxen,1,2070
can'st,1,2071
bodkin,1,2072
slings,1,2073
post,1,2074
impotence,1,2075
shut,1,2076
subscrib'd,1,2077
taints,1,2078
threaten,1,2079
restrain'd,1,2080
harlot,1,2081
smels,1,2082
battlements,1,2083
precedent,1,2084
shaking,1,2085
loud,1,2086
afarre,1,2087
brooch,1,2088
pleasant,1,2089
opposing,1,2090
sinewes,1,2091
lawlesse,1,2092
larger,1,2093
farwell,1,2094
knee,1,2095
quoth,1,2096
mischeefe,1,2097
apparell,1,2098
discomfort,1,2099
reserue,1,2100
marcell,1,2101
inky,1,2102
vntill,1,2103
feathers,1,2104
emulate,1,2105
womans,1,2106
souldiours,1,2107
steepe,1,2108
credent,1,2109
foyle,1,2110
pratlings,1,2111
fame,1,2112
botch,1,2113
rome,1,2114
afterwards,1,2115
render,1,2116
quest,1,2117
geulles,1,2118
traueller,1,2119
impression,1,2120
whoreson,1,2121
historie,1,2122
flourishes,1,2123
thinkst,1,2124
repell,1,2125
dayly,1,2126
fantasticke,1,2127
mugger,1,2128
contend,1,2129
dipping,1,2130
ordinate,1,2131
sauiours,1,2132
adulterate,1,2133
successiue,1,2134
dearly,1,2135
pressure,1,2136
addition,1,2137
fear,1,2138
crack,1,2139
assaile,1,2140
superfluous,1,2141
stoopes,1,2142
difference,1,2143
filiall,1,2144
bace,1,2145
volume,1,2146
counsellor,1,2147
tributary,1,2148
witnesse,1,2149
refraine,1,2150
lash,1,2151
seduce,1,2152
heads,1,2153
boughes,1,2154
grop'd,1,2155
sutes,1,2156
selfe-slaughter,1,2157
throwing,1,2158
crack'd,1,2159
churches,1,2160
see's,1,2161
shoulders,1,2162
skirts,1,2163
breaths,1,2164
lesser,1,2165
ore-wrought,1,2166
pricke,1,2167
coniuring,1,2168
ruine,1,2169
resolution,1,2170
worm,1,2171
valentine,1,2172
sergeant,1,2173
turn'st,1,2174
brothell,1,2175
blanket,1,2176
akers,1,2177
landlesse,1,2178
incapable,1,2179
ouerlook'd,1,2180
intreaty,1,2181
soyle,1,2182
patches,1,2183
parragon,1,2184
forthwith,1,2185
gates,1,2186
intruding,1,2187
blaze,1,2188
o'rerule,1,2189
colleagued,1,2190
conceald,1,2191
flashes,1,2192
pe,1,2193
iumpe,1,2194
reuisits,1,2195
fayl'd,1,2196
life-rend'ring,1,2197
cuplet,1,2198
vsuall,1,2199
partizan,1,2200
waterflie,1,2201
pitteous,1,2202
request,1,2203
disappointed,1,2204
stealing,1,2205
vbique,1,2206
reconcilement,1,2207
daintier,1,2208
tetter,1,2209
foreknowing,1,2210
caution,1,2211
guifts,1,2212
dreines,1,2213
summons,1,2214
seruant,1,2215
serious,1,2216
gamboll,1,2217
stoode,1,2218
enseamed,1,2219
disclaiming,1,2220
perfect,1,2221
warning,1,2222
owle,1,2223
lender,1,2224
imbark't,1,2225
bounded,1,2226
comfort,1,2227
disease,1,2228
loggets,1,2229
rheume,1,2230
exclaim,1,2231
hung,1,2232
ont,1,2233
exactly,1,2234
excuse,1,2235
damnation,1,2236
trauaile,1,2237
rowsed,1,2238
spleenatiue,1,2239
heed,1,2240
illium,1,2241
instance,1,2242
stranger,1,2243
artire,1,2244
frenchman,1,2245
ambassadours,1,2246
narrow,1,2247
reads,1,2248
pettie,1,2249
props,1,2250
because,1,2251
ioynt,1,2252
importun'd,1,2253
purgation,1,2254
strew'd,1,2255
resembles,1,2256
constantly,1,2257
birch,1,2258
forrest,1,2259
skin,1,2260
theme,1,2261
priams,1,2262
worne,1,2263
familiar,1,2264
winnowed,1,2265
dies,1,2266
known,1,2267
gleane,1,2268
presentment,1,2269
auoid,1,2270
bride-bed,1,2271
monthes,1,2272
daysies,1,2273
lucian,1,2274
treble,1,2275
addicted,1,2276
racke,1,2277
malefactions,1,2278
groaning,1,2279
eene,1,2280
insinuation,1,2281
swear't,1,2282
violl,1,2283
ministring,1,2284
dig'd,1,2285
life's,1,2286
pride,1,2287
conueyances,1,2288
envenom,1,2289
newtrall,1,2290
vngorg'd,1,2291
immortall,1,2292
aduenturous,1,2293
lawes,1,2294
herbe-grace,1,2295
formall,1,2296
garlands,1,2297
assis,1,2298
tunes,1,2299
core,1,2300
innouation,1,2301
thinke't,1,2302
vnpreuayling,1,2303
proclaim'd,1,2304
highnesse,1,2305
small,1,2306
arrest,1,2307
departed,1,2308
demanded,1,2309
carries,1,2310
bakt-meats,1,2311
soldiours,1,2312
mazard,1,2313
meditation,1,2314
perform'd,1,2315
cuckold,1,2316
seiz'd,1,2317
moult,1,2318
boxe,1,2319
rascall,1,2320
stroakes,1,2321
doubts,1,2322
wish'd,1,2323
roaming,1,2324
occurrents,1,2325
aunt,1,2326
doome,1,2327
farwel,1,2328
ingenious,1,2329
key,1,2330
heraldry,1,2331
riuals,1,2332
dukes,1,2333
wassels,1,2334
readinesse,1,2335
re-deliuer,1,2336
beer,1,2337
o'retooke,1,2338
tother,1,2339
luxury,1,2340
vngalled,1,2341
rashnesse,1,2342
vanquisher,1,2343
attends,1,2344
wag'd,1,2345
hate,1,2346
neglect,1,2347
murthers,1,2348
willes,1,2349
truncheons,1,2350
wholsom,1,2351
vnmanly,1,2352
dropping,1,2353
hop'd,1,2354
foile,1,2355
seasons,1,2356
goblin,1,2357
fiers,1,2358
enemie,1,2359
thaw,1,2360
ponderous,1,2361
beauties,1,2362
distinguish,1,2363
hoby-horse,1,2364
claime,1,2365
inch,1,2366
imminent,1,2367
fresh,1,2368
lock'd,1,2369
satyricall,1,2370
theft,1,2371
barke,1,2372
ban,1,2373
poet,1,2374
imploy,1,2375
waxe,1,2376
beleefe,1,2377
rant,1,2378
paconcies,1,2379
conceiue,1,2380
contrary,1,2381
pox,1,2382
grisly,1,2383
performance,1,2384
feeles,1,2385
siz'd,1,2386
adieu,1,2387
foredoes,1,2388
enmity,1,2389
firme,1,2390
rendeuous,1,2391
distant,1,2392
diuided,1,2393
consonancy,1,2394
retrograde,1,2395
tweakes,1,2396
manner,1,2397
eight,1,2398
tread,1,2399
peebles,1,2400
indifferently,1,2401
assumes,1,2402
infects,1,2403
cleaue,1,2404
moore,1,2405
won,1,2406
plentifull,1,2407
distresse,1,2408
congregation,1,2409
hyperions,1,2410
carefully,1,2411
strength,1,2412
vnnaneld,1,2413
slender,1,2414
yesterday,1,2415
matrons,1,2416
wombe,1,2417
stopp,1,2418
ouer-happy,1,2419
annexment,1,2420
adioyn'd,1,2421
blunted,1,2422
especiall,1,2423
sheene,1,2424
iocond,1,2425
encorps't,1,2426
scorne,1,2427
centinels,1,2428
stung,1,2429
coynage,1,2430
accounted,1,2431
vnequall,1,2432
garland,1,2433
conception,1,2434
clap't,1,2435
dupt,1,2436
dispriz'd,1,2437
reach,1,2438
bels,1,2439
fetters,1,2440
imediate,1,2441
fancie,1,2442
allegeance,1,2443
vniuersity,1,2444
publike,1,2445
decayer,1,2446
a-foot,1,2447
english,1,2448
parle,1,2449
easterne,1,2450
counterfet,1,2451
hedge,1,2452
impasted,1,2453
plum-tree,1,2454
ducate,1,2455
fought,1,2456
primrose,1,2457
sift,1,2458
valour,1,2459
sprindge,1,2460
princes,1,2461
porches,1,2462
sere,1,2463
impious,1,2464
busines,1,2465
arrests,1,2466
vnproportion'd,1,2467
hastie,1,2468
crooke,1,2469
folly,1,2470
case,1,2471
o're-swaies,1,2472
vtter,1,2473
filme,1,2474
hillo,1,2475
fiue,1,2476
womens,1,2477
thorny,1,2478
blackest,1,2479
a-dreames,1,2480
ser,1,2481
oppressors,1,2482
prick'd,1,2483
grinding,1,2484
plaine,1,2485
cart,1,2486
chances,1,2487
churchyards,1,2488
sanctity,1,2489
vtterance,1,2490
horson,1,2491
numbers,1,2492
greeued,1,2493
transformation,1,2494
graue-making,1,2495
grant,1,2496
origin,1,2497
shent,1,2498
afflict,1,2499
lawful,1,2500
reaks,1,2501
consider'd,1,2502
poysoning,1,2503
naue,1,2504
smart,1,2505
winking,1,2506
contract,1,2507
barren,1,2508
nods,1,2509
wing,1,2510
paine,1,2511
chronicles,1,2512
flatter'd,1,2513
howsoeuer,1,2514
iuyce,1,2515
dally,1,2516
touch'd,1,2517
ostentation,1,2518
coniunctiue,1,2519
grone,1,2520
exact,1,2521
valentines,1,2522
lippes,1,2523
nere,1,2524
yesty,1,2525
marriages,1,2526
soueraignty,1,2527
garbage,1,2528
strugling,1,2529
crust,1,2530
knowest,1,2531
dawning,1,2532
sheepe,1,2533
superuize,1,2534
alarme,1,2535
incenst,1,2536
probation,1,2537
comment,1,2538
germaine,1,2539
fretted,1,2540
boord,1,2541
prison-house,1,2542
vngartred,1,2543
curles,1,2544
years,1,2545
moued,1,2546
springes,1,2547
beere-barrell,1,2548
courteous,1,2549
kindles,1,2550
fool,1,2551
scandall,1,2552
spheres,1,2553
scuffling,1,2554
affraide,1,2555
iustice,1,2556
parchment,1,2557
sinners,1,2558
controuersie,1,2559
higher,1,2560
link'd,1,2561
ope,1,2562
implorators,1,2563
vntimely,1,2564
strings,1,2565
burthen,1,2566
talk'd,1,2567
graue-makers,1,2568
tragicall-historicall,1,2569
christians,1,2570
true-loue,1,2571
flie,1,2572
fearfull,1,2573
quillets,1,2574
leaperous,1,2575
clambring,1,2576
pleasing,1,2577
artlesse,1,2578
a-crosse,1,2579
seed,1,2580
knight,1,2581
prompted,1,2582
enurn'd,1,2583
sextons,1,2584
matine,1,2585
englands,1,2586
cliffe,1,2587
girdle,1,2588
trouble,1,2589
adam,1,2590
sorts,1,2591
vttered,1,2592
coniuration,1,2593
forestall,1,2594
nutshell,1,2595
obeyes,1,2596
shardes,1,2597
outherod's,1,2598
betoken,1,2599
leuied,1,2600
bleede,1,2601
regard,1,2602
fencing,1,2603
payed,1,2604
hart,1,2605
pester,1,2606
mole,1,2607
tricks,1,2608
broken,1,2609
warrantie,1,2610
frighted,1,2611
crye,1,2612
vile,1,2613
stye,1,2614
alarum,1,2615
cryed,1,2616
canoniz'd,1,2617
knaues,1,2618
resolutes,1,2619
reuolution,1,2620
iigge-maker,1,2621
sprinkle,1,2622
gis,1,2623
answers,1,2624
cracke,1,2625
tragicall-comicall-historicall-pastorall,1,2626
pile,1,2627
faining,1,2628
lids,1,2629
courses,1,2630
sheep-skinnes,1,2631
brest,1,2632
carters,1,2633
happinesse,1,2634
obseru'd,1,2635
loses,1,2636
ladiship,1,2637
vnshaped,1,2638
vision,1,2639
drink,1,2640
better'd,1,2641
laps't,1,2642
mixture,1,2643
reuennew,1,2644
shrow'd,1,2645
foode,1,2646
glow,1,2647
honourd,1,2648
boystrous,1,2649
aspect,1,2650
fallies,1,2651
cleerely,1,2652
sute,1,2653
leaps,1,2654
sancturize,1,2655
northerly,1,2656
grasse-greene,1,2657
compulsiue,1,2658
waites,1,2659
lyest,1,2660
portall,1,2661
promontory,1,2662
vnseale,1,2663
trippingly,1,2664
mend,1,2665
assaies,1,2666
giued,1,2667
th'hyrcanian,1,2668
shoone,1,2669
yonger,1,2670
humorous,1,2671
slight,1,2672
ne're,1,2673
warmes,1,2674
rebuke,1,2675
becke,1,2676
whereas,1,2677
barr'd,1,2678
fearing,1,2679
eldest,1,2680
iemme,1,2681
delicate,1,2682
towring,1,2683
propertie,1,2684
honie,1,2685
abilitie,1,2686
nero,1,2687
passages,1,2688
bread,1,2689
payes,1,2690
tinct,1,2691
extremity,1,2692
paddocke,1,2693
solid,1,2694
directions,1,2695
handsaw,1,2696
grandsire,1,2697
lodge,1,2698
find'st,1,2699
boades,1,2700
vapours,1,2701
preparations,1,2702
melodious,1,2703
reuerted,1,2704
deepely,1,2705
stew'd,1,2706
flaggon,1,2707
bisson,1,2708
wisenesse,1,2709
orizons,1,2710
villaines,1,2711
mony,1,2712
amber,1,2713
sliuer,1,2714
spight,1,2715
death's,1,2716
prate,1,2717
thereon,1,2718
iibes,1,2719
asleepe,1,2720
progresse,1,2721
hallow'd,1,2722
history,1,2723
dotes,1,2724
pawse,1,2725
waile,1,2726
beautified,1,2727
yeomans,1,2728
vnschool'd,1,2729
meaning,1,2730
temple,1,2731
knauery,1,2732
customary,1,2733
thether,1,2734
carbuncles,1,2735
reechie,1,2736
innocent,1,2737
strewments,1,2738
hazard,1,2739
ship,1,2740
comerce,1,2741
stomacke,1,2742
placed,1,2743
sinnewes,1,2744
built,1,2745
quietly,1,2746
shrowding-sheete,1,2747
weighing,1,2748
sadly,1,2749
gau't,1,2750
nobility,1,2751
sement,1,2752
horat,1,2753
damnable,1,2754
obsequies,1,2755
tertia,1,2756
lipps,1,2757
shreds,1,2758
tokens,1,2759
picked,1,2760
iulius,1,2761
dislike,1,2762
deckt,1,2763
shoo,1,2764
gardiners,1,2765
incensed,1,2766
backward,1,2767
beggard,1,2768
pronounce,1,2769
frailty,1,2770
truster,1,2771
compell'd,1,2772
bands,1,2773
sallery,1,2774
cautell,1,2775
smiles,1,2776
records,1,2777
poland,1,2778
seate,1,2779
apale,1,2780
knocking,1,2781
baptista,1,2782
fixion,1,2783
primus,1,2784
prais'd,1,2785
drinking,1,2786
surrender,1,2787
sighe,1,2788
resolue,1,2789
deserue,1,2790
disperate,1,2791
conuerse,1,2792
wearing,1,2793
directly,1,2794
coward,1,2795
hellish,1,2796
cannons,1,2797
out-breake,1,2798
gauled,1,2799
highest,1,2800
y,1,2801
be-ratled,1,2802
lodg'd,1,2803
gratis,1,2804
sweepe,1,2805
resemble,1,2806
mowes,1,2807
knew'st,1,2808
auouch,1,2809
varnish,1,2810
dore,1,2811
substance,1,2812
deuices,1,2813
louer,1,2814
discouery,1,2815
browes,1,2816
hopes,1,2817
bloodie,1,2818
pursued,1,2819
hoby-horsse,1,2820
ratified,1,2821
cue,1,2822
monument,1,2823
whiles,1,2824
gyant-like,1,2825
chopfalne,1,2826
drie,1,2827
blastments,1,2828
inexplicable,1,2829
banke,1,2830
promise-cramm'd,1,2831
glares,1,2832
moones,1,2833
accesse,1,2834
compleat,1,2835
purport,1,2836
mourn'd,1,2837
casuall,1,2838
frost,1,2839
sprung,1,2840
acted,1,2841
forgone,1,2842
breakes,1,2843
fierie,1,2844
monstrous,1,2845
wonder-wounded,1,2846
eielids,1,2847
thought-sicke,1,2848
trick'd,1,2849
weigh,1,2850
nobler,1,2851
antiquity,1,2852
abridgements,1,2853
alijs,1,2854
vouch,1,2855
sconce,1,2856
minister,1,2857
westward,1,2858
flattering,1,2859
paule,1,2860
concernings,1,2861
hunts,1,2862
hauiour,1,2863
o'reway,1,2864
wauing,1,2865
contents,1,2866
laboured,1,2867
limed,1,2868
blench,1,2869
yorick,1,2870
preaching,1,2871
work,1,2872
protestation,1,2873
vacancie,1,2874
button,1,2875
lewdnesse,1,2876
cowards,1,2877
wilfully,1,2878
expence,1,2879
mockery,1,2880
widdow,1,2881
crowners,1,2882
intill,1,2883
do'st,1,2884
offall,1,2885
lightest,1,2886
nephew,1,2887
purchases,1,2888
truepenny,1,2889
vnmatch'd,1,2890
winkes,1,2891
seales,1,2892
repulsed,1,2893
conference,1,2894
rough-hew,1,2895
bugges,1,2896
wisedomes,1,2897
remedie,1,2898
danskers,1,2899
supply,1,2900
mistooke,1,2901
weight,1,2902
idoll,1,2903
perpend,1,2904
actions,1,2905
enters,1,2906
screen'd,1,2907
smoothnesse,1,2908
prophanely,1,2909
appointment,1,2910
mone,1,2911
vnhatch't,1,2912
assault,1,2913
expend,1,2914
fates,1,2915
bountie,1,2916
wounded,1,2917
hecticke,1,2918
flagons,1,2919
chorus,1,2920
wharfe,1,2921
bleed,1,2922
scann'd,1,2923
greeted,1,2924
fruites,1,2925
accord,1,2926
boule,1,2927
bray,1,2928
theater,1,2929
possest,1,2930
incest,1,2931
debate,1,2932
offend,1,2933
daysie,1,2934
dallying,1,2935
basenesse,1,2936
trifle,1,2937
esteem'd,1,2938
chaunted,1,2939
prenominate,1,2940
prosperously,1,2941
denmarkes,1,2942
bespeake,1,2943
compasse,1,2944
within's,1,2945
possession,1,2946
non,1,2947
proud,1,2948
moderate,1,2949
borrower,1,2950
respeaking,1,2951
stockings,1,2952
pick'd,1,2953
define,1,2954
crash,1,2955
barbars,1,2956
whats,1,2957
vnfledg'd,1,2958
monarchs,1,2959
ioyntly,1,2960
exits,1,2961
amble,1,2962
sect,1,2963
choice,1,2964
priuate,1,2965
indite,1,2966
rauen,1,2967
minute,1,2968
vngracious,1,2969
benetted,1,2970
puft,1,2971
eaten,1,2972
exception,1,2973
cataplasme,1,2974
denmark,1,2975
sawes,1,2976
slanders,1,2977
doublet,1,2978
elder,1,2979
regards,1,2980
boyes,1,2981
sighes,1,2982
decline,1,2983
patch,1,2984
behold,1,2985
learning,1,2986
lads,1,2987
hammers,1,2988
center,1,2989
thank,1,2990
stops,1,2991
euerlasting,1,2992
mortiz'd,1,2993
lofty,1,2994
plaist'ring,1,2995
responsiue,1,2996
puppets,1,2997
wast,1,2998
bended,1,2999
gold,1,3000
mirrour,1,3001
weepes,1,3002
torches,1,3003
sanctified,1,3004
poure,1,3005
beshrew,1,3006
seuen,1,3007
sadnesse,1,3008
woodcocks,1,3009
lawyer,1,3010
vnimproued,1,3011
claudius,1,3012
shockes,1,3013
shoue,1,3014
fore-stalled,1,3015
recount,1,3016
rights,1,3017
comutuall,1,3018
vnpegge,1,3019
springs,1,3020
crownes,1,3021
adams,1,3022
essentially,1,3023
pour'd,1,3024
remembred,1,3025
dismantled,1,3026
follow'd,1,3027
intend,1,3028
hum,1,3029
fox,1,3030
reckoning,1,3031
replication,1,3032
grained,1,3033
allow,1,3034
sixeteene,1,3035
need,1,3036
sowing,1,3037
warres,1,3038
partiall,1,3039
battery,1,3040
lethe,1,3041
touches,1,3042
deceiued,1,3043
stealers,1,3044
pastoricall-comicall-historicall-pastorall,1,3045
turfe,1,3046
millions,1,3047
sworn't,1,3048
dosen,1,3049
dire,1,3050
lone,1,3051
adiew,1,3052
cell,1,3053
aduantage,1,3054
clad,1,3055
withdrew,1,3056
contagious,1,3057
temperance,1,3058
sickly,1,3059
defect,1,3060
forfeite,1,3061
extreamity,1,3062
warm'd,1,3063
pagan,1,3064
weapons,1,3065
strumpet-fortune,1,3066
vneffectuall,1,3067
trifling,1,3068
pursie,1,3069
ore-teamed,1,3070
hadst,1,3071
taint,1,3072
offices,1,3073
pendant,1,3074
pinch,1,3075
hatch,1,3076
combined,1,3077
spectators,1,3078
tennis,1,3079
borrowing,1,3080
extinct,1,3081
herald,1,3082
frowningly,1,3083
opinion,1,3084
murthered,1,3085
obseruation,1,3086
tutor,1,3087
condolement,1,3088
strife,1,3089
bonet,1,3090
student,1,3091
saint,1,3092
ministers,1,3093
pelion,1,3094
wittemberge,1,3095
haue't,1,3096
curiously,1,3097
coronet,1,3098
claimes,1,3099
poor,1,3100
iaw,1,3101
prouerbe,1,3102
denote,1,3103
quintessence,1,3104
stiffely,1,3105
lightnesse,1,3106
ore-crowes,1,3107
vnkennell,1,3108
kinne,1,3109
finis,1,3110
lists,1,3111
challice,1,3112
somewhat,1,3113
adheres,1,3114
walkt,1,3115
attent,1,3116
yesternight,1,3117
caps,1,3118
foul'd,1,3119
mistake,1,3120
deiect,1,3121
vnwholsome,1,3122
forgetting,1,3123
lions,1,3124
bated,1,3125
necessaries,1,3126
organe,1,3127
rosincran,1,3128
ratifiers,1,3129
sokes,1,3130
tride,1,3131
aside,1,3132
sea-gowne,1,3133
speeches,1,3134
practise,1,3135
clowds,1,3136
faction,1,3137
ayry,1,3138
hyes,1,3139
commanded,1,3140
pins,1,3141
checking,1,3142
determine,1,3143
inclin'd,1,3144
dirge,1,3145
heauen-kissing,1,3146
admirable,1,3147
freeze,1,3148
colours,1,3149
diligence,1,3150
starling,1,3151
heres,1,3152
willow,1,3153
cloath,1,3154
coming,1,3155
drossie,1,3156
interim's,1,3157
moods,1,3158
gumme,1,3159
sauory,1,3160
priuates,1,3161
gently,1,3162
slaues,1,3163
hypocrites,1,3164
prowd,1,3165
sequell,1,3166
phoebus,1,3167
proiect,1,3168
throughly,1,3169
maker,1,3170
element,1,3171
rusty,1,3172
secricie,1,3173
suruiuer,1,3174
seated,1,3175
nettles,1,3176
mouing,1,3177
guards,1,3178
wax,1,3179
bloodily,1,3180
perseuer,1,3181
replies,1,3182
stroke,1,3183
carrying,1,3184
prating,1,3185
winner,1,3186
insolence,1,3187
ocean,1,3188
king's,1,3189
witch,1,3190
looser,1,3191
roasted,1,3192
primall,1,3193
gidge,1,3194
trespasse,1,3195
weakest,1,3196
choppine,1,3197
altitude,1,3198
tragedians,1,3199
capitol,1,3200
pardon't,1,3201
cyclops,1,3202
riotous,1,3203
amaze,1,3204
obseruers,1,3205
field,1,3206
muddy-metled,1,3207
notes,1,3208
commencement,1,3209
laine,1,3210
amaz'd,1,3211
speaks,1,3212
tropically,1,3213
virgin,1,3214
whence,1,3215
turke,1,3216
vnfortified,1,3217
staires,1,3218
folded,1,3219
fiends,1,3220
hugger,1,3221
six,1,3222
drum,1,3223
yawne,1,3224
tong,1,3225
waues,1,3226
offends,1,3227
gauntlets,1,3228
reform'd,1,3229
scanter,1,3230
carue,1,3231
murdrous,1,3232
shrewdly,1,3233
abuse,1,3234
threatning,1,3235
sister's,1,3236
mindes,1,3237
she's,1,3238
se,1,3239
dismay,1,3240
dil'd,1,3241
exceedingly,1,3242
personall,1,3243
conclusions,1,3244
plye,1,3245
foolery,1,3246
mutine,1,3247
confines,1,3248
calfe,1,3249
noted,1,3250
certaintie,1,3251
vnpolluted,1,3252
pittious,1,3253
knowe,1,3254
range,1,3255
complie,1,3256
honying,1,3257
deeds,1,3258
vnsanctified,1,3259
medicine,1,3260
hearke,1,3261
instantly,1,3262
humble,1,3263
politician,1,3264
o'remaster't,1,3265
standing,1,3266
slay,1,3267
betimes,1,3268
whore,1,3269
hiperion,1,3270
rore,1,3271
pons,1,3272
rite,1,3273
damne,1,3274
mould,1,3275
proceeding,1,3276
lugge,1,3277
respects,1,3278
posset,1,3279
whor'd,1,3280
cutpurse,1,3281
expostulate,1,3282
grating,1,3283
lonelinesse,1,3284
quarelling,1,3285
bait,1,3286
showes,1,3287
re-word,1,3288
crib,1,3289
hollow,1,3290
vnprofitable,1,3291
kil'd,1,3292
milche,1,3293
iaw-bone,1,3294
shirt,1,3295
intreate,1,3296
cleare,1,3297
woodcocke,1,3298
conqueror,1,3299
disclose,1,3300
doom'd,1,3301
striking,1,3302
beetles,1,3303
nimph,1,3304
a-sleepe,1,3305
serue,1,3306
cuffes,1,3307
souldiers,1,3308
contumely,1,3309
circumuent,1,3310
steale,1,3311
ayrie,1,3312
traitorous,1,3313
iangled,1,3314
remisse,1,3315
sweets,1,3316
practises,1,3317
perfume,1,3318
videlicet,1,3319
branches,1,3320
cape,1,3321
fret,1,3322
vnhouzzled,1,3323
malicho,1,3324
coap'd,1,3325
vanisht,1,3326
deliberate,1,3327
audit,1,3328
vnhappily,1,3329
afternoone,1,3330
hidious,1,3331
search,1,3332
simple,1,3333
stirring,1,3334
marble,1,3335
thicker,1,3336
a-downe-a,1,3337
wantonnesse,1,3338
contracted,1,3339
showres,1,3340
massie,1,3341
pioner,1,3342
lot,1,3343
robin,1,3344
whine,1,3345
contraction,1,3346
closely,1,3347
paradox,1,3348
veyled,1,3349
dalliance,1,3350
aslant,1,3351
acquittance,1,3352
clothes,1,3353
declining,1,3354
hoodman-blinde,1,3355
honors,1,3356
north-west,1,3357
vnholy,1,3358
sandal,1,3359
hermony,1,3360
stuck,1,3361
sharpe,1,3362
stalke,1,3363
brutus,1,3364
shriuing,1,3365
coppied,1,3366
easie,1,3367
breadth,1,3368
companions,1,3369
trophies,1,3370
knowing,1,3371
flints,1,3372
moreouer,1,3373
roofe,1,3374
stubbornnesse,1,3375
elsenour,1,3376
feele,1,3377
portraiture,1,3378
calumnious,1,3379
inuites,1,3380
preparation,1,3381
occulted,1,3382
sulphurous,1,3383
witching,1,3384
flaw,1,3385
fac'd,1,3386
remorselesse,1,3387
snatches,1,3388
strick'd,1,3389
streets,1,3390
boorded,1,3391
porpentine,1,3392
dominions,1,3393
gen,1,3394
halt,1,3395
famous,1,3396
yonder,1,3397
ship-wrights,1,3398
holding,1,3399
driues,1,3400
stopping,1,3401
redeliuer,1,3402
conuersation,1,3403
pyrate,1,3404
eies,1,3405
emperor,1,3406
blurres,1,3407
ore,1,3408
shold,1,3409
maruellous,1,3410
answered,1,3411
duties,1,3412
protests,1,3413
roman,1,3414
dungeons,1,3415
sodainely,1,3416
behauior,1,3417
vnlimited,1,3418
haile,1,3419
ouercome,1,3420
cat,1,3421
conquest,1,3422
cases,1,3423
suspiration,1,3424
stopes,1,3425
cressant,1,3426
mincing,1,3427
sollemne,1,3428
steals,1,3429
pictures,1,3430
plac'd,1,3431
toyles,1,3432
quoted,1,3433
stages,1,3434
reuels,1,3435
operant,1,3436
trace,1,3437
fauourites,1,3438
peale,1,3439
iade,1,3440
haunt,1,3441
reuerend,1,3442
bites,1,3443
knockt,1,3444
murdering,1,3445
wracke,1,3446
storie,1,3447
extrauagant,1,3448
vndertakings,1,3449
path,1,3450
a-worke,1,3451
goose-quils,1,3452
host,1,3453
pernicious,1,3454
husbandry,1,3455
petty,1,3456
sulleyes,1,3457
tristfull,1,3458
considered,1,3459
scornes,1,3460
deerest,1,3461
iowles,1,3462
out-stretcht,1,3463
prouoke,1,3464
vnshaken,1,3465
detecting,1,3466
gramercy,1,3467
female,1,3468
happen,1,3469
necessitie,1,3470
well-tooke,1,3471
retyrement,1,3472
ardure,1,3473
mutines,1,3474
maruell,1,3475
i'thsunne,1,3476
dreadfully,1,3477
fruite,1,3478
supposall,1,3479
clemencie,1,3480
passions,1,3481
chariest,1,3482
needes,1,3483
losse,1,3484
faile,1,3485
vnrung,1,3486
winne,1,3487
suck't,1,3488
normandy,1,3489
absolute,1,3490
multitude,1,3491
split,1,3492
twer,1,3493
ossa,1,3494
trappings,1,3495
gape,1,3496
humanity,1,3497
belou'd,1,3498
vulcans,1,3499
forged,1,3500
inheritance,1,3501
wring,1,3502
lunacie,1,3503
spacious,1,3504
polake,1,3505
messe,1,3506
signet,1,3507
speechlesse,1,3508
babe,1,3509
broakers,1,3510
forraigne,1,3511
belieue,1,3512
creepe,1,3513
battalians,1,3514
greeues,1,3515
mellow,1,3516
feeling,1,3517
heaues,1,3518
realme,1,3519
brainish,1,3520
heele,1,3521
worlds,1,3522
doest,1,3523
saying,1,3524
stalkes,1,3525
vsurp'st,1,3526
betters,1,3527
gins,1,3528
back,1,3529
recklesse,1,3530
dogges,1,3531
reforme,1,3532
hoo,1,3533
drooping,1,3534
iournies,1,3535
compulsatiue,1,3536
asham'd,1,3537
likeliehood,1,3538
bedrid,1,3539
declines,1,3540
holdst,1,3541
rebels,1,3542
hush,1,3543
comrade,1,3544
turbulent,1,3545
rashly,1,3546
torrent,1,3547
appurtenance,1,3548
duls,1,3549
forgotten,1,3550
maimed,1,3551
vnwilling,1,3552
quake,1,3553
scarsely,1,3554
guarded,1,3555
rate,1,3556
myraculous,1,3557
scratcht,1,3558
nill,1,3559
glean'd,1,3560
reputation,1,3561
ake,1,3562
therfore,1,3563
to'th,1,3564
conuenience,1,3565
vnuallued,1,3566
leane,1,3567
lifted,1,3568
roses,1,3569
impresse,1,3570
pursuest,1,3571
machine,1,3572
maintains,1,3573
vlcerous,1,3574
tatters,1,3575
beckons,1,3576
fennell,1,3577
out-liue,1,3578
shewne,1,3579
gall'd,1,3580
approue,1,3581
theeues,1,3582
tediousnesse,1,3583
stale,1,3584
earthly,1,3585
compounded,1,3586
comply,1,3587
vncharge,1,3588
fill,1,3589
reueale,1,3590
healthfull,1,3591
passeth,1,3592
exceed,1,3593
sheets,1,3594
wandring,1,3595
adoption,1,3596
likenesse,1,3597
abstinence,1,3598
breach,1,3599
escorted,1,3600
cockle,1,3601
inhibition,1,3602
tryalls,1,3603
habit,1,3604
offenders,1,3605
bonny,1,3606
angry,1,3607
affayre,1,3608
calumny,1,3609
profession,1,3610
fain,1,3611
priuy,1,3612
sober,1,3613
boudge,1,3614
shooke,1,3615
o'recame,1,3616
beame,1,3617
perceiue,1,3618
possesse,1,3619
bunghole,1,3620
harlots,1,3621
olympus,1,3622
obiect,1,3623
thanks,1,3624
purg'd,1,3625
finds,1,3626
tast,1,3627
armours,1,3628
tythe,1,3629
skyish,1,3630
actiuely,1,3631
praier,1,3632
articles,1,3633
abhorred,1,3634
anothers,1,3635
barre,1,3636
bleeding,1,3637
vnbaited,1,3638
costly,1,3639
kingly,1,3640
proceeded,1,3641
rosemary,1,3642
illo,1,3643
imperfections,1,3644
cleft,1,3645
see'st,1,3646
extorted,1,3647
wringing,1,3648
iester,1,3649
hoboyes,1,3650
potion,1,3651
capons,1,3652
tardy,1,3653
bedded,1,3654
gore,1,3655
cauiarie,1,3656
woer,1,3657
triuiall,1,3658
ayde,1,3659
hyre,1,3660
falshood,1,3661
writers,1,3662
impotent,1,3663
happes,1,3664
prize,1,3665
heraldrie,1,3666
aeneas,1,3667
offer'd,1,3668
carnall,1,3669
quiddits,1,3670
containing,1,3671
paint,1,3672
crawling,1,3673
mettels,1,3674
vienna,1,3675
manners,1,3676
cheff,1,3677
line,1,3678
minutes,1,3679
tenants,1,3680
harping,1,3681
bapt,1,3682
seriuce,1,3683
yeeld,1,3684
gibbe,1,3685
quietus,1,3686
study,1,3687
weeke,1,3688
swathing,1,3689
holde,1,3690
surge,1,3691
squeezing,1,3692
attended,1,3693
waight,1,3694
milkie,1,3695
fatnesse,1,3696
weaker,1,3697
fitted,1,3698
importunate,1,3699
vnreclaim'd,1,3700
companies,1,3701
hurling,1,3702
repugnant,1,3703
cheefest,1,3704
folke,1,3705
exprest,1,3706
clutch,1,3707
due,1,3708
drownes,1,3709
annuall,1,3710
moues,1,3711
moode,1,3712
conuocation,1,3713
raine,1,3714
negligence,1,3715
camelions,1,3716
gonzago's,1,3717
ieering,1,3718
hall,1,3719
requit,1,3720
eates,1,3721
visite,1,3722
rank,1,3723
thereunto,1,3724
transforme,1,3725
push,1,3726
cure,1,3727
forbeare,1,3728
dreaded,1,3729
residence,1,3730
indiscretion,1,3731
slander,1,3732
fortified,1,3733
dispatcht,1,3734
infect,1,3735
statists,1,3736
scoena,1,3737
illes,1,3738
quarrell,1,3739
napkin,1,3740
remain,1,3741
pierce,1,3742
whatsoeuer,1,3743
painting,1,3744
hent,1,3745
prepar'd,1,3746
leuell,1,3747
grunt,1,3748
perturbed,1,3749
kicke,1,3750
sparrow,1,3751
burnt,1,3752
praises,1,3753
calmely,1,3754
mightier,1,3755
watcht,1,3756
select,1,3757
color,1,3758
bat,1,3759
smot,1,3760
th'art,1,3761
buyer,1,3762
spies,1,3763
blazes,1,3764
indentures,1,3765
termagant,1,3766
robustious,1,3767
dowrie,1,3768
cousen,1,3769
feete,1,3770
vpshot,1,3771
iohn,1,3772
fruitfull,1,3773
loath,1,3774
cannoneer,1,3775
indirections,1,3776
iudges,1,3777
rowe,1,3778
blossomes,1,3779
soliciting,1,3780
ouerthrowne,1,3781
flies,1,3782
inuestments,1,3783
annoint,1,3784
remaine,1,3785
equiuocation,1,3786
orbe,1,3787
mildew'd,1,3788
countrey,1,3789
pearle,1,3790
abstracts,1,3791
back'd,1,3792
shee,1,3793
fortie,1,3794
endure,1,3795
curd,1,3796
vnskilfull,1,3797
blunt,1,3798
vnknowne,1,3799
whit,1,3800
pollonius,1,3801
prey,1,3802
ordinance,1,3803
fey,1,3804
assure,1,3805
tree,1,3806
garbe,1,3807
outragious,1,3808
nunnerie,1,3809
honor'd,1,3810
cheefely,1,3811
threats,1,3812
cudgell,1,3813
opprest,1,3814
continuall,1,3815
helpfull,1,3816
cerments,1,3817
sipping,1,3818
oare,1,3819
dream't,1,3820
vnnerued,1,3821
villanous,1,3822
cum,1,3823
yases,1,3824
associates,1,3825
ioyntresse,1,3826
planets,1,3827
arraigne,1,3828
raines,1,3829
promise,1,3830
legs,1,3831
modesties,1,3832
compos'd,1,3833
charity,1,3834
strumpet,1,3835
fairely,1,3836
mute,1,3837
perswade,1,3838
scholler,1,3839
howling,1,3840
deluer,1,3841
arrow,1,3842
faiery,1,3843
dipt,1,3844
nickname,1,3845
grosser,1,3846
whet,1,3847
prima,1,3848
weedes,1,3849
erruption,1,3850
bounds,1,3851
dying,1,3852
courb,1,3853
ore-hanging,1,3854
wildenesse,1,3855
lunacies,1,3856
sets,1,3857
repose,1,3858
faded,1,3859
eleuen,1,3860
stubborne,1,3861
forgery,1,3862
cups,1,3863
ditchers,1,3864
asunder,1,3865
stoppes,1,3866
bounteous,1,3867
denmark's,1,3868
harrow,1,3869
god-a-mercy,1,3870
iawes,1,3871
immediate,1,3872
auspicious,1,3873
sounds,1,3874
confront,1,3875
dilated,1,3876
blanke,1,3877
wooes,1,3878
to't,1,3879
quickly,1,3880
pound,1,3881
steps,1,3882
vnmannerly,1,3883
strutted,1,3884
ambiguous,1,3885
padling,1,3886
summe,1,3887
changeling,1,3888
vnrighteous,1,3889
especial,1,3890
deserued,1,3891
forward,1,3892
wold,1,3893
quilles,1,3894
sterne,1,3895
perceiued,1,3896
pul'd,1,3897
befalne,1,3898
pollax,1,3899
grasse,1,3900
animals,1,3901
ore-stop,1,3902
cou'nant,1,3903
cursing,1,3904
divulging,1,3905
gyues,1,3906
thereabout,1,3907
agreeing,1,3908
philosophie,1,3909
hardy,1,3910
amisse,1,3911
baudry,1,3912
hebenon,1,3913
stickes,1,3914
vpspring,1,3915
daughters,1,3916
tenures,1,3917
sundaies,1,3918
flights,1,3919
except,1,3920
synod,1,3921
antike,1,3922
strew,1,3923
perfections,1,3924
perusall,1,3925
staffe,1,3926
scapes,1,3927
respect,1,3928
froward,1,3929
feather,1,3930
bookes,1,3931
beautied,1,3932
seat,1,3933
panders,1,3934
shippe,1,3935
mercurie,1,3936
violet,1,3937
corporall,1,3938
imagine,1,3939
kissing,1,3940
bawd,1,3941
combate,1,3942
bodykins,1,3943
inquiry,1,3944
hilts,1,3945
libertie,1,3946
lamound,1,3947
k,1,3948
indiuidible,1,3949
opposite,1,3950
coole,1,3951
wrath,1,3952
tan'd,1,3953
yeelding,1,3954
conuoy,1,3955
frend,1,3956
wheaten,1,3957
droppings,1,3958
grones,1,3959
lispe,1,3960
dearest,1,3961
orewhelm,1,3962
radiant,1,3963
cloake,1,3964
deuice,1,3965
glow-worme,1,3966
ther's,1,3967
ending,1,3968
draughts,1,3969
courtesie,1,3970
shepheards,1,3971
hecats,1,3972
acquaint,1,3973
guiltlesse,1,3974
toyle,1,3975
moity,1,3976
nerue,1,3977
contriuing,1,3978
scarce,1,3979
rapsidie,1,3980
stones,1,3981
claudio,1,3982
worst,1,3983
tickled,1,3984
greatnesse,1,3985
trophee,1,3986
sallets,1,3987
sledded,1,3988
soales,1,3989
furnish,1,3990
chace,1,3991
beauer,1,3992
trip,1,3993
esile,1,3994
vnpregnant,1,3995
amis,1,3996
sayest,1,3997
saw't,1,3998
loosed,1,3999
hawke,1,4000
blasting,1,4001
pompe,1,4002
compost,1,4003
rim'd,1,4004
vnkles,1,4005
vncurrant,1,4006
scene,1,4007
sparke,1,4008
company,1,4009
rare,1,4010
mew,1,4011
eterne,1,4012
columbines,1,4013
shortens,1,4014
whipping,1,4015
poysons,1,4016
defie,1,4017
affections,1,4018
remembraunce,1,4019
bare-foot,1,4020
ro,1,4021
amities,1,4022
maist,1,4023
temperately,1,4024
heroes,1,4025
dirty,1,4026
breeder,1,4027
bias,1,4028
mouse-trap,1,4029
document,1,4030
only,1,4031
imaginations,1,4032
punish,1,4033
monday,1,4034
pledge,1,4035
name's,1,4036
strict,1,4037
sonnet,1,4038
fardles,1,4039
ducates,1,4040
tanner,1,4041
beg,1,4042
instrumentall,1,4043
pangs,1,4044
thewes,1,4045
wishes,1,4046
angel,1,4047
new-borne,1,4048
conioyn'd,1,4049
vnmastred,1,4050
yond,1,4051
discord,1,4052
shuffel'd,1,4053
blason,1,4054
verse,1,4055
wards,1,4056
pat,1,4057
knocke,1,4058
tyrant,1,4059
puzels,1,4060
selleredge,1,4061
suffred,1,4062
wrist,1,4063
greekes,1,4064
colaterall,1,4065
bought,1,4066
foiles,1,4067
informe,1,4068
coach,1,4069
choyse,1,4070
aygre,1,4071
among,1,4072
driuen,1,4073
strikes,1,4074
gaine,1,4075
allies,1,4076
load,1,4077
assaid,1,4078
easily,1,4079
obsequious,1,4080
ventiges,1,4081
thirties,1,4082
ominous,1,4083
places,1,4084
reignes,1,4085
gulfe,1,4086
herod,1,4087
erring,1,4088
shrunke,1,4089
secrets,1,4090
statutes,1,4091
wore,1,4092
candied,1,4093
see't,1,4094
hap,1,4095
drowned,1,4096
trulie,1,4097
death-bed,1,4098
hearer,1,4099
carried,1,4100
runs,1,4101
scoenes,1,4102
aduanc'd,1,4103
benefit,1,4104
seneca,1,4105
consummation,1,4106
besides,1,4107
and't,1,4108
play's,1,4109
owner,1,4110
1.player,1,4111
encompassement,1,4112
vgly,1,4113
distilment,1,4114
deuoutly,1,4115
brands,1,4116
blister,1,4117
libertine,1,4118
lacks,1,4119
test,1,4120
shouell,1,4121
pulse,1,4122
gets,1,4123
calues,1,4124
hic,1,4125
affront,1,4126
dishes,1,4127
blasts,1,4128
sindging,1,4129
diuide,1,4130
fretfull,1,4131
post-hast,1,4132
weares,1,4133
remoued,1,4134
knowledge,1,4135
money,1,4136
stowed,1,4137
flash,1,4138
conuey,1,4139
riuet,1,4140
tyrannically,1,4141
ioynt-labourer,1,4142
validitie,1,4143
withers,1,4144
charme,1,4145
prayers,1,4146
fed,1,4147
rac'd,1,4148
hauocke,1,4149
sweaty,1,4150
playd,1,4151
diseas'd,1,4152
purpos'd,1,4153
cabin,1,4154
thereof,1,4155
tellus,1,4156
foh,1,4157
t'would,1,4158
deny'de,1,4159
sables,1,4160
changed,1,4161
churlish,1,4162
hee'l,1,4163
shee's,1,4164
ready,1,4165
permanent,1,4166
circumstances,1,4167
religious,1,4168
drab,1,4169
martiall,1,4170
popt,1,4171
treads,1,4172
hearsed,1,4173
tax,1,4174
vaine,1,4175
bastard,1,4176
indued,1,4177
distemper'd,1,4178
o're-doing,1,4179
duller,1,4180
brazon,1,4181
inmost,1,4182
swaggering,1,4183
magicke,1,4184
drugges,1,4185
opposites,1,4186
batten,1,4187
ennactors,1,4188
drabbing,1,4189
retaine,1,4190
innocculate,1,4191
corrupted,1,4192
rend,1,4193
euidence,1,4194
primy,1,4195
window,1,4196
smelt,1,4197
share,1,4198
chaste,1,4199
ancient,1,4200
blew,1,4201
rots,1,4202
bloude,1,4203
giuers,1,4204
parching,1,4205
bawdy,1,4206
speedier,1,4207
tardie,1,4208
clout,1,4209
dealt,1,4210
vnkinde,1,4211
satyre,1,4212
beauteous,1,4213
globe,1,4214
encombred,1,4215
musty,1,4216
miching,1,4217
trebble,1,4218
calles,1,4219
layes,1,4220
southerly,1,4221
releeued,1,4222
gilded,1,4223
ambass,1,4224
iigge,1,4225
prouinciall,1,4226
deuis'd,1,4227
lier,1,4228
adaies,1,4229
people,1,4230
lanke,1,4231
thereto,1,4232
whispers,1,4233
crie,1,4234
forg'd,1,4235
murtherer,1,4236
enuious,1,4237
hole,1,4238
noblest,1,4239
solidity,1,4240
corner,1,4241
incorrect,1,4242
bethought,1,4243
strook,1,4244
gambals,1,4245
harrowes,1,4246
forgiuenesse,1,4247
worser,1,4248
someuer,1,4249
rouce,1,4250
seuerall,1,4251
spake,1,4252
frends,1,4253
lie,1,4254
mourning,1,4255
calmes,1,4256
augury,1,4257
confin'd,1,4258
pastorall,1,4259
stayes,1,4260
terrible,1,4261
table-booke,1,4262
fortin,1,4263
winters,1,4264
vigour,1,4265
merriment,1,4266
confusion,1,4267
turneth,1,4268
suffering,1,4269
religion,1,4270
al,1,4271
ladie,1,4272
seek,1,4273
eager,1,4274
resort,1,4275
steward,1,4276
beats,1,4277
whereat,1,4278
leaping,1,4279
relatiue,1,4280
deuill,1,4281
vnforc'd,1,4282
leige-men,1,4283
roares,1,4284
iouerney-men,1,4285
frown'd,1,4286
compact,1,4287
vnsmirched,1,4288
combatted,1,4289
questionable,1,4290
breuitie,1,4291
nothings,1,4292
leisure,1,4293
conueyance,1,4294
adores,1,4295
smear'd,1,4296
eternity,1,4297
combination,1,4298
lack'd,1,4299
huge,1,4300
infants,1,4301
hypocrite,1,4302
receiues,1,4303
confederate,1,4304
mountebanke,1,4305
espials,1,4306
different,1,4307
honesty,1,4308
sepulcher,1,4309
abhominably,1,4310
vndiscouered,1,4311
deceiu'd,1,4312
remorse,1,4313
bellow,1,4314
kist,1,4315
romage,1,4316
nonce,1,4317
purer,1,4318
infected,1,4319
greeting,1,4320
gentrie,1,4321
stoupe,1,4322
outliues,1,4323
grand,1,4324
coile,1,4325
stythe,1,4326
israel,1,4327
lecture,1,4328
palpable,1,4329
mainly,1,4330
diseases,1,4331
paiocke,1,4332
fertile,1,4333
rauell,1,4334
world's,1,4335
zone,1,4336
winds,1,4337
bulwarke,1,4338
hore,1,4339
muddied,1,4340
peruse,1,4341
lenton,1,4342
function,1,4343
longed,1,4344
gallant,1,4345
canopy,1,4346
concluded,1,4347
vnmixt,1,4348
mermaid-like,1,4349
defeats,1,4350
two-fold,1,4351
commandment,1,4352
horsebacke,1,4353
crowing,1,4354
halfepeny,1,4355
lockes,1,4356
months,1,4357
proposer,1,4358
flatter,1,4359
sauagenes,1,4360
parts,1,4361
heereafter,1,4362
winch,1,4363
wedding,1,4364
recouery,1,4365
neck,1,4366
carde,1,4367
sustaine,1,4368
extent,1,4369
calue-skinnes,1,4370
article,1,4371
food,1,4372
drag'd,1,4373
impartment,1,4374
bodilesse,1,4375
marrie,1,4376
opposed,1,4377
buy'ye,1,4378
became,1,4379
designe,1,4380
interre,1,4381
somnet,1,4382
twentieth,1,4383
debatement,1,4384
vndoe,1,4385
quarry,1,4386
astonish,1,4387
bubbles,1,4388
hourely,1,4389
loosing,1,4390
enterprizes,1,4391
wood,1,4392
satisfied,1,4393
reuengefull,1,4394
gawdie,1,4395
pestilence,1,4396
message,1,4397
comma,1,4398
inclining,1,4399
cloathes,1,4400
performe,1,4401
o're-throwne,1,4402
gestures,1,4403
steep'd,1,4404
yoricks,1,4405
met,1,4406
absent,1,4407
chanson,1,4408
ar't,1,4409
declension,1,4410
altogether,1,4411
encountred,1,4412
builde,1,4413
sometime,1,4414
clouts,1,4415
croaking,1,4416
helpes,1,4417
hew,1,4418
yaughan,1,4419
didst,1,4420
rot,1,4421
minerall,1,4422
garments,1,4423
goodman,1,4424
sacred,1,4425
bilboes,1,4426
dagger,1,4427
dwelling,1,4428
accuse,1,4429
finger'd,1,4430
obseruant,1,4431
gain-giuing,1,4432
lowest,1,4433
proceed,1,4434
rood,1,4435
dar'st,1,4436
foresaid,1,4437
co-mingled,1,4438
simples,1,4439
angle,1,4440
marching,1,4441
vnbrac'd,1,4442
season'd,1,4443
illume,1,4444
scul,1,4445
imitated,1,4446
recorders,1,4447
coronation,1,4448
town-cryer,1,4449
acting,1,4450
armie,1,4451
abroad,1,4452
orderly,1,4453
pery-wig-pated,1,4454
spokes,1,4455
tumbled,1,4456
estimation,1,4457
releefe,1,4458
president,1,4459
couched,1,4460
rossius,1,4461
inuentors,1,4462
spoakes,1,4463
sunday,1,4464
easier,1,4465
thumbe,1,4466
ayme,1,4467
interpret,1,4468
ielly,1,4469
tyrannous,1,4470
orbed,1,4471
niobe,1,4472
greet,1,4473
mantle,1,4474
strongest,1,4475
coffin,1,4476
importunity,1,4477
amen,1,4478
sanitie,1,4479
determination,1,4480
shew'd,1,4481
o'this,1,4482
proportions,1,4483
bloudy,1,4484
leads,1,4485
outface,1,4486
lunacy,1,4487
space,1,4488
accepts,1,4489
modell,1,4490
affrighted,1,4491
bestil'd,1,4492
sage,1,4493
shatter,1,4494
beseech'd,1,4495
coozenage,1,4496
amb,1,4497
stocke,1,4498
beleeued,1,4499
quicknesse,1,4500
messengers,1,4501
a-downe,1,4502
applaud,1,4503
errors,1,4504
started,1,4505
paris,1,4506
wall,1,4507
feare-surprized,1,4508
leade,1,4509
authorities,1,4510
doe's,1,4511
pitious,1,4512
soil'd,1,4513
leanes,1,4514
fulfill'd,1,4515
curse,1,4516
perillous,1,4517
bout,1,4518
volly,1,4519
coagulate,1,4520
vppon,1,4521
account,1,4522
poem,1,4523
office,1,4524
impittious,1,4525
rule,1,4526
nasty,1,4527
important,1,4528
switzers,1,4529
commendable,1,4530
deske,1,4531
sphere,1,4532
potently,1,4533
rankly,1,4534
hideous,1,4535
setled,1,4536
yon,1,4537
peeuish,1,4538
grossely,1,4539
calme,1,4540
singeth,1,4541
packing,1,4542
write,1,4543
ranck,1,4544
inuite,1,4545
euents,1,4546
prouide,1,4547
organ,1,4548
midnight,1,4549
darke,1,4550
causes,1,4551
deiected,1,4552
denmarks,1,4553
ioyfully,1,4554
sicklied,1,4555
suck'd,1,4556
keep,1,4557
exterior,1,4558
bloudie,1,4559
mornings,1,4560
song,1,4561
bellowed,1,4562
thornes,1,4563
depart,1,4564
mysterie,1,4565
despight,1,4566
sitting,1,4567
defeated,1,4568
conuerted,1,4569
reeles,1,4570
affectation,1,4571
befitted,1,4572
secundus,1,4573
fatted,1,4574
bowts,1,4575
holie,1,4576
coniectures,1,4577
distract,1,4578
lying,1,4579
borrowed,1,4580
say'st,1,4581
playes,1,4582
muddy,1,4583
braz'd,1,4584
reasons,1,4585
deale,1,4586
glassie,1,4587
suiting,1,4588
celebrated,1,4589
peace-parted,1,4590
ly,1,4591
pittied,1,4592
emphasis,1,4593
flats,1,4594
reare,1,4595
o're-heare,1,4596
propheticke,1,4597
insert,1,4598
requite,1,4599
grew,1,4600
bakers,1,4601
raw,1,4602
gentlewoman,1,4603
enuy,1,4604
brood,1,4605
hasten,1,4606
answerest,1,4607
creation,1,4608
entreatments,1,4609
spots,1,4610
rais'd,1,4611
pigeon-liuer'd,1,4612
stirr'd,1,4613
darkest,1,4614
greetings,1,4615
flushing,1,4616
vnyoake,1,4617
drunke,1,4618
hees,1,4619
ago,1,4620
holla,1,4621
stately,1,4622
illusion,1,4623
open'd,1,4624
ayres,1,4625
acquire,1,4626
thunders,1,4627
liu'st,1,4628
calamity,1,4629
inlarg'd,1,4630
prophane,1,4631
liquid,1,4632
relieu'd,1,4633
crab,1,4634
shout,1,4635
admittance,1,4636
passes,1,4637
extant,1,4638
circumscrib'd,1,4639
ouer-peering,1,4640
nipping,1,4641
lockt,1,4642
anckle,1,4643
tempest,1,4644
robe,1,4645
mart,1,4646
heart-ake,1,4647
requiem,1,4648
attractiue,1,4649
polititian,1,4650
swallowed,1,4651
encrease,1,4652
truely,1,4653
solicited,1,4654
depriue,1,4655
caines,1,4656
schoole,1,4657
returneth,1,4658
pocky,1,4659
taske,1,4660
captaine,1,4661
functions,1,4662
hoopes,1,4663
vnsinnowed,1,4664
feates,1,4665
strucken,1,4666
heathen,1,4667
forcing,1,4668
chowgh,1,4669
rabble,1,4670
behind,1,4671
offendendo,1,4672
party,1,4673
prettinesse,1,4674
wrinkled,1,4675
ghosts,1,4676
obscure,1,4677
crosse,1,4678
dole,1,4679
rocke,1,4680
million,1,4681
strengthen,1,4682
sith,1,4683
restore,1,4684
crocodile,1,4685
clamour,1,4686
affear'd,1,4687
lowdly,1,4688
cherube,1,4689
carrion,1,4690
piece,1,4691
reckon,1,4692
parley,1,4693
o're-sized,1,4694
hymen,1,4695
nemian,1,4696
bringing,1,4697
ingag'd,1,4698
license,1,4699
physicke,1,4700
hindges,1,4701
mouth'd,1,4702
doctor,1,4703
behoue,1,4704
satisfaction,1,4705
doing,1,4706
vnknowing,1,4707
masterly,1,4708
o're-hasty,1,4709
shrill-sounding,1,4710
harshly,1,4711
pittifull,1,4712
triumph,1,4713
clowd,1,4714
diddest,1,4715
vnwatch'd,1,4716
thin,1,4717
poesie,1,4718
vnsifted,1,4719
italian,1,4720
swords,1,4721
competent,1,4722
pastors,1,4723
coated,1,4724
incens'd,1,4725
perdie,1,4726
intreated,1,4727
dish,1,4728
noyance,1,4729
wot,1,4730
worth,1,4731
deeme,1,4732
vnweeded,1,4733
william,1,4734
shelfe,1,4735
exployt,1,4736
qualifies,1,4737
milke,1,4738
policie,1,4739
penetrable,1,4740
spilt,1,4741
ran,1,4742
soop-stake,1,4743
gaged,1,4744
knotty,1,4745
surmise,1,4746
neighbour'd,1,4747
strawes,1,4748
windlesses,1,4749
raues,1,4750
goblins,1,4751
struck,1,4752
desirous,1,4753
felicitie,1,4754
patricke,1,4755
anticipation,1,4756
patientlie,1,4757
deuotions,1,4758
impatient,1,4759
euerie,1,4760
compelled,1,4761
remembrances,1,4762
challenger,1,4763
storme,1,4764
counter,1,4765
pickhaxe,1,4766
ore-beares,1,4767
tweene,1,4768
abus'd,1,4769
girle,1,4770
flames,1,4771
profoundest,1,4772
hatchment,1,4773
invulnerable,1,4774
watchmen,1,4775
oppression,1,4776
til,1,4777
front,1,4778
free-footed,1,4779
grounds,1,4780
floud,1,4781
loathsome,1,4782
quaintly,1,4783
dicers,1,4784
rages,1,4785
greenly,1,4786
pickers,1,4787
mining,1,4788
temp'red,1,4789
scant,1,4790
incontinencie,1,4791
euermore,1,4792
plautus,1,4793
damon,1,4794
packet,1,4795
presures,1,4796
loines,1,4797
peake,1,4798
siluer'd,1,4799
indeauour,1,4800
windy,1,4801
denies,1,4802
digested,1,4803
quick-siluer,1,4804
i'de,1,4805
argues,1,4806
purples,1,4807
whiffe,1,4808
louingly,1,4809
feares,1,4810
speedie,1,4811
workes,1,4812
spill's,1,4813
lighted,1,4814
fitting,1,4815
lazar-like,1,4816
captaines,1,4817
rent,1,4818
entreatie,1,4819
vnite,1,4820
powerfully,1,4821
niggard,1,4822
crowner,1,4823
bear't,1,4824
demy-natur'd,1,4825
vnsatisfied,1,4826
appliance,1,4827
crow-flowers,1,4828
carowses,1,4829
letcherous,1,4830
plundge,1,4831
