Word,Frequency,Rank
the,647,1
and,545,2
to,383,3
of,338,4
i,331,5
a,239,6
that,227,7
my,203,8
you,203,9
in,199,10
is,180,11
not,165,12
it,161,13
with,153,14
his,146,15
macb,137,16
be,137,17
your,126,18
our,123,19
haue,122,20
but,120,21
me,113,22
he,110,23
for,109,24
what,106,25
this,104,26
all,96,27
so,96,28
him,90,29
as,89,30
thou,87,31
we,83,32
enter,81,33
which,80,34
are,73,35
will,72,36
they,70,37
shall,68,38
no,67,39
then,63,40
their,62,41
macbeth,62,42
thee,61,43
macd,58,44
vpon,58,45
on,58,46
from,57,47
yet,57,48
thy,56,49
vs,55,50
come,54,51
now,53,52
hath,52,53
at,52,54
king,52,55
more,50,56
rosse,49,57
by,49,58
good,48,59
them,48,60
lady,48,61
would,47,62
time,46,63
was,45,64
do,44,65
her,43,66
who,43,67
if,42,68
did,41,69
should,41,70
like,40,71
when,40,72
say,39,73
there,39,74
were,39,75
make,38,76
lord,38,77
doe,38,78
tis,37,79
or,37,80
must,36,81
where,36,82
done,35,83
let,35,84
ile,35,85
feare,35,86
had,34,87
banquo,34,88
how,34,89
wife,34,90
know,33,91
well,33,92
man,33,93
selfe,32,94
why,32,95
one,32,96
see,31,97
great,31,98
may,31,99
exeunt,30,100
am,30,101
too,30,102
sir,29,103
speake,29,104
night,29,105
lenox,28,106
an,28,107
out,26,108
vp,26,109
mine,26,110
th,26,111
thane,25,112
can,25,113
mal,25,114
such,24,115
nor,24,116
banq,24,117
giue,24,118
those,24,119
blood,23,120
sleepe,23,121
most,23,122
hand,23,123
these,23,124
things,23,125
looke,23,126
scena,22,127
heere,22,128
before,21,129
la,21,130
cawdor,21,131
againe,21,132
till,20,133
doct,20,134
cannot,20,135
death,20,136
nature,20,137
day,19,138
still,19,139
loue,19,140
life,18,141
art,18,142
heart,18,143
both,18,144
macduffe,18,145
heare,18,146
here,17,147
she,17,148
o,17,149
owne,17,150
way,17,151
within,17,152
some,17,153
though,17,154
ha's,17,155
take,17,156
put,16,157
strange,16,158
worthy,16,159
knock,16,160
poore,16,161
son,16,162
nothing,16,163
do's,16,164
men,16,165
euery,16,166
shew,16,167
other,15,168
malc,15,169
bloody,15,170
downe,15,171
ere,15,172
i'th,15,173
goe,15,174
heauen,15,175
thought,15,176
there's,14,177
ayre,14,178
without,14,179
whose,14,180
deed,14,181
against,14,182
name,14,183
could,14,184
dead,14,185
god,13,186
thinke,13,187
neuer,13,188
three,13,189
borne,13,190
o'th,13,191
euer,13,192
much,13,193
none,13,194
exit,13,195
pray,13,196
sword,13,197
haile,13,198
each,13,199
comes,13,200
malcolme,13,201
dare,13,202
thus,13,203
sey,13,204
noble,13,205
made,13,206
father,13,207
onely,12,208
what's,12,209
new,12,210
about,12,211
into,12,212
hands,12,213
scotland,12,214
keepe,12,215
leaue,12,216
bed,12,217
first,12,218
away,11,219
fight,11,220
seruant,11,221
gent,11,222
kings,11,223
else,11,224
euen,11,225
beene,11,226
whom,11,227
eye,11,228
once,11,229
hence,11,230
finde,11,231
eyes,11,232
double,11,233
hold,11,234
wood,11,235
peace,11,236
stand,11,237
place,11,238
liues,11,239
go,11,240
welcome,11,241
morrow,11,242
very,11,243
tell,10,244
thoughts,10,245
duncan,10,246
flye,10,247
sight,10,248
mac,10,249
thine,10,250
seyward,10,251
honor,10,252
grace,10,253
two,10,254
woman,10,255
words,10,256
full,10,257
being,10,258
friends,10,259
face,10,260
beare,10,261
houre,10,262
liue,10,263
call,10,264
false,9,265
last,9,266
macduff,9,267
royall,9,268
highnesse,9,269
hope,9,270
murther,9,271
minde,9,272
thunder,9,273
bring,9,274
get,9,275
businesse,9,276
tyrant,9,277
cry,9,278
head,9,279
further,9,280
old,9,281
fleans,9,282
off,9,283
tongue,9,284
report,9,285
rest,9,286
many,9,287
light,9,288
that's,9,289
lye,9,290
enough,8,291
heard,8,292
knocking,8,293
hell,8,294
fell,8,295
nights,8,296
hast,8,297
dunsinane,8,298
lords,8,299
best,8,300
better,8,301
sorrow,8,302
truth,8,303
hee,8,304
himselfe,8,305
doctor,8,306
sonne,8,307
witches,8,308
england,8,309
does,8,310
is't,8,311
almost,8,312
lesse,8,313
true,8,314
gone,8,315
drinke,8,316
any,8,317
feares,8,318
knowne,8,319
giuen,8,320
present,8,321
hang,8,322
dayes,8,323
rather,8,324
throw,7,325
desire,7,326
bid,7,327
fled,7,328
goes,7,329
while,7,330
children,7,331
sit,7,332
bell,7,333
anon,7,334
thing,7,335
donalbaine,7,336
might,7,337
knowes,7,338
oh,7,339
daggers,7,340
power,7,341
fortune,7,342
ban,7,343
sisters,7,344
state,7,345
vnder,7,346
trouble,7,347
set,7,348
earth,7,349
seeme,7,350
breath,7,351
who's,7,352
meet,7,353
let's,7,354
wee'l,7,355
mur,7,356
shake,7,357
gracious,7,358
shalt,6,359
after,6,360
chamber,6,361
messenger,6,362
helpe,6,363
house,6,364
little,6,365
tyrants,6,366
cold,6,367
please,6,368
fall,6,369
english,6,370
seyton,6,371
fate,6,372
withall,6,373
forth,6,374
another,6,375
through,6,376
left,6,377
lyes,6,378
whence,6,379
would'st,6,380
wisedome,6,381
themselues,6,382
lost,6,383
colours,6,384
vse,6,385
send,6,386
world,6,387
thanes,6,388
word,6,389
mortall,6,390
comming,6,391
round,6,392
doth,6,393
natures,6,394
late,6,395
command,6,396
hearke,6,397
gentle,6,398
powre,6,399
rise,6,400
neere,6,401
angus,6,402
faire,6,403
thence,6,404
issue,6,405
attendants,6,406
deepe,6,407
seene,6,408
makes,6,409
since,6,410
backe,5,411
lay,5,412
honest,5,413
seemes,5,414
murther'd,5,415
reason,5,416
len,5,417
bad,5,418
actus,5,419
title,5,420
comfort,5,421
worst,5,422
faces,5,423
free,5,424
farre,5,425
care,5,426
indeed,5,427
alarum,5,428
foule,5,429
toward,5,430
innocent,5,431
former,5,432
stay,5,433
meeting,5,434
darke,5,435
friend,5,436
thither,5,437
cauldron,5,438
meanes,5,439
said,5,440
horses,5,441
horror,5,442
terrible,5,443
graue,5,444
ment,5,445
receiue,5,446
call'd,5,447
takes,5,448
duties,5,449
spirits,5,450
home,5,451
together,5,452
cause,5,453
eare,5,454
fill,5,455
selues,5,456
feast,5,457
master,5,458
banquo's,5,459
sonnes,5,460
harme,5,461
sound,5,462
thrice,5,463
flourish,5,464
point,5,465
toth,5,466
women,5,467
prima,5,468
certaine,5,469
em,5,470
bene,5,471
health,5,472
country,5,473
safe,5,474
tertia,5,475
soldiers,5,476
purpose,5,477
came,5,478
saw,5,479
answer,5,480
crowne,5,481
thankes,5,482
hostesse,5,483
strong,5,484
mother,5,485
part,5,486
attend,5,487
stands,5,488
secunda,5,489
returne,5,490
ten,5,491
amen,5,492
chance,5,493
strike,5,494
hither,5,495
pleasure,5,496
high,5,497
slaine,5,498
fire,5,499
hee's,5,500
fit,4,501
mes,4,502
water,4,503
macbeths,4,504
glamis,4,505
dy'de,4,506
broke,4,507
all's,4,508
fatall,4,509
approach,4,510
was't,4,511
traitor,4,512
scorne,4,513
yong,4,514
thanke,4,515
yeeld,4,516
note,4,517
something,4,518
breed,4,519
horse,4,520
gainst,4,521
worse,4,522
meane,4,523
here's,4,524
thousand,4,525
owe,4,526
hide,4,527
worke,4,528
blacke,4,529
drumme,4,530
valour,4,531
warre,4,532
glamys,4,533
whole,4,534
ang,4,535
black,4,536
wrought,4,537
murtherers,4,538
ring,4,539
fleance,4,540
prythee,4,541
sure,4,542
sent,4,543
least,4,544
trust,4,545
people,4,546
remember,4,547
keepes,4,548
liu'd,4,549
swift,4,550
pronounce,4,551
stood,4,552
spend,4,553
whiles,4,554
braine,4,555
faith,4,556
bubble,4,557
villaine,4,558
behold,4,559
bold,4,560
sweet,4,561
moue,4,562
winde,4,563
byrnane,4,564
kill'd,4,565
fife,4,566
drum,4,567
golden,4,568
childe,4,569
question,4,570
wee,4,571
alone,4,572
soule,4,573
honors,4,574
dye,4,575
feele,4,576
newes,4,577
end,4,578
play,4,579
perfect,4,580
cheere,4,581
often,4,582
sides,4,583
diuell,4,584
hart,4,585
shame,4,586
speech,4,587
loues,4,588
went,4,589
nine,4,590
alarums,4,591
soules,4,592
appar,4,593
cry'd,4,594
thanks,4,595
young,4,596
start,4,597
due,4,598
husband,4,599
cruell,4,600
performe,4,601
walke,4,602
porter,4,603
scaena,4,604
owle,4,605
pay,4,606
gentlemen,4,607
become,4,608
times,4,609
successe,4,610
dearest,4,611
enemie,4,612
towards,4,613
spoke,4,614
bleed,4,615
seruice,4,616
flight,4,617
knocke,4,618
whether,4,619
giues,4,620
throne,4,621
pale,4,622
laugh,4,623
1.murth,4,624
doubt,4,625
charme,4,626
second,4,627
need,4,628
court,4,629
graces,4,630
promis'd,4,631
heauie,4,632
arme,4,633
paines,4,634
y.sey,4,635
burne,4,636
bosome,4,637
heere's,4,638
castle,4,639
souldier,4,640
on't,4,641
quarta,4,642
seruants,4,643
gate,4,644
act,4,645
worth,4,646
violent,4,647
generall,4,648
valiant,4,649
blow,4,650
heauens,4,651
alas,4,652
hecat,3,653
making,3,654
throat,3,655
watch,3,656
single,3,657
blessing,3,658
shut,3,659
womans,3,660
turne,3,661
contend,3,662
courage,3,663
bones,3,664
long,3,665
cure,3,666
mad,3,667
wilde,3,668
summons,3,669
foole,3,670
quickly,3,671
seeke,3,672
hayle,3,673
hauing,3,674
thick,3,675
lacke,3,676
ill,3,677
body,3,678
o're,3,679
sometime,3,680
wish,3,681
murthers,3,682
didst,3,683
cap,3,684
soone,3,685
yours,3,686
pretty,3,687
countries,3,688
strength,3,689
execution,3,690
greatnesse,3,691
sea,3,692
kill,3,693
knell,3,694
hang'd,3,695
ser,3,696
cath,3,697
kernes,3,698
wing,3,699
sundry,3,700
drop,3,701
iustice,3,702
wayes,3,703
equiuocator,3,704
groomes,3,705
speak'st,3,706
for't,3,707
bird,3,708
fast,3,709
murth,3,710
sexta,3,711
breake,3,712
draw,3,713
ones,3,714
land,3,715
wine,3,716
twenty,3,717
deuill,3,718
if't,3,719
hopes,3,720
cut,3,721
tree,3,722
kinde,3,723
lad,3,724
sprights,3,725
horrible,3,726
dares,3,727
seem'd,3,728
charge,3,729
sights,3,730
faile,3,731
cast,3,732
holy,3,733
close,3,734
marke,3,735
horrid,3,736
aliue,3,737
touch,3,738
growes,3,739
therefore,3,740
speeches,3,741
awake,3,742
wounds,3,743
ride,3,744
birds,3,745
already,3,746
deere,3,747
look'd,3,748
spirit,3,749
torch,3,750
ghost,3,751
eate,3,752
mindes,3,753
spoken,3,754
liege,3,755
suffer,3,756
twere,3,757
queene,3,758
musicke,3,759
boy,3,760
newest,3,761
sunne,3,762
souldiers,3,763
wake,3,764
front,3,765
wherefore,3,766
happy,3,767
hereafter,3,768
beleeue,3,769
host,3,770
been,3,771
sences,3,772
affraid,3,773
winne,3,774
absolute,3,775
boyle,3,776
iust,3,777
halfe,3,778
easie,3,779
aboue,3,780
gentleman,3,781
person,3,782
patience,3,783
labour,3,784
hoboyes,3,785
don't,3,786
ambition,3,787
line,3,788
griefe,3,789
meere,3,790
gods,3,791
office,3,792
affear'd,3,793
scone,3,794
mouncht,3,795
remembrance,3,796
damned,3,797
shadow,3,798
duncane,3,799
quinta,3,800
disease,3,801
vantage,3,802
remoue,3,803
supper,3,804
port,3,805
ye,3,806
lips,3,807
babes,3,808
mallice,3,809
wash,3,810
began,3,811
slaue,3,812
moment,3,813
right,3,814
weare,3,815
shine,3,816
besides,3,817
doore,3,818
mans,3,819
broad,3,820
hard,3,821
knowledge,3,822
misse,3,823
prayers,3,824
open,3,825
loose,3,826
vnnaturall,3,827
others,3,828
treason,3,829
ready,3,830
greater,3,831
pallace,3,832
norweyan,3,833
gashes,3,834
milke,3,835
traitors,3,836
damn'd,3,837
guest,3,838
met,3,839
weyard,3,840
blesse,3,841
hoa,3,842
marching,3,843
roote,3,844
instruments,3,845
goodnight,3,846
castles,3,847
sleep,3,848
applaud,3,849
maiesty,3,850
weyward,3,851
obedience,3,852
warlike,3,853
leysure,3,854
hearts,3,855
vnto,3,856
found,3,857
may'st,3,858
bin,3,859
duncans,3,860
catch,3,861
dismall,3,862
file,3,863
stage,3,864
noyse,3,865
vpon's,2,866
o'that,2,867
defence,2,868
wolfe,2,869
smile,2,870
vs'd,2,871
kingdomes,2,872
enow,2,873
aduice,2,874
shift,2,875
wither'd,2,876
shew'd,2,877
entrance,2,878
weale,2,879
offices,2,880
wee'le,2,881
image,2,882
toyle,2,883
according,2,884
walking,2,885
highly,2,886
has,2,887
ioy,2,888
beate,2,889
filthie,2,890
wear,2,891
toe,2,892
ireland,2,893
banners,2,894
root,2,895
wise,2,896
donal,2,897
stopt,2,898
selfe-same,2,899
leaues,2,900
earnest,2,901
teach,2,902
torches,2,903
could'st,2,904
strangely,2,905
heccats,2,906
rugged,2,907
common,2,908
birnane,2,909
farwell,2,910
patient,2,911
going,2,912
sister,2,913
protest,2,914
rebellious,2,915
dreames,2,916
purge,2,917
vndone,2,918
vanish'd,2,919
addition,2,920
fancies,2,921
witnesse,2,922
heads,2,923
sold,2,924
stirre,2,925
dispatch,2,926
lesser,2,927
yes,2,928
tiger,2,929
pricke,2,930
syllable,2,931
fare,2,932
pious,2,933
moues,2,934
told,2,935
auarice,2,936
doo't,2,937
tyranny,2,938
repose,2,939
humane,2,940
precious,2,941
fathers,2,942
ow'd,2,943
expectation,2,944
wonder,2,945
stones,2,946
wretched,2,947
bosomes,2,948
pitty,2,949
forrest,2,950
known,2,951
longer,2,952
noise,2,953
station,2,954
content,2,955
seywards,2,956
stroakes,2,957
key,2,958
hid,2,959
caldron,2,960
perchance,2,961
foot,2,962
hate,2,963
led,2,964
weigh'd,2,965
order,2,966
beleefe,2,967
supt,2,968
dagger,2,969
adieu,2,970
firme,2,971
succeeding,2,972
donalbane,2,973
cleaue,2,974
shee,2,975
post,2,976
farewell,2,977
beard,2,978
destruction,2,979
manhood,2,980
pace,2,981
sorry,2,982
vanish,2,983
imperiall,2,984
life's,2,985
dreadfull,2,986
dy'd,2,987
remaines,2,988
charg'd,2,989
causes,2,990
fellow,2,991
soueraigne,2,992
chiefe,2,993
whither,2,994
findes,2,995
harmes,2,996
soueraignty,2,997
hit,2,998
wearie,2,999
braines,2,1000
subiect,2,1001
minute,2,1002
feed,2,1003
delight,2,1004
wait,2,1005
ours,2,1006
tale,2,1007
ross,2,1008
regard,2,1009
passion,2,1010
vntimely,2,1011
sticking,2,1012
mock,2,1013
abide,2,1014
pillowes,2,1015
beares,2,1016
sawce,2,1017
sickly,2,1018
adde,2,1019
lecherie,2,1020
confirm'd,2,1021
mercifull,2,1022
ne're,2,1023
guilt,2,1024
trade,2,1025
glasse,2,1026
deny,2,1027
trusted,2,1028
trees,2,1029
esteeme,2,1030
eares,2,1031
manly,2,1032
gall,2,1033
nay,2,1034
smiles,2,1035
holily,2,1036
bond,2,1037
strongly,2,1038
sits,2,1039
beyond,2,1040
calls,2,1041
leaue-taking,2,1042
coward,2,1043
y,2,1044
needes,2,1045
night-gowne,2,1046
lyon,2,1047
woe,2,1048
loyall,2,1049
sinne,2,1050
mirth,2,1051
scruples,2,1052
fly,2,1053
forbid,2,1054
cryes,2,1055
canst,2,1056
minister,2,1057
keene,2,1058
scale,2,1059
sore,2,1060
rings,2,1061
wonne,2,1062
prosperous,2,1063
pardon,2,1064
destroy,2,1065
cries,2,1066
crown'd,2,1067
foes,2,1068
reuolt,2,1069
battlements,2,1070
snake,2,1071
c,2,1072
fury,2,1073
naked,2,1074
seat,2,1075
partner,2,1076
charmed,2,1077
famine,2,1078
too't,2,1079
eaten,2,1080
presence,2,1081
hec,2,1082
fantasticall,2,1083
poure,2,1084
rauen,2,1085
septima,2,1086
starres,2,1087
consequence,2,1088
sicken,2,1089
haunt,2,1090
menteth,2,1091
wel,2,1092
confound,2,1093
ministers,2,1094
gaue,2,1095
houres,2,1096
amaz'd,2,1097
doubtfull,2,1098
mee,2,1099
cosin,2,1100
sinkes,2,1101
haire,2,1102
meate,2,1103
confess'd,2,1104
cursed,2,1105
tongues,2,1106
relate,2,1107
reigne,2,1108
grow,2,1109
ask'd,2,1110
mess,2,1111
field,2,1112
pine,2,1113
foorth,2,1114
cumberland,2,1115
cleane,2,1116
greene,2,1117
seare,2,1118
betimes,2,1119
custome,2,1120
top,2,1121
drowne,2,1122
cleare,2,1123
fiend,2,1124
spring,2,1125
serue,2,1126
song,2,1127
discomfort,2,1128
receiu'd,2,1129
t,2,1130
apparation,2,1131
spight,2,1132
stirring,2,1133
brest,2,1134
clock,2,1135
angels,2,1136
naturall,2,1137
reuenge,2,1138
preparation,2,1139
wilt,2,1140
teares,2,1141
doubts,2,1142
prayses,2,1143
plac'd,2,1144
angell,2,1145
treasons,2,1146
bee,2,1147
tragedie,2,1148
recoyle,2,1149
sing,2,1150
absence,2,1151
asleepe,2,1152
deseru'd,2,1153
sooth,2,1154
tooth,2,1155
awak'd,2,1156
timely,2,1157
nam'd,2,1158
fellowes,2,1159
banquet,2,1160
wit,2,1161
babe,2,1162
euils,2,1163
hearing,2,1164
sightlesse,2,1165
swords,2,1166
heeles,2,1167
seuerall,2,1168
forgotten,2,1169
stuffe,2,1170
lookes,2,1171
slept,2,1172
impresse,2,1173
vnfixe,2,1174
troubles,2,1175
kinsman,2,1176
mens,2,1177
hums,2,1178
seedes,2,1179
blade,2,1180
pull,2,1181
walk'd,2,1182
heath,2,1183
prouokes,2,1184
bleeding,2,1185
dispaire,2,1186
lambe,2,1187
sway,2,1188
tender,2,1189
sleepie,2,1190
truths,2,1191
slow,2,1192
fought,2,1193
swearers,2,1194
prouide,2,1195
braue,2,1196
seize,2,1197
weepe,2,1198
greeue,2,1199
fooles,2,1200
push,2,1201
quarry,2,1202
bat,2,1203
neyther,2,1204
omnes,2,1205
vnknowne,2,1206
march,2,1207
spent,2,1208
folly,2,1209
promise,2,1210
cousin,2,1211
ingredience,2,1212
lodg'd,2,1213
measure,2,1214
steele,2,1215
distance,2,1216
sooner,2,1217
teare,2,1218
season,2,1219
cleere,2,1220
robes,2,1221
kinsmen,2,1222
deeds,2,1223
armes,2,1224
mile,2,1225
the[m,2,1226
rapt,2,1227
iudgement,2,1228
require,2,1229
course,2,1230
gayne,2,1231
numbers,2,1232
madame,2,1233
paid,2,1234
corporall,2,1235
coole,2,1236
mingle,2,1237
begin,2,1238
reade,2,1239
ends,2,1240
direction,2,1241
story,2,1242
became,2,1243
ioyfull,2,1244
plant,2,1245
wants,2,1246
norway,2,1247
spot,2,1248
tooke,2,1249
maiestie,2,1250
murtherer,2,1251
marry,2,1252
strangers,2,1253
confusion,2,1254
wracke,2,1255
finger,2,1256
past,2,1257
charmes,2,1258
wound,2,1259
attempt,2,1260
byrnan,2,1261
ignorant,2,1262
dost,2,1263
table,2,1264
theirs,2,1265
lightning,2,1266
bright,2,1267
spurre,2,1268
continue,2,1269
beware,2,1270
arm'd,2,1271
vpon't,2,1272
danger,2,1273
he's,2,1274
flower,2,1275
deserues,2,1276
estate,2,1277
hill,2,1278
feet,2,1279
edge,2,1280
infected,2,1281
beside,2,1282
carry,2,1283
knife,2,1284
lockes,2,1285
disgrace,2,1286
troubled,2,1287
kisse,2,1288
venom,2,1289
straight,2,1290
message,2,1291
painted,2,1292
fie,2,1293
rebell,2,1294
armor,2,1295
maine,2,1296
firstlings,2,1297
darknesse,2,1298
leafe,2,1299
ground,2,1300
abroad,2,1301
got,2,1302
graues,2,1303
greet,2,1304
begun,2,1305
morning,2,1306
mark'd,2,1307
moone,2,1308
you'l,2,1309
cheekes,2,1310
blame,2,1311
curse,2,1312
cathnes,2,1313
instant,2,1314
accursed,2,1315
lust,2,1316
begge,2,1317
show,2,1318
inuite,2,1319
taylor,2,1320
caution,2,1321
large,2,1322
extasie,2,1323
bought,2,1324
eternall,2,1325
deare,2,1326
commend,2,1327
sawcy,2,1328
frets,2,1329
setting,2,1330
passage,2,1331
vnkle,2,1332
2.murth,2,1333
schoole,2,1334
afraid,2,1335
lies,2,1336
physicke,2,1337
fighting,2,1338
doing,2,1339
sleeping,2,1340
pittifull,2,1341
goodnesse,2,1342
offer,2,1343
brought,2,1344
greatest,2,1345
safer,2,1346
truly,2,1347
wicked,2,1348
malcolm,2,1349
weake,2,1350
forgiue,2,1351
secret,2,1352
descends,2,1353
stop,2,1354
cat,2,1355
prince,2,1356
betweene,2,1357
cling,2,1358
serpent,2,1359
aduise,2,1360
lighted,2,1361
palter,1,1362
rat,1,1363
deliuer,1,1364
voice,1,1365
vertuous,1,1366
surfeted,1,1367
debt,1,1368
beards,1,1369
vizards,1,1370
substances,1,1371
grim,1,1372
indissoluble,1,1373
vplifted,1,1374
maggot,1,1375
appetite,1,1376
slab,1,1377
receit,1,1378
beaten,1,1379
vulture,1,1380
continent,1,1381
nightly,1,1382
offended,1,1383
sorowes,1,1384
entrailes,1,1385
auaricious,1,1386
furious,1,1387
refraine,1,1388
a-weary,1,1389
thousands,1,1390
baboones,1,1391
victorie,1,1392
dis-heartens,1,1393
far,1,1394
shakespeare,1,1395
turnes,1,1396
erre,1,1397
sceptred,1,1398
plenteous,1,1399
vnattended,1,1400
drenched,1,1401
gold-bound-brow,1,1402
cam'st,1,1403
matters,1,1404
ceremony,1,1405
vertues,1,1406
boasting,1,1407
hye,1,1408
whereto,1,1409
crauing,1,1410
actions,1,1411
scarse,1,1412
bough,1,1413
mid'st,1,1414
weighes,1,1415
buffets,1,1416
maleuolence,1,1417
clatter,1,1418
sleepes,1,1419
ripe,1,1420
balles,1,1421
slaughter,1,1422
iewell,1,1423
a-foot,1,1424
seeling,1,1425
supply'd,1,1426
bounty,1,1427
runnes,1,1428
tels,1,1429
addrest,1,1430
midnight,1,1431
aught,1,1432
transpose,1,1433
twixt,1,1434
smeare,1,1435
shape,1,1436
baby-brow,1,1437
blasted,1,1438
verities,1,1439
hoter,1,1440
nourisher,1,1441
blood-bolter'd,1,1442
heereafter,1,1443
gon,1,1444
nice,1,1445
west,1,1446
fee-griefe,1,1447
memorie,1,1448
gaze,1,1449
dresse,1,1450
confident,1,1451
spoyles,1,1452
vice,1,1453
oppos'd,1,1454
apart,1,1455
empty,1,1456
voyces,1,1457
gouerne,1,1458
finding,1,1459
notion,1,1460
trauailing,1,1461
hurts,1,1462
patch,1,1463
hardly,1,1464
curtain'd,1,1465
wayting,1,1466
embrace,1,1467
skie,1,1468
ratifie,1,1469
needed,1,1470
visitings,1,1471
houer,1,1472
hoarse,1,1473
wherein,1,1474
safest,1,1475
whereby,1,1476
salutation,1,1477
deceitfull,1,1478
therein,1,1479
neptunes,1,1480
reioycing,1,1481
parted,1,1482
lyar,1,1483
hounds,1,1484
whin'd,1,1485
pyes,1,1486
affaires,1,1487
contending,1,1488
iouiall,1,1489
gray-malkin,1,1490
ouer-credulous,1,1491
brinded,1,1492
macdonwald,1,1493
appeare,1,1494
action,1,1495
proue,1,1496
kindly,1,1497
taints,1,1498
purposes,1,1499
taught,1,1500
monsters,1,1501
benyson,1,1502
shaking,1,1503
direst,1,1504
quiet,1,1505
pleasant,1,1506
vaulting,1,1507
vnguarded,1,1508
sheath,1,1509
entry,1,1510
enrages,1,1511
mark,1,1512
read,1,1513
braggart,1,1514
banquoh,1,1515
howl'd,1,1516
dasht,1,1517
smell,1,1518
momentary,1,1519
south,1,1520
seas,1,1521
oftentimes,1,1522
balme,1,1523
apace,1,1524
mercilesse,1,1525
intermission,1,1526
afterwards,1,1527
starting,1,1528
traueller,1,1529
ideot,1,1530
dame,1,1531
trembling,1,1532
councell,1,1533
buttrice,1,1534
iocund,1,1535
lilly-liuer'd,1,1536
countreyes,1,1537
diamond,1,1538
heire,1,1539
vntitled,1,1540
deny't,1,1541
fiends,1,1542
giants,1,1543
valours,1,1544
wherewith,1,1545
lime,1,1546
pilots,1,1547
modest,1,1548
vices,1,1549
harbingers,1,1550
disguising,1,1551
noone,1,1552
vpward,1,1553
sutes,1,1554
pull't,1,1555
norwayes,1,1556
ornament,1,1557
listen,1,1558
quarrels,1,1559
imaginings,1,1560
youths,1,1561
glory,1,1562
anger'd,1,1563
geese,1,1564
performances,1,1565
villanies,1,1566
sleepers,1,1567
self-abuse,1,1568
vnwip'd,1,1569
murtherous,1,1570
smoake,1,1571
gap,1,1572
dis-eate,1,1573
caesar,1,1574
traytor,1,1575
treade,1,1576
worne,1,1577
wholsome,1,1578
fayl'd,1,1579
vnwelcom,1,1580
request,1,1581
conclude,1,1582
nobles,1,1583
bell-man,1,1584
paralell,1,1585
venture,1,1586
lyars,1,1587
whereon,1,1588
beare-like,1,1589
deeper,1,1590
fil'd,1,1591
horrors,1,1592
chambers,1,1593
genius,1,1594
lead,1,1595
monuments,1,1596
inuisible,1,1597
building,1,1598
written,1,1599
med'cines,1,1600
chawdron,1,1601
retreat,1,1602
hanging,1,1603
consort,1,1604
seale,1,1605
digestion,1,1606
accust,1,1607
ayre-drawne-dagger,1,1608
vnfelt,1,1609
cut-throats,1,1610
lac'd,1,1611
howle's,1,1612
paine,1,1613
sirra,1,1614
pall,1,1615
peerelesse,1,1616
snow,1,1617
transported,1,1618
breech'd,1,1619
alike,1,1620
thou'rt,1,1621
rubbes,1,1622
rue,1,1623
wiues,1,1624
baited,1,1625
sticke,1,1626
pernicious,1,1627
twice,1,1628
birnan,1,1629
ript,1,1630
scap'd,1,1631
wayle,1,1632
pride,1,1633
top-full,1,1634
shakes,1,1635
maides,1,1636
deseruers,1,1637
shee'le,1,1638
clamor,1,1639
ocean,1,1640
powr'd,1,1641
hemlocke,1,1642
lated,1,1643
noblenesse,1,1644
ouercome,1,1645
establish,1,1646
cures,1,1647
nought,1,1648
hare,1,1649
stuck,1,1650
disdayning,1,1651
soldiours,1,1652
source,1,1653
trenched,1,1654
liars,1,1655
charme's,1,1656
mouing,1,1657
plentie,1,1658
fulnesse,1,1659
youth,1,1660
store-house,1,1661
deedes,1,1662
buy,1,1663
vnder-writ,1,1664
beest,1,1665
detraction,1,1666
older,1,1667
vnderstand,1,1668
mercy,1,1669
diuellish,1,1670
flowers,1,1671
topple,1,1672
offrings,1,1673
harts,1,1674
betray,1,1675
minds,1,1676
tumble,1,1677
short,1,1678
rush,1,1679
grewell,1,1680
vtterance,1,1681
alter,1,1682
coppie's,1,1683
secret'st,1,1684
gorgon,1,1685
disasters,1,1686
mouth-honor,1,1687
oracles,1,1688
pictures,1,1689
fresh,1,1690
begger'd,1,1691
fiffe,1,1692
counterfeit,1,1693
slipt,1,1694
liue-long,1,1695
farmer,1,1696
stealthy,1,1697
loosest,1,1698
descend,1,1699
blinde-wormes,1,1700
accents,1,1701
conceiue,1,1702
trecherie,1,1703
wrencht,1,1704
glosse,1,1705
pricking,1,1706
insane,1,1707
staues,1,1708
heauenly,1,1709
smiling,1,1710
wooingly,1,1711
dunsmane,1,1712
speaking,1,1713
diuine,1,1714
repeat'st,1,1715
thinkes,1,1716
surpriz'd,1,1717
infirme,1,1718
yesterday,1,1719
scarcely,1,1720
kindnesse,1,1721
scales,1,1722
perfumes,1,1723
curbing,1,1724
churches,1,1725
digg'd,1,1726
thereto,1,1727
riddles,1,1728
accounted,1,1729
desert,1,1730
recompence,1,1731
iumpe,1,1732
saylors,1,1733
westerne,1,1734
back,1,1735
damnation,1,1736
minion,1,1737
legges,1,1738
father'd,1,1739
sorryest,1,1740
caru'd,1,1741
vndaunted,1,1742
allegeance,1,1743
mouthes,1,1744
homely,1,1745
appoint,1,1746
barlet,1,1747
yoake,1,1748
primrose,1,1749
vnaccompanied,1,1750
reconcile,1,1751
except,1,1752
apply,1,1753
goodly,1,1754
blunt,1,1755
goose,1,1756
bloodier,1,1757
implor'd,1,1758
curriors,1,1759
vpbraid,1,1760
fayle,1,1761
reconcil'd,1,1762
impostors,1,1763
heat,1,1764
crownes,1,1765
scepter,1,1766
vertue,1,1767
society,1,1768
bestowes,1,1769
sweaten,1,1770
nest,1,1771
angry,1,1772
cow'd,1,1773
darefull,1,1774
transport,1,1775
marrowlesse,1,1776
ouer-charg'd,1,1777
night-shrieke,1,1778
stoole,1,1779
benediction,1,1780
bury,1,1781
naue,1,1782
lamentings,1,1783
armed,1,1784
worthyest,1,1785
euill,1,1786
fauor,1,1787
nipple,1,1788
guise,1,1789
mock'ry,1,1790
touch'd,1,1791
presently,1,1792
choughes,1,1793
flawes,1,1794
haruest,1,1795
mistris,1,1796
guide,1,1797
mew'd,1,1798
houses,1,1799
puts,1,1800
latch,1,1801
russian,1,1802
memory,1,1803
alarme,1,1804
cheapely,1,1805
probation,1,1806
germaine,1,1807
wrackt,1,1808
worthie,1,1809
witnest,1,1810
colmes,1,1811
same,1,1812
furbusht,1,1813
desires,1,1814
take't,1,1815
pyramids,1,1816
rooted,1,1817
rough,1,1818
senses,1,1819
daintie,1,1820
multiplying,1,1821
teemes,1,1822
euen-handed,1,1823
ope,1,1824
especially,1,1825
vniuersall,1,1826
bonfire,1,1827
incarnardine,1,1828
sanctity,1,1829
siedge,1,1830
wisely,1,1831
hat,1,1832
thou'dst,1,1833
hircan,1,1834
slumbry,1,1835
duff,1,1836
augment,1,1837
posterity,1,1838
want,1,1839
beguile,1,1840
faith-breach,1,1841
handle,1,1842
return'd,1,1843
scowre,1,1844
ioyne,1,1845
marshall'st,1,1846
spightfull,1,1847
seyw,1,1848
indeede,1,1849
conuey,1,1850
statute,1,1851
returning,1,1852
vile,1,1853
accustom'd,1,1854
wishest,1,1855
payment,1,1856
rowze,1,1857
try,1,1858
affliction,1,1859
sayle,1,1860
rayne,1,1861
consider'd,1,1862
esteem'st,1,1863
cracke,1,1864
speed,1,1865
prospect,1,1866
golgotha,1,1867
thou'lt,1,1868
measur'd,1,1869
hangmans,1,1870
assistance,1,1871
hay,1,1872
happinesse,1,1873
obseru'd,1,1874
largesse,1,1875
farther,1,1876
motiues,1,1877
greyhounds,1,1878
destroying,1,1879
vision,1,1880
birth,1,1881
cream-fac'd,1,1882
prouoke,1,1883
vlcerous,1,1884
thereby,1,1885
supplyes,1,1886
farrow,1,1887
strangles,1,1888
fitnesse,1,1889
laide,1,1890
cloyster'd,1,1891
valued,1,1892
holp,1,1893
walls,1,1894
dyed,1,1895
sounded,1,1896
bestride,1,1897
bellona's,1,1898
doubly,1,1899
tuesday,1,1900
mend,1,1901
vnkindnesse,1,1902
rebels,1,1903
tables,1,1904
got'st,1,1905
frankly,1,1906
o're-fraught,1,1907
summer-seeming,1,1908
natio[n,1,1909
agitation,1,1910
inhabit,1,1911
healing,1,1912
fearefull,1,1913
signe,1,1914
damme,1,1915
eldest,1,1916
towring,1,1917
nose-painting,1,1918
assurance,1,1919
requited,1,1920
exploits,1,1921
disbursed,1,1922
torture,1,1923
thicke-comming,1,1924
dreyne,1,1925
hell-broth,1,1926
pleas't,1,1927
speaker,1,1928
table's,1,1929
deepely,1,1930
marre,1,1931
secrets,1,1932
orphans,1,1933
blowne,1,1934
displac'd,1,1935
nought's,1,1936
royaltie,1,1937
grapples,1,1938
quartus,1,1939
pale-hearted,1,1940
prate,1,1941
folde,1,1942
snares,1,1943
dwindle,1,1944
gummes,1,1945
waile,1,1946
flowne,1,1947
powres,1,1948
share,1,1949
rhinoceros,1,1950
mortalitie,1,1951
temple,1,1952
dread,1,1953
stretch,1,1954
on's,1,1955
tidings,1,1956
cozens,1,1957
glimmers,1,1958
sicke,1,1959
witchcraft,1,1960
swolne,1,1961
acts,1,1962
tune,1,1963
built,1,1964
brandisht,1,1965
player,1,1966
industrious,1,1967
prediction,1,1968
counsailers,1,1969
pot,1,1970
attyre,1,1971
distinguishes,1,1972
banquets,1,1973
admir'd,1,1974
renowne,1,1975
amazedly,1,1976
fourth,1,1977
troopes,1,1978
surgeons,1,1979
gulfe,1,1980
brightest,1,1981
anthonies,1,1982
compell'd,1,1983
emptying,1,1984
effect,1,1985
needs,1,1986
com'st,1,1987
demand,1,1988
where's,1,1989
safeties,1,1990
madam,1,1991
primus,1,1992
iutty,1,1993
challenge,1,1994
newer,1,1995
crime,1,1996
resolue,1,1997
watch'd,1,1998
infirmity,1,1999
score,1,2000
rookes,1,2001
hear'st,1,2002
deceiue,1,2003
sweepe,1,2004
accurs'd,1,2005
actuall,1,2006
wanton,1,2007
auouch,1,2008
candles,1,2009
champion,1,2010
proportion,1,2011
downfall,1,2012
gash,1,2013
shares,1,2014
nod,1,2015
crowned,1,2016
cherubin,1,2017
rellish,1,2018
brauely,1,2019
conuinces,1,2020
mansion,1,2021
frieze,1,2022
shrieks,1,2023
rauishing,1,2024
combustion,1,2025
fanne,1,2026
particulars,1,2027
banke,1,2028
equiuocate,1,2029
coueted,1,2030
accesse,1,2031
physicks,1,2032
newly,1,2033
confinelesse,1,2034
groue,1,2035
treacherous,1,2036
interest,1,2037
prophetique,1,2038
quite,1,2039
temp'rance,1,2040
knowings,1,2041
producing,1,2042
ghosts,1,2043
domestique,1,2044
bides,1,2045
resembled,1,2046
fits,1,2047
wrapt,1,2048
assisted,1,2049
interim,1,2050
roman,1,2051
minutely,1,2052
widdowes,1,2053
muse,1,2054
belt,1,2055
skipping,1,2056
approaches,1,2057
summer,1,2058
boue,1,2059
stake,1,2060
reuenges,1,2061
expence,1,2062
sucke,1,2063
epicures,1,2064
elues,1,2065
commencing,1,2066
volume,1,2067
do'st,1,2068
rebuk'd,1,2069
bee't,1,2070
wer't,1,2071
flong,1,2072
solemne,1,2073
beetle,1,2074
all-thing,1,2075
third,1,2076
whilest,1,2077
remedie,1,2078
solicites,1,2079
slaughterous,1,2080
shield,1,2081
warder,1,2082
parricide,1,2083
saue,1,2084
clayme,1,2085
lappe,1,2086
chamberlaines,1,2087
forgot,1,2088
assault,1,2089
spurne,1,2090
chuck,1,2091
hardie,1,2092
you'le,1,2093
quench'd,1,2094
pluckt,1,2095
howle,1,2096
cruelty,1,2097
humh,1,2098
grant,1,2099
slights,1,2100
ouertake,1,2101
booke,1,2102
intombe,1,2103
skreenes,1,2104
dire,1,2105
offend,1,2106
neer'st,1,2107
trifle,1,2108
hedge-pigge,1,2109
iugling,1,2110
pertaines,1,2111
capitall,1,2112
condemne,1,2113
malcome,1,2114
metled,1,2115
palpable,1,2116
wrongs,1,2117
clamor'd,1,2118
neerer,1,2119
wormes,1,2120
proud,1,2121
receyu'd,1,2122
tremble,1,2123
floate,1,2124
pearle,1,2125
byrnam,1,2126
sirrha,1,2127
addage,1,2128
master-peece,1,2129
durst,1,2130
gouts,1,2131
mercie,1,2132
ioyntly,1,2133
net,1,2134
mortified,1,2135
prisoner,1,2136
furie,1,2137
eight,1,2138
rid,1,2139
mungrels,1,2140
hors'd,1,2141
med'cine,1,2142
sole,1,2143
defect,1,2144
pluck,1,2145
occasion,1,2146
twould,1,2147
forke,1,2148
officers,1,2149
repetition,1,2150
doffe,1,2151
verity,1,2152
anger,1,2153
sighes,1,2154
vnsafe,1,2155
dyre,1,2156
swarme,1,2157
deuils,1,2158
euerlasting,1,2159
greefe,1,2160
assay,1,2161
twaine,1,2162
choppie,1,2163
shadowes,1,2164
sliuer'd,1,2165
boot,1,2166
weepes,1,2167
leuie,1,2168
fright,1,2169
sagge,1,2170
lyest,1,2171
cosine,1,2172
fact,1,2173
flyes,1,2174
seuen,1,2175
smacking,1,2176
tedious,1,2177
pristine,1,2178
botches,1,2179
vndon,1,2180
husband's,1,2181
bent,1,2182
liuer,1,2183
low,1,2184
concerne,1,2185
rancours,1,2186
blisters,1,2187
delights,1,2188
glare,1,2189
vnderstood,1,2190
expedition,1,2191
fry,1,2192
honour'd,1,2193
gentry,1,2194
vnsex,1,2195
eccho,1,2196
lou'd,1,2197
sweeter,1,2198
alack,1,2199
distresses,1,2200
hidden,1,2201
ill-composd,1,2202
chafes,1,2203
hose,1,2204
graine,1,2205
army,1,2206
clearenesse,1,2207
appalls,1,2208
bloodie,1,2209
proper,1,2210
artificiall,1,2211
added,1,2212
wren,1,2213
traines,1,2214
distill'd,1,2215
sweat,1,2216
weapons,1,2217
outward,1,2218
cloud,1,2219
hadst,1,2220
taint,1,2221
forge,1,2222
finis,1,2223
henceforth,1,2224
tayle,1,2225
sowre,1,2226
rage,1,2227
rebells,1,2228
contented,1,2229
twas,1,2230
pretend,1,2231
iudicious,1,2232
saint,1,2233
gently,1,2234
auant,1,2235
affection,1,2236
eagles,1,2237
thralles,1,2238
talk'st,1,2239
clamorous,1,2240
males,1,2241
rauin'd,1,2242
materiall,1,2243
breefe,1,2244
tye,1,2245
masterdome,1,2246
opinions,1,2247
walkt,1,2248
dreamt,1,2249
die,1,2250
caps,1,2251
swoope,1,2252
aduantage,1,2253
hoast,1,2254
amazement,1,2255
saide,1,2256
labor,1,2257
swiftest,1,2258
ouer-red,1,2259
cases,1,2260
aside,1,2261
loe,1,2262
vnmann'd,1,2263
practise,1,2264
conflict,1,2265
downey,1,2266
commanded,1,2267
integrity,1,2268
continually,1,2269
barke,1,2270
dishonors,1,2271
sainted-king,1,2272
sweltred,1,2273
tigers,1,2274
therewithall,1,2275
neerely,1,2276
fenny,1,2277
powers,1,2278
cesterne,1,2279
gos't,1,2280
incens'd,1,2281
drugge,1,2282
amend,1,2283
cleares,1,2284
missiues,1,2285
slaues,1,2286
swine,1,2287
dusty,1,2288
vulnerable,1,2289
race,1,2290
milkes,1,2291
homage,1,2292
throbs,1,2293
recorded,1,2294
vnder't,1,2295
buckle,1,2296
fiend-like,1,2297
skarfe,1,2298
hell-kite,1,2299
threescore,1,2300
companie,1,2301
appease,1,2302
bound,1,2303
letting,1,2304
weightie,1,2305
rarer,1,2306
restraine,1,2307
dues,1,2308
excite,1,2309
streakes,1,2310
witch,1,2311
firme-set,1,2312
bladed,1,2313
prepares,1,2314
pleade,1,2315
kind'st,1,2316
vnmannerly,1,2317
stone,1,2318
pretence,1,2319
yew,1,2320
o're-leape,1,2321
alwayes,1,2322
crueltie,1,2323
trafficke,1,2324
rubie,1,2325
vnsure,1,2326
souldiership,1,2327
lifes,1,2328
turke,1,2329
eyther,1,2330
ague,1,2331
peepe,1,2332
counsail'd,1,2333
birthdome,1,2334
length,1,2335
confirme,1,2336
taper,1,2337
waues,1,2338
tied,1,2339
meant,1,2340
tearmes,1,2341
pluckes,1,2342
prowesse,1,2343
abuse,1,2344
windes,1,2345
spy,1,2346
intemperance,1,2347
guift,1,2348
desart,1,2349
temple-haunting,1,2350
befor't,1,2351
yellow,1,2352
exasperate,1,2353
sodaine,1,2354
contriuer,1,2355
shard-borne,1,2356
edward,1,2357
trebble,1,2358
mould,1,2359
courst,1,2360
eighth,1,2361
confounds,1,2362
twelue,1,2363
committed,1,2364
greetes,1,2365
missing,1,2366
boadments,1,2367
scorch'd,1,2368
meete,1,2369
vnsanctified,1,2370
pronounc'd,1,2371
speciall,1,2372
vnprepar'd,1,2373
dispatch'd,1,2374
whore,1,2375
concluded,1,2376
rore,1,2377
raise,1,2378
damne,1,2379
brings,1,2380
proceeding,1,2381
points,1,2382
hunger,1,2383
rost,1,2384
drugg'd,1,2385
wrathfull,1,2386
say't,1,2387
envernes,1,2388
dudgeon,1,2389
vrine,1,2390
signes,1,2391
either,1,2392
kil'd,1,2393
fume,1,2394
blessings,1,2395
alreadie,1,2396
neutrall,1,2397
conuert,1,2398
tend,1,2399
mistrust,1,2400
ingratitude,1,2401
knees,1,2402
did'st,1,2403
vnprouokes,1,2404
guardian,1,2405
particular,1,2406
mankinde,1,2407
pleasures,1,2408
shooke,1,2409
apparition,1,2410
ioyes,1,2411
alarum'd,1,2412
swallow,1,2413
clos'd,1,2414
howlets,1,2415
blaspheme,1,2416
sewer,1,2417
forraine,1,2418
reports,1,2419
aske,1,2420
expire,1,2421
indure,1,2422
arabia,1,2423
vouch'd,1,2424
ynch,1,2425
wakes,1,2426
pure,1,2427
tyrrany,1,2428
professe,1,2429
stroake,1,2430
goose-looke,1,2431
deliuers,1,2432
legge,1,2433
solely,1,2434
crew,1,2435
marble,1,2436
initiate,1,2437
studied,1,2438
humble,1,2439
than,1,2440
cawdron,1,2441
learne,1,2442
vessell,1,2443
commands,1,2444
stept,1,2445
swimmers,1,2446
murky,1,2447
sinfull,1,2448
leauy,1,2449
king-becoming,1,2450
boundlesse,1,2451
flattering,1,2452
fitfull,1,2453
watchfull,1,2454
surmise,1,2455
wil,1,2456
hell-hound,1,2457
haires,1,2458
hatefull,1,2459
drowsie,1,2460
griefes,1,2461
bottome,1,2462
bleeds,1,2463
deadmans,1,2464
sharpe,1,2465
acting,1,2466
companions,1,2467
loued,1,2468
beds,1,2469
moe,1,2470
inuites,1,2471
morne,1,2472
backs,1,2473
assaileable,1,2474
stalls,1,2475
can'st,1,2476
sweetly,1,2477
quoth,1,2478
vntill,1,2479
sworne,1,2480
hurley-burley's,1,2481
think'st,1,2482
planted,1,2483
motion,1,2484
win,1,2485
seyt,1,2486
blanket,1,2487
metaphysicall,1,2488
sweno,1,2489
hackt,1,2490
vnshrinking,1,2491
th'hadst,1,2492
winters,1,2493
ore,1,2494
stablenesse,1,2495
carowsing,1,2496
shee'l,1,2497
scepters,1,2498
melted,1,2499
raze,1,2500
yesterdayes,1,2501
dogge,1,2502
rowse,1,2503
brandish'd,1,2504
crost,1,2505
reuolts,1,2506
pit,1,2507
washing,1,2508
conclusion,1,2509
temper,1,2510
fauors,1,2511
perform'd,1,2512
all-haile,1,2513
bake,1,2514
dull,1,2515
macduffes,1,2516
neither,1,2517
inne,1,2518
shriek'd,1,2519
letters,1,2520
grac'd,1,2521
sacrilegious,1,2522
trace,1,2523
chanc'd,1,2524
surgery,1,2525
fruitlesse,1,2526
liuing,1,2527
foolish,1,2528
minions,1,2529
vessels,1,2530
plague,1,2531
ruines,1,2532
newt,1,2533
barren,1,2534
frogge,1,2535
hatch'd,1,2536
matter,1,2537
poyson,1,2538
husbandry,1,2539
holds,1,2540
petty,1,2541
trifles,1,2542
prophesie,1,2543
streames,1,2544
speak,1,2545
cancell,1,2546
betray's,1,2547
niggard,1,2548
stampe,1,2549
truest,1,2550
coigne,1,2551
cozen,1,2552
delicate,1,2553
nobly,1,2554
iealousies,1,2555
iewels,1,2556
rumpe-fed,1,2557
i'faith,1,2558
pole,1,2559
delinquents,1,2560
absent,1,2561
intelligence,1,2562
swinish,1,2563
french,1,2564
compose,1,2565
stay'd,1,2566
twer,1,2567
quell,1,2568
forsworne,1,2569
vndeeded,1,2570
inuenter,1,2571
striding,1,2572
reported,1,2573
loone,1,2574
resolu'd,1,2575
olde,1,2576
benefit,1,2577
tempest-tost,1,2578
ditch,1,2579
foysons,1,2580
whisp'rings,1,2581
buriall,1,2582
profound,1,2583
suggestion,1,2584
forc'd,1,2585
vsually,1,2586
feeling,1,2587
trumpet,1,2588
argument,1,2589
purueyor,1,2590
taking,1,2591
thirst,1,2592
worlds,1,2593
saying,1,2594
smyling,1,2595
laudable,1,2596
gins,1,2597
ha,1,2598
dogges,1,2599
amends,1,2600
craue,1,2601
nearest,1,2602
vnity,1,2603
deigne,1,2604
childrens,1,2605
diminitiue,1,2606
men-children,1,2607
bane,1,2608
memorize,1,2609
skirre,1,2610
card,1,2611
fairies,1,2612
slippes,1,2613
disposition,1,2614
also,1,2615
king's,1,2616
hush,1,2617
thrusts,1,2618
murth'ring,1,2619
speculatiue,1,2620
hoodwinke,1,2621
brew'd,1,2622
scarsely,1,2623
lees,1,2624
flowt,1,2625
dew,1,2626
myraculous,1,2627
diuers,1,2628
restlesse,1,2629
royalty,1,2630
retyre,1,2631
taste,1,2632
egge,1,2633
to'th,1,2634
voyce,1,2635
confessing,1,2636
smells,1,2637
angerly,1,2638
playd'st,1,2639
down,1,2640
dying,1,2641
harrold,1,2642
prouided,1,2643
audit,1,2644
croakes,1,2645
reflection,1,2646
spungie,1,2647
call'st,1,2648
pratler,1,2649
heauiest,1,2650
cyme,1,2651
lands,1,2652
steps,1,2653
blames,1,2654
ermites,1,2655
butcher,1,2656
coniure,1,2657
heat-oppressed,1,2658
possesse,1,2659
approue,1,2660
spaniels,1,2661
flame,1,2662
ship-mans,1,2663
earthly,1,2664
rises,1,2665
exil'd,1,2666
surueying,1,2667
multitudinous,1,2668
killing,1,2669
breach,1,2670
diuision,1,2671
spacious,1,2672
ly'st,1,2673
bare-fac'd,1,2674
thriftlesse,1,2675
in't,1,2676
resolution,1,2677
lyne,1,2678
gibbet,1,2679
mummey,1,2680
homeward,1,2681
vnlesse,1,2682
repent,1,2683
childhood,1,2684
subborned,1,2685
abound,1,2686
obserue,1,2687
fountaine,1,2688
crying,1,2689
purg'd,1,2690
abhorred,1,2691
learn'd,1,2692
trifled,1,2693
ribbes,1,2694
prophet-like,1,2695
prophecying,1,2696
painting,1,2697
shipwracking,1,2698
compast,1,2699
gore,1,2700
cradle,1,2701
payes,1,2702
sick,1,2703
augures,1,2704
watchers,1,2705
sinells,1,2706
satisfie,1,2707
threatens,1,2708
enrage,1,2709
falles,1,2710
intrenchant,1,2711
interdiction,1,2712
security,1,2713
sleeke,1,2714
professes,1,2715
reseru'd,1,2716
weares,1,2717
create,1,2718
drunk,1,2719
swelling,1,2720
later,1,2721
rung,1,2722
societie,1,2723
disorder,1,2724
resounds,1,2725
lent,1,2726
sauage,1,2727
father-lesse,1,2728
dwarfish,1,2729
more-hauing,1,2730
worme,1,2731
affaire,1,2732
corne,1,2733
voluptuousnesse,1,2734
herein,1,2735
boughes,1,2736
i'the,1,2737
yesty,1,2738
force,1,2739
gospell'd,1,2740
obliuious,1,2741
lizards,1,2742
possets,1,2743
assassination,1,2744
thould'st,1,2745
compunctious,1,2746
don,1,2747
warders,1,2748
white,1,2749
cheefest,1,2750
cooz,1,2751
goary,1,2752
gash'd,1,2753
iew,1,2754
abiure,1,2755
raine,1,2756
next,1,2757
sell,1,2758
perceiue,1,2759
turn'd,1,2760
turning,1,2761
brows,1,2762
sake,1,2763
yell'd,1,2764
demy-wolues,1,2765
suspition,1,2766
dedicate,1,2767
forme,1,2768
lease,1,2769
images,1,2770
roughest,1,2771
scoena,1,2772
giuing,1,2773
belzebub,1,2774
quarrell,1,2775
heap'd,1,2776
bridegroome,1,2777
banish'd,1,2778
preserue,1,2779
oddes,1,2780
chimneys,1,2781
burnt,1,2782
gaines,1,2783
construction,1,2784
brag,1,2785
dismisse,1,2786
th'art,1,2787
harnesse,1,2788
fairest,1,2789
dishes,1,2790
viewing,1,2791
returnes,1,2792
tydings,1,2793
potent,1,2794
sorts,1,2795
moderne,1,2796
gouern,1,2797
harpier,1,2798
ouerthrowne,1,2799
sad,1,2800
treatise,1,2801
foggy,1,2802
remaine,1,2803
gladly,1,2804
countrey,1,2805
neu'r,1,2806
pieces,1,2807
struts,1,2808
choake,1,2809
wee'ld,1,2810
aleppo,1,2811
padock,1,2812
nimbly,1,2813
craues,1,2814
sensible,1,2815
vnseam'd,1,2816
honor'd,1,2817
candle,1,2818
diseas'd,1,2819
sense,1,2820
groanes,1,2821
red,1,2822
cosins,1,2823
visited,1,2824
linnen,1,2825
afeard,1,2826
selfe-comparisons,1,2827
conduct,1,2828
poorely,1,2829
closset,1,2830
stealing,1,2831
subtle,1,2832
neckes,1,2833
conuince,1,2834
trumpet-tongu'd,1,2835
thoght,1,2836
redoubled,1,2837
filling,1,2838
skinne,1,2839
knits,1,2840
beneath,1,2841
enfold,1,2842
desir'd,1,2843
sets,1,2844
ports,1,2845
tarrying,1,2846
market,1,2847
luxurious,1,2848
dispise,1,2849
birth-strangled,1,2850
star'd,1,2851
know't,1,2852
quarter,1,2853
held,1,2854
aduance,1,2855
whetstone,1,2856
appeares,1,2857
bounteous,1,2858
out-run,1,2859
flighty,1,2860
browes,1,2861
talke,1,2862
serious,1,2863
neerest,1,2864
peeres,1,2865
goate,1,2866
basis,1,2867
badg'd,1,2868
quarters,1,2869
scand,1,2870
malady,1,2871
in's,1,2872
discharge,1,2873
blaspheming,1,2874
prepar'd,1,2875
hyr'd,1,2876
craz'd,1,2877
performance,1,2878
parley,1,2879
vnfortunate,1,2880
stickes,1,2881
rubs,1,2882
stout,1,2883
daughters,1,2884
teeth,1,2885
mistresse,1,2886
knots,1,2887
captiuitie,1,2888
soldier,1,2889
clipt,1,2890
sauagely,1,2891
arbitrate,1,2892
staffe,1,2893
lowd,1,2894
respect,1,2895
inclinde,1,2896
guesse,1,2897
sweare,1,2898
maruell'st,1,2899
senit,1,2900
augure,1,2901
stole,1,2902
seauenth,1,2903
lid,1,2904
rides,1,2905
alowd,1,2906
skinnie,1,2907
should'st,1,2908
doores,1,2909
wofull,1,2910
wrath,1,2911
siluer,1,2912
falne,1,2913
all-hail'd,1,2914
fix'd,1,2915
ouer,1,2916
inform'd,1,2917
colour,1,2918
might'st,1,2919
vnruly,1,2920
ayd,1,2921
dismay'd,1,2922
eminence,1,2923
interprete,1,2924
growing,1,2925
inuest,1,2926
acquaint,1,2927
entreat,1,2928
mortals,1,2929
scape,1,2930
commends,1,2931
cracks,1,2932
snores,1,2933
deerest,1,2934
legions,1,2935
comforted,1,2936
appall,1,2937
house-keeper,1,2938
knoll'd,1,2939
kytes,1,2940
lapt,1,2941
accompany,1,2942
where-about,1,2943
silenc'd,1,2944
knit,1,2945
smack,1,2946
constrained,1,2947
blown,1,2948
constancie,1,2949
professions,1,2950
broyle,1,2951
vap'rous,1,2952
nauigation,1,2953
solliciting,1,2954
o're-tooke,1,2955
composition,1,2956
lo,1,2957
brests,1,2958
company,1,2959
eterne,1,2960
chickens,1,2961
rich,1,2962
labors,1,2963
ro,1,2964
hangs,1,2965
anoynted,1,2966
bruited,1,2967
faine,1,2968
treasonous,1,2969
byth,1,2970
illnesse,1,2971
pledge,1,2972
vanquish'd,1,2973
scorpions,1,2974
deepest,1,2975
rumor,1,2976
name's,1,2977
countryman,1,2978
aye,1,2979
concord,1,2980
pallaces,1,2981
pitfall,1,2982
poysond,1,2983
theame,1,2984
mothers,1,2985
centinell,1,2986
yawning,1,2987
salt,1,2988
rumour,1,2989
instrument,1,2990
growne,1,2991
schreemes,1,2992
stooles,1,2993
inchanting,1,2994
iourney,1,2995
swear,1,2996
gift,1,2997
grafted,1,2998
rookie,1,2999
buried,1,3000
hags,1,3001
tarquins,1,3002
plucke,1,3003
leauing,1,3004
bend,1,3005
among,1,3006
referr'd,1,3007
enterprize,1,3008
foundations,1,3009
dolour,1,3010
perfect'st,1,3011
battell,1,3012
laying,1,3013
filthy,1,3014
hah,1,3015
fac'd,1,3016
plight,1,3017
crow,1,3018
places,1,3019
destinie,1,3020
reignes,1,3021
cock,1,3022
m,1,3023
adders,1,3024
gallopping,1,3025
seeking,1,3026
registred,1,3027
armour,1,3028
tending,1,3029
seemeth,1,3030
fauour,1,3031
carried,1,3032
wonders,1,3033
ronyon,1,3034
redresse,1,3035
runs,1,3036
recommends,1,3037
and't,1,3038
inuested,1,3039
manner,1,3040
recklesse,1,3041
swells,1,3042
meale,1,3043
dignity,1,3044
ginne,1,3045
prey's,1,3046
inuention,1,3047
ore-leapes,1,3048
mischance,1,3049
acted,1,3050
earles,1,3051
arriu'd,1,3052
rawnesse,1,3053
doomes,1,3054
chops,1,3055
shade,1,3056
seu'nights,1,3057
countenance,1,3058
clowdy,1,3059
eye-bals,1,3060
fye,1,3061
spels,1,3062
dispute,1,3063
vnruffe,1,3064
disloyall,1,3065
plenty,1,3066
carelesse,1,3067
syue,1,3068
relation,1,3069
portable,1,3070
dames,1,3071
sorely,1,3072
aid,1,3073
beldams,1,3074
grandam,1,3075
drab,1,3076
auouches,1,3077
personall,1,3078
sigh,1,3079
cleanse,1,3080
confronted,1,3081
distemper'd,1,3082
womanly,1,3083
compar'd,1,3084
monkie,1,3085
rightly,1,3086
familiar,1,3087
heark,1,3088
magicke,1,3089
proofe,1,3090
rabbles,1,3091
franchis'd,1,3092
whispers,1,3093
hurt,1,3094
stolne,1,3095
mowsing,1,3096
procreant,1,3097
prou'd,1,3098
reades,1,3099
bestow'd,1,3100
lampe,1,3101
blowes,1,3102
sparrowes,1,3103
maw,1,3104
vnreall,1,3105
beauteous,1,3106
womb,1,3107
wisdome,1,3108
cabin'd,1,3109
seest,1,3110
fed,1,3111
fogge,1,3112
readinesse,1,3113
sting,1,3114
accompt,1,3115
layes,1,3116
blast,1,3117
hunter,1,3118
pent-house,1,3119
commendations,1,3120
compt,1,3121
limitted,1,3122
guild,1,3123
labour'd,1,3124
remembrancer,1,3125
hole,1,3126
new-borne-babe,1,3127
miserable,1,3128
corner,1,3129
bidding,1,3130
vnbattered,1,3131
sought,1,3132
curses,1,3133
pendant,1,3134
impediments,1,3135
descended,1,3136
denies,1,3137
commission,1,3138
bonelesse,1,3139
god-eyld,1,3140
doome,1,3141
ecclipse,1,3142
drawne,1,3143
blanch'd,1,3144
crib'd,1,3145
stayes,1,3146
rendred,1,3147
shot,1,3148
predominant,1,3149
night-gown,1,3150
censures,1,3151
suffering,1,3152
sweares,1,3153
posters,1,3154
chastise,1,3155
hall,1,3156
roof'd,1,3157
wade,1,3158
few,1,3159
feuorous,1,3160
tertius,1,3161
combin'd,1,3162
decision,1,3163
founded,1,3164
foe,1,3165
deuotion,1,3166
sweeten,1,3167
speculation,1,3168
demerits,1,3169
imperfect,1,3170
steales,1,3171
authoriz'd,1,3172
batter'd,1,3173
paper,1,3174
quintus,1,3175
receyue,1,3176
colmekill,1,3177
letter,1,3178
silent,1,3179
lowlinesse,1,3180
graunt,1,3181
directly,1,3182
freely,1,3183
faithfull,1,3184
warranted,1,3185
conspirers,1,3186
remorse,1,3187
kind,1,3188
greeting,1,3189
wassell,1,3190
lay'd,1,3191
whay-face,1,3192
chestnuts,1,3193
dance,1,3194
purgatiue,1,3195
crests,1,3196
vault,1,3197
predominance,1,3198
faulcon,1,3199
thumbes,1,3200
dragon,1,3201
nose,1,3202
mansonry,1,3203
il'd,1,3204
treachery,1,3205
consequences,1,3206
harp'd,1,3207
beleeu'd,1,3208
function,1,3209
charnell,1,3210
vntye,1,3211
baby,1,3212
madnesse,1,3213
smother'd,1,3214
humbly,1,3215
two-fold,1,3216
creepes,1,3217
catalogue,1,3218
consider,1,3219
ouer-bold,1,3220
enkindle,1,3221
drowse,1,3222
binde,1,3223
shewes,1,3224
acheron,1,3225
cousins,1,3226
poyson'd,1,3227
wrongly,1,3228
gripe,1,3229
bill,1,3230
weeds,1,3231
ditch-deliuer'd,1,3232
christendome,1,3233
behinde,1,3234
bathe,1,3235
deafe,1,3236
supernaturall,1,3237
fires,1,3238
designe,1,3239
vnlineall,1,3240
sence,1,3241
confin'd,1,3242
adhere,1,3243
felt,1,3244
bubbles,1,3245
rubarb,1,3246
degrees,1,3247
kingdome,1,3248
satisfied,1,3249
theft,1,3250
wip'd,1,3251
exposure,1,3252
conference,1,3253
malcolmes,1,3254
steep'd,1,3255
wooll,1,3256
brother,1,3257
hagges,1,3258
auoid,1,3259
thirty,1,3260
altogether,1,3261
seru'd,1,3262
writes,1,3263
pernitious,1,3264
instructions,1,3265
may't,1,3266
auoyded,1,3267
hew,1,3268
deuoure,1,3269
garments,1,3270
partner's,1,3271
sacred,1,3272
equiuocates,1,3273
slaughter'd,1,3274
euent,1,3275
clogges,1,3276
matrons,1,3277
crown,1,3278
proceed,1,3279
feasts,1,3280
discouery,1,3281
ranke,1,3282
drest,1,3283
thicke,1,3284
stormes,1,3285
schreame,1,3286
call's,1,3287
quickely,1,3288
dangerous,1,3289
perturbation,1,3290
briefely,1,3291
temp'rate,1,3292
approches,1,3293
cease,1,3294
vniust,1,3295
hayl'd,1,3296
direfull,1,3297
watching,1,3298
calling,1,3299
easier,1,3300
thumbe,1,3301
ayme,1,3302
fear'd,1,3303
interpret,1,3304
ore-beare,1,3305
pester'd,1,3306
direnesse,1,3307
willing,1,3308
heauily,1,3309
masking,1,3310
relations,1,3311
listning,1,3312
soundly,1,3313
murderers,1,3314
fortifies,1,3315
profit,1,3316
napkins,1,3317
feat,1,3318
make's,1,3319
feuer,1,3320
future,1,3321
space,1,3322
threat,1,3323
wealth,1,3324
chid,1,3325
signifying,1,3326
moones,1,3327
greaze,1,3328
happyer,1,3329
reeking,1,3330
fools,1,3331
trumpets,1,3332
cannons,1,3333
surprize,1,3334
tugg'd,1,3335
winke,1,3336
leade,1,3337
vprore,1,3338
kalender,1,3339
write,1,3340
know'st,1,3341
quit,1,3342
kniues,1,3343
faint,1,3344
vppon,1,3345
account,1,3346
vsing,1,3347
saluted,1,3348
rule,1,3349
thickens,1,3350
murderer,1,3351
showghes,1,3352
outwardly,1,3353
hideous,1,3354
masters,1,3355
beast,1,3356
shaft,1,3357
hearers,1,3358
repentance,1,3359
meeke,1,3360
malicious,1,3361
toyes,1,3362
mischiefe,1,3363
starts,1,3364
euents,1,3365
gin,1,3366
equiuocation,1,3367
vnbecomming,1,3368
father's,1,3369
vnusuall,1,3370
seated,1,3371
distracted,1,3372
hisse,1,3373
depart,1,3374
speaks,1,3375
secundus,1,3376
master's,1,3377
trammell,1,3378
borrowed,1,3379
say'st,1,3380
loades,1,3381
dollars,1,3382
olden,1,3383
reasons,1,3384
graspe,1,3385
deale,1,3386
faculties,1,3387
mettle,1,3388
confus'd,1,3389
perswades,1,3390
pittied,1,3391
fairer,1,3392
agent,1,3393
laue,1,3394
shagge-ear'd,1,3395
nie,1,3396
soris,1,3397
monstrous,1,3398
gentlewoman,1,3399
blessed,1,3400
theefe,1,3401
creation,1,3402
speakes,1,3403
climbe,1,3404
aright,1,3405
vnlocke,1,3406
curres,1,3407
happily,1,3408
drunke,1,3409
herbenger,1,3410
perseuerance,1,3411
annoyance,1,3412
feede,1,3413
surcease,1,3414
illusion,1,3415
open'd,1,3416
extend,1,3417
thunders,1,3418
waite,1,3419
prologues,1,3420
deuill-porter,1,3421
celebrates,1,3422
tartars,1,3423
dauntlesse,1,3424
captaine,1,3425
safely,1,3426
pawser,1,3427
discerne,1,3428
dunnest,1,3429
flesh,1,3430
sowes,1,3431
robe,1,3432
impeides,1,3433
haste,1,3434
youl'd,1,3435
summers,1,3436
bath,1,3437
knockes,1,3438
deadly,1,3439
physitian,1,3440
warrant,1,3441
braine-sickly,1,3442
ayde,1,3443
nerues,1,3444
age,1,3445
casing,1,3446
oppose,1,3447
oftner,1,3448
flying,1,3449
bids,1,3450
droope,1,3451
syw,1,3452
isles,1,3453
obscure,1,3454
rocke,1,3455
slope,1,3456
northumberland,1,3457
water-rugs,1,3458
endure,1,3459
wayward,1,3460
vsurpers,1,3461
toad,1,3462
bow'd,1,3463
drops,1,3464
resolute,1,3465
intent,1,3466
run,1,3467
vnfold,1,3468
wastfull,1,3469
fortitude,1,3470
succeede,1,3471
piece,1,3472
reckon,1,3473
marres,1,3474
amisse,1,3475
dignities,1,3476
vnmake,1,3477
deaftly,1,3478
peale,1,3479
continued,1,3480
where-euer,1,3481
predecessors,1,3482
contradict,1,3483
sleeue,1,3484
lymbeck,1,3485
anticipat'st,1,3486
non-pareill,1,3487
earth-bound,1,3488
inhabitants,1,3489
rankes,1,3490
clowd,1,3491
sun,1,3492
step,1,3493
frame,1,3494
stabs,1,3495
good-night,1,3496
lauish,1,3497
vndivulg'd,1,3498
stern'st,1,3499
settled,1,3500
sharke,1,3501
william,1,3502
old-age,1,3503
bore,1,3504
loyaltie,1,3505
serieant,1,3506
lyst,1,3507
crickets,1,3508
prouoker,1,3509
dwell,1,3510
ran,1,3511
rauel'd,1,3512
afternoone,1,3513
smoak'd,1,3514
struck,1,3515
safetie,1,3516
dis-ioynt,1,3517
forget,1,3518
speakers,1,3519
hawkt,1,3520
mated,1,3521
strooke,1,3522
challice,1,3523
screw,1,3524
toile,1,3525
naught,1,3526
effects,1,3527
girle,1,3528
measurelesse,1,3529
gallowgrosses,1,3530
check,1,3531
fillet,1,3532
titles,1,3533
powrefull,1,3534
borrower,1,3535
bare,1,3536
hearty,1,3537
perillous,1,3538
spurres,1,3539
followes,1,3540
clutch,1,3541
mawes,1,3542
aroynt,1,3543
steed,1,3544
agents,1,3545
frailties,1,3546
dogs,1,3547
informes,1,3548
battaile's,1,3549
treasure,1,3550
peake,1,3551
wisedom,1,3552
vnspeake,1,3553
east,1,3554
antique,1,3555
consent,1,3556
stanchlesse,1,3557
shed,1,3558
deaths,1,3559
desolate,1,3560
encounter,1,3561
fowly,1,3562
stufft,1,3563
seperated,1,3564
cool'd,1,3565
drie,1,3566
captaines,1,3567
rent,1,3568
guests,1,3569
approch,1,3570
lose,1,3571
bear't,1,3572
backward,1,3573
antidote,1,3574
vnbend,1,3575
